"SKU","Description","Active","AssemblyAmount","AssemblyOption","AssemblyTime","BrandID","Category","DeliveryGroup","DiscountEligible","DisplayAvailability","FinancingEligible","FreightGroup","LocalDelivery","Model","MSRP","PowerType","ProductType","PromoName","QtyDanbury","QtyNewMilford","RebateEligible","RebateEndDate","RebateStartDate","RebateToCustomer","SaleEndDate","SalePrice","SaleStartDate","Series","SortOrder","SpecialFinancingEligible","SubCategory","System","Taxable","AllowBackorder","BuyOnlineEligible","MaximumOnLineQty","AvailabilityRequestEligible","ShippingEligible","ShippingRateType","ShipWeight","ShipLength","ShipWidth","ShipHeight","ShippingCarrierRule","ShippingRestriction","ShipsSeparately","WarrantyResidentialUse","WarrantyCommercialUse","WeightLb","WeightKg","Weight","WeightUnit","SpecLabel1","SpecValue1","SpecLabel2","SpecValue2","SpecLabel3","SpecValue3","SpecLabel4","SpecValue4","SpecLabel5","SpecValue5","SpecLabel6","SpecValue6","SpecLabel7","SpecValue7","SpecLabel8","SpecValue8","SpecLabel9","SpecValue9","SpecLabel10","SpecValue10","ImageURL","InventoryURL","ManualURL","ProductURL","Notes","P1","P2","P3","B1","B2","B3","B4","B5","B6","B7","B8","B9","B10","F1","F2","F3","F4","F5","F6","F7","F8","F9","F10"
"BC2600ICM","Billy Goat BC2600ICM Brushcutter","T","0","T","0","BILLYGOAT","Brushcutters","","F","T","F","","F","BC2600ICM","3899.99","","Equipment"," ","0","0","T","","","","","","","","4","F","Walk-Behind","","T","","F","","","","","","","","","","","","","","","","","","","","","","","","","","","","","","","","","","","","","","","","","https://www.westendpower.com/new-models/2026-billy-goat-series-outback-fixed-deck-bc2600icm-briggs-29381741b","","","","","","","","","","","","","","","","","","","","","","","",""
"BC2601HM","Billy Goat BC2601HM Brushcutter","T","0","T","0","BILLYGOAT","Brushcutters","","F","T","F","","F","BC2601HM","4199.99","","Equipment"," ","0","0","T","","","","","","","","5","F","Walk-Behind","","T","","F","","","","","","","","","","","","","","","","","","","","","","","","","","","","","","","","","","","","","","","","","https://www.westendpower.com/new-models/2026-billy-goat-bc26-series-outback-fixed-deck-bc2601hm-honda-29381745b","","","","","","","","","","","","","","","","","","","","","","","",""
"BC2600ICH","Billy Goat BC2600ICH Brushcutter","T","0","T","0","BILLYGOAT","Brushcutters","","F","T","F","","F","BC2600ICH","4899.99","","Equipment"," ","0","0","T","","","","","","","","6","F","Walk-Behind","","T","","F","","","","","","","","","","","","","","","","","","","","","","","","","","","","","","","","","","","","","","","","","https://www.westendpower.com/new-models/2026-billy-goat-series-outback-brushcutter-bc2600ich-29381756b","","","","","","","","","","","","","","","","","","","","","","","",""
"BC2601HH","Billy Goat BC2601HH Brushcutter","T","0","T","0","BILLYGOAT","Brushcutters","","F","T","F","","F","BC2601HH","5149.99","","Equipment"," ","0","0","T","","","","","","","","7","F","Walk-Behind","","T","","F","","","","","","","","","","","","","","","","","","","","","","","","","","","","","","","","","","","","","","","","","https://www.westendpower.com/new-models/2026-billy-goat-outback-brushcutter-bc2601hh-29381749b","","","","","","","","","","","","","","","","","","","","","","","",""
"BC2601HHC","Billy Goat BC2601HHC Brushcutter","T","0","T","0","BILLYGOAT","Brushcutters","","F","T","F","","F","BC2601HHC","5549.99","","Equipment"," ","0","0","T","","","","","","","","8","F","Walk-Behind","","T","","F","","","","","","","","","","","","","","","","","","","","","","","","","","","","","","","","","","","","","","","","","https://www.westendpower.com/new-models/2026-billy-goat-outback-brushcutter-bc2601hhc-honda-29381753b","","","","","","","","","","","","","","","","","","","","","","","",""
"BC2601HEBH","Billy Goat BC2601HEBH Brushcutter","T","0","T","0","BILLYGOAT","Brushcutters","","F","T","F","","F","BC2601HEBH","5549.99","","Equipment"," ","0","0","T","","","","","","","","9","F","Walk-Behind","","T","","F","","","","","","","","","","","","","","","","","","","","","","","","","","","","","","","","","","","","","","","","","https://www.westendpower.com/new-models/2026-billy-goat-series-outback-brushcutter-bc2601hebh-29381766b","","","","","","","","","","","","","","","","","","","","","","","",""
"KV601","Billy Goat KV601 Lawn Vacuum","T","0","T","0","BILLYGOAT","Vacuums","","F","T","F","","F","KV601","1489.99","","Equipment"," ","0","0","T","","","","","","","","12","F","Lawn Vacuums","","T","","F","","","","","","","","","","","","","","","","","","","","","","","","","","","","","","","","","","","","","","","","","https://www.westendpower.com/new-models/2026-billy-goat-kv-multi-surface-kv601-briggs-29381586b","","","","","","","","","","","","","","","","","","","","","","","",""
"KV601SP","Billy Goat KV601SP Lawn Vacuum","T","0","T","0","BILLYGOAT","Vacuums","","F","T","F","","F","KV601SP","1849.99","","Equipment"," ","0","0","T","","","","","","","","13","F","Lawn Vacuums","","T","","F","","","","","","","","","","","","","","","","","","","","","","","","","","","","","","","","","","","","","","","","","https://www.westendpower.com/new-models/2026-billy-goat-kv-multi-surface-kv601sp-briggs-29381587b","","","","","","","","","","","","","","","","","","","","","","","",""
"TKV601SP","Billy Goat TKV601SP Lawn Vacuum","T","0","T","0","BILLYGOAT","Vacuums","","F","T","F","","F","TKV601SP","2339.99","","Equipment"," ","0","0","T","","","","","","","","14","F","Lawn Vacuums","","T","","F","","","","","","","","","","","","","","","","","","","","","","","","","","","","","","","","","","","","","","","","","https://www.westendpower.com/new-models/2026-billy-goat-kv-multi-surface-tkv601sp-briggs-29381588b","","","","","","","","","","","","","","","","","","","","","","","",""
"MV601","Billy Goat MV601 Industrial Litter Vacuum","T","0","T","0","BILLYGOAT","Vacuums","","F","T","F","","F","MV601","2749.99","","Equipment"," ","0","0","T","","","","","","","","17","F","Litter Vacuums","","T","","F","","","","","","","","","","","","","","","","","","","","","","","","","","","","","","","","","","","","","","","","","https://www.westendpower.com/new-models/2026-billy-goat-mv-multi-surface-industrial-mv601-29381641b","","","","","","","","","","","","","","","","","","","","","","","",""
"MV601SP","Billy Goat MV601SP Industrial Litter Vacuum","T","0","T","0","BILLYGOAT","Vacuums","","F","T","F","","F","MV601SP","3149.99","","Equipment"," ","0","0","T","","","","","","","","18","F","Litter Vacuums","","T","","F","","","","","","","","","","","","","","","","","","","","","","","","","","","","","","","","","","","","","","","","","https://www.westendpower.com/new-models/2026-billy-goat-mv-multi-surface-industrial-mv601sp-29381642b","","","","","","","","","","","","","","","","","","","","","","","",""
"MV601SPE","Billy Goat MV601SPE Industrial Litter Vacuum","T","0","T","0","BILLYGOAT","Vacuums","","F","T","F","","F","MV601SPE","3624.99","","Equipment"," ","0","0","T","","","","","","","","19","F","Litter Vacuums","","T","","F","","","","","","","","","","","","","","","","","","","","","","","","","","","","","","","","","","","","","","","","","https://www.westendpower.com/new-models/2026-billy-goat-mv-multi-surface-industrial-mv601spe-briggs-29381645b","","","","","","","","","","","","","","","","","","","","","","","",""
"QV551H","Billy Goat QV551H Industrial Litter Vacuum","T","0","T","0","BILLYGOAT","Vacuums","","F","T","F","","F","QV551H","3389.99","","Equipment"," ","0","0","T","","","","","","","","20","F","Litter Vacuums","","T","","F","","","","","","","","","","","","","","","","","","","","","","","","","","","","","","","","","","","","","","","","","https://www.westendpower.com/new-models/2026-billy-goat-qv-quietvac-hard-surface-qv551h-honda-29381594b","","","","","","","","","","","","","","","","","","","","","","","",""
"QV550V","Billy Goat QV550V Industrial Litter Vacuum","T","0","T","0","BILLYGOAT","Vacuums","","F","T","F","","F","QV550V","3389.99","","Equipment"," ","0","0","T","","","","","","","","21","F","Litter Vacuums","","T","","F","","","","","","","","","","","","","","","","","","","","","","","","","","","","","","","","","","","","","","","","","","","","","","","","","","","","","","","","","","","","","","","","",""
"QV550HSP","Billy Goat QV550HSP Industrial Litter Vacuum","T","0","T","0","BILLYGOAT","Vacuums","","F","T","F","","F","QV550HSP","4389.99","","Equipment"," ","0","0","T","","","","","","","","22","F","Litter Vacuums","","T","","F","","","","","","","","","","","","","","","","","","","","","","","","","","","","","","","","","","","","","","","","","","","","","","","","","","","","","","","","","","","","","","","","",""
"QV551HSP","Billy Goat QV551HSP Industrial Litter Vacuum","T","0","T","0","BILLYGOAT","Vacuums","","F","T","F","","F","QV551HSP","4389.99","","Equipment"," ","0","0","T","","","","","","","","23","F","Litter Vacuums","","T","","F","","","","","","","","","","","","","","","","","","","","","","","","","","","","","","","","","","","","","","","","","https://www.westendpower.com/new-models/2026-billy-goat-qv-quietvac-hard-surface-qv551hsp-honda-29381596b","","","","","","","","","","","","","","","","","","","","","","","",""
"QV901HSP","Billy Goat QV901HSP Industrial Litter Vacuum","T","0","T","0","BILLYGOAT","Vacuums","","F","T","F","","F","QV901HSP","5124.99","","Equipment"," ","0","0","T","","","","","","","","24","F","Litter Vacuums","","T","","F","","","","","","","","","","","","","","","","","","","","","","","","","","","","","","","","","","","","","","","","","https://www.westendpower.com/new-models/2026-billy-goat-qv-quietvac-hard-surface-qv901hsp-honda-29381599b","","","","","","","","","","","","","","","","","","","","","","","",""
"DL1302H","Billy Goat DL1302H Debris Loader","T","0","T","0","BILLYGOAT","Debris Loaders","","F","T","F","","F","DL1302H","4074.99","","Equipment"," ","0","0","T","","","","","","","","27","F","Truck Loaders","","T","","F","","","","","","","","","","","","","","","","","","","","","","","","","","","","","","","","","","","","","","","","","https://www.westendpower.com/new-models/2026-billy-goat-dl1302h-29381734b","","","","","","","","","","","","","","","","","","","","","","","",""
"DL1402VE","Billy Goat DL1402VE Debris Loader","T","0","T","0","BILLYGOAT","Debris Loaders","","F","T","F","","F","DL1402VE","4574.99","","Equipment"," ","0","0","T","","","","","","","","28","F","Truck Loaders","","T","","F","","","","","","","","","","","","","","","","","","","","","","","","","","","","","","","","","","","","","","","","","https://www.westendpower.com/new-models/2026-billy-goat-dl1402ve-29381731b","","","","","","","","","","","","","","","","","","","","","","","",""
"DL1802V","Billy Goat DL1802V Debris Loader","T","0","T","0","BILLYGOAT","Debris Loaders","","F","T","F","","F","DL1802V","5199.99","","Equipment"," ","0","0","T","","","","","","","","29","F","Truck Loaders","","T","","F","","","","","","","","","","","","","","","","","","","","","","","","","","","","","","","","","","","","","","","","","https://www.westendpower.com/new-models/2026-billy-goat-dl1802v-29381729b","","","","","","","","","","","","","","","","","","","","","","","",""
"DL1802VE","Billy Goat DL1802VE Debris Loader","T","0","T","0","BILLYGOAT","Debris Loaders","","F","T","F","","F","DL1802VE","5599.99","","Equipment"," ","0","0","T","","","","","","","","30","F","Truck Loaders","","T","","F","","","","","","","","","","","","","","","","","","","","","","","","","","","","","","","","","","","","","","","","","https://www.westendpower.com/new-models/2026-billy-goat-dl1802ve-29381733b","","","","","","","","","","","","","","","","","","","","","","","",""
"DL3702VE","Billy Goat DL3702VE Debris Loader","T","0","T","0","BILLYGOAT","Debris Loaders","","F","T","F","","F","DL3702VE","9924.99","","Equipment"," ","0","0","T","","","","","","","","31","F","Truck Loaders","","T","","F","","","","","","","","","","","","5-Year Residential Use","3-Year Professional Use","","","","","","","","","","","","","","","","","","","","","","","","","","","","https://www.westendpower.com/new-models/2026-billy-goat-dl3702ve-debris-loader-29431464b","","","","","","","","","","","","","","","","","","","","","","","",""
"DL3701VETR","Billy Goat DL3701VETR Debris Loader","T","0","T","0","BILLYGOAT","Debris Loaders","","F","T","F","","F","DL3701VETR","23749.99","","Equipment"," ","0","0","T","","","","","","","","32","F","Truck Loaders","","T","","F","","","","","","","","","","","","5-Year Residential Use","3-Year Professional Use","","","","","","","","","","","","","","","","","","","","","","","","","","","","","","","","","","","","","","","","","","","","","","","","","","","",""
"F602X","Billy Goat F602X Wheel Blower","T","0","T","0","BILLYGOAT","Blowers","","F","T","F","","F","F602X","974.99","","Equipment"," ","0","0","T","","","","","","","","35","F","Walk-Behind","","T","","F","","","","","","","","","","","","","","","","","","","","","","","","","","","","","","","","","","","","","","","","","https://www.westendpower.com/new-models/2026-billy-goat-f6-small-property-f602x-29381543b","","","","","","","","","","","","","","","","","","","","","","","",""
"F602V","Billy Goat F602V Wheel Blower","T","0","T","0","BILLYGOAT","Blowers","","F","T","F","","F","F602V","1299.99","","Equipment"," ","0","0","T","","","","","","","","36","F","Walk-Behind","","T","","F","","","","","","","","","","","","","","","","","","","","","","","","","","","","","","","","","","","","","","","","","https://www.westendpower.com/new-models/2026-billy-goat-f6-small-property-f602v-29381538b","","","","","","","","","","","","","","","","","","","","","","","",""
"F1002V","Billy Goat F1002V Wheel Blower","T","0","T","0","BILLYGOAT","Blowers","","F","T","F","","F","F1002V","2024.99","","Equipment"," ","0","0","T","","","","","","","","37","F","Walk-Behind","","T","","F","","","","","","","","","","","","","","","","","","","","","","","","","","","","","","","","","","","","","","","","","https://www.westendpower.com/new-models/2026-billy-goat-f10-large-property-f1002v-29381524b","","","","","","","","","","","","","","","","","","","","","","","",""
"F1002SPV","Billy Goat F1002SPV Wheel Blower","T","0","T","0","BILLYGOAT","Blowers","","F","T","F","","F","F1002SPV","2324.99","","Equipment"," ","0","0","T","","","","","","","","38","F","Walk-Behind","","T","","F","","","","","","","","","","","","5-Year Residential Use","3-Year Professional Use","","","","","","","","","","","","","","","","","","","","","","","","","","","","https://www.westendpower.com/new-models/2026-billy-goat-f10-large-property-f1002spv-29381523b","","","","","","","","","","","","","","","","","","","","","","","",""
"F902H","Billy Goat F902H Wheel Blower","T","0","T","0","BILLYGOAT","Blowers","","F","T","F","","F","F902H","2024.99","","Equipment"," ","0","0","T","","","","","","","","39","F","Walk-Behind","","T","","F","","","","","","","","","","","","5-Year Residential Use","3-Year Professional Use","","","","","","","","","","","","","","","","","","","","","","","","","","","","https://www.westendpower.com/new-models/2026-billy-goat-f902h-force-blower-29431498b","","","","","","","","","","","","","","","","","","","","","","","",""
"F1302H","Billy Goat F1302H Wheel Blower","T","0","T","0","BILLYGOAT","Blowers","","F","T","F","","F","F1302H","2549.99","","Equipment"," ","0","0","T","","","","","","","","40","F","Walk-Behind","","T","","F","","","","","","","","","","","","","","","","","","","","","","","","","","","","","","","","","","","","","","","","","https://www.westendpower.com/new-models/2026-billy-goat-f13-contractor-f1302h-honda-29381533b","","","","","","","","","","","","","","","","","","","","","","","",""
"F1302SPH","Billy Goat F1302SPH Wheel Blower","T","0","T","0","BILLYGOAT","Blowers","","F","T","F","","F","F1302SPH","2849.99","","Equipment"," ","0","0","T","","","","","","","","41","F","Walk-Behind","","T","","F","","","","","","","","","","","","","","","","","","","","","","","","","","","","","","","","","","","","","","","","","https://www.westendpower.com/new-models/2026-billy-goat-f13-contractor-f1302sph-honda-29381536b","","","","","","","","","","","","","","","","","","","","","","","",""
"F1402V","Billy Goat F1402V Wheel Blower","T","0","T","0","BILLYGOAT","Blowers","","F","T","F","","F","F1402V","2549.99","","Equipment"," ","0","0","T","","","","","","","","42","F","Walk-Behind","","T","","F","","","","","","","","","","","","","","","","","","","","","","","","","","","","","","","","","","","","","","","","","https://www.westendpower.com/new-models/2026-billy-goat-f14-contractor-f1402v-29381521b","","","","","","","","","","","","","","","","","","","","","","","",""
"F1402SPV","Billy Goat F1402SPV Wheel Blower","T","0","T","0","BILLYGOAT","Blowers","","F","T","F","","F","F1402SPV","2849.99","","Equipment"," ","0","0","T","","","","","","","","43","F","Walk-Behind","","T","","F","","","","","","","","","","","","","","","","","","","","","","","","","","","","","","","","","","","","","","","","","https://www.westendpower.com/new-models/2026-billy-goat-f14-contractor-f1402spv-29381519b","","","","","","","","","","","","","","","","","","","","","","","",""
"F1802V","Billy Goat F1802V Wheel Blower","T","0","T","0","BILLYGOAT","Blowers","","F","T","F","","F","F1802V","3674.99","","Equipment"," ","0","0","T","","","","","","","","44","F","Walk-Behind","","T","","F","","","","","","","","","","","","","","","","","","","","","","","","","","","","","","","","","","","","","","","","","https://www.westendpower.com/new-models/2026-billy-goat-f18-the-ultimate-f1802v-29381532b","","","","","","","","","","","","","","","","","","","","","","","",""
"F1802SPV","Billy Goat F1802SPV Wheel Blower","T","0","T","0","BILLYGOAT","Blowers","","F","T","F","","F","F1802SPV","3974.99","","Equipment"," ","0","0","T","","","","","","","","45","F","Walk-Behind","","T","","F","","","","","","","","","","","","","","","","","","","","","","","","","","","","","","","","","","","","","","","","","https://www.westendpower.com/new-models/2026-billy-goat-f18-the-ultimate-f1802spv-29381528b","","","","","","","","","","","","","","","","","","","","","","","",""
"P2000","Billy Goat P2000 Hurricane Stand-On Blower","T","0","T","0","BILLYGOAT","Blowers","","F","T","F","","F","P2000","10299.99","","Equipment"," ","0","0","T","","","","","","","","48","F","Stand-On","","T","","F","","","","","","","","","","","","","","","","","","","","","","","","","","","","","","","","","","","","","","","","","https://www.westendpower.com/new-models/2026-billy-goat-p2000-hurricane-blower-29381512b","","","","","","","","","","","","","","","","","","","","","","","",""
"X3002","Billy Goat X3002 Hurricane Stand-On Blower","T","0","T","0","BILLYGOAT","Blowers","","F","T","F","","F","X3002","13199.99","","Equipment"," ","0","0","T","","","","","","","","49","F","Stand-On","","T","","F","","","","","","","","","","","","","","","","","","","","","","","","","","","","","","","","","","","","","","","","","https://www.westendpower.com/new-models/2026-billy-goat-x3002-hurricane-zero-turn-stand-on-blower-29431472b","","","","","","","","","","","","","","","","","","","","","","","",""
"Z3002","Billy Goat Z3002 Hurricane Stand-On Blower","T","0","T","0","BILLYGOAT","Blowers","","F","T","F","","F","Z3002","14849.99","","Equipment"," ","0","0","T","","","","","","","","50","F","Stand-On","","T","","F","","","","","","","","","","","","","","","","","","","","","","","","","","","","","","","","","","","","","","","","","https://www.westendpower.com/new-models/2026-billy-goat-z3002-hurricane-zero-turn-stand-on-blower-29431476b","","","","","","","","","","","","","","","","","","","","","","","",""
"PL1803V","Billy Goat PL1803V Aerator","T","0","T","0","BILLYGOAT","Aerators","","F","T","F","","F","PL1803V","3989.99","","Equipment"," ","0","0","T","","","","","","","","53","F","Walk-Behind","","T","","F","","","","","","","","","","","","","","","","","","","","","","","","","","","","","","","","","","","","","","","","","https://www.westendpower.com/new-models/2026-billy-goat-pl1803v-18-plugr-29381563b","","","","","","","","","","","","","","","","","","","","","","","",""
"PL1801H","Billy Goat PL1801H Aerator","T","0","T","0","BILLYGOAT","Aerators","","F","T","F","","F","PL1801H","3989.99","","Equipment"," ","0","0","T","","","","","","","","54","F","Walk-Behind","","T","","F","","","","","","","","","","","","","","","","","","","","","","","","","","","","","","","","","","","","","","","","","https://www.westendpower.com/new-models/2026-billy-goat-pl1801h-18-plugr-29381557b","","","","","","","","","","","","","","","","","","","","","","","",""
"PL2501SPV","Billy Goat PL2501SPV Aerator","T","0","T","0","BILLYGOAT","Aerators","","F","T","F","","F","PL2501SPV","7499.99","","Equipment"," ","0","0","T","","","","","","","","55","F","Walk-Behind","","T","","F","","","","","","","","","","","","","","","","","","","","","","","","","","","","","","","","","","","","","","","","","https://www.westendpower.com/new-models/2026-billy-goat-25-width-hydro-drive-aerator-pl2501spv-29381570b","","","","","","","","","","","","","","","","","","","","","","","",""
"PL2501SPH","Billy Goat PL2501SPH Aerator","T","0","T","0","BILLYGOAT","Aerators","","F","T","F","","F","PL2501SPH","7499.99","","Equipment"," ","0","0","T","","","","","","","","56","F","Walk-Behind","","T","","F","","","","","","","","","","","","","","","","","","","","","","","","","","","","","","","","","","","","","","","","","https://www.westendpower.com/new-models/2026-billy-goat-25-width-hydro-drive-aerator-pl2501sph-29381566b","","","","","","","","","","","","","","","","","","","","","","","",""
"AE403V","Billy Goat AE403V Aerator","T","0","T","0","BILLYGOAT","Aerators","","F","T","F","","F","AE403V","3989.99","","Equipment"," ","0","0","T","","","","","","","","57","F","Walk-Behind","","T","","F","","","","","","","","","","","","","","","","","","","","","","","","","","","","","","","","","","","","","","","","","https://www.westendpower.com/new-models/2026-billy-goat-ae403v-29381554b","","","","","","","","","","","","","","","","","","","","","","","",""
"AE401H","Billy Goat AE401H Aerator","T","0","T","0","BILLYGOAT","Aerators","","F","T","F","","F","AE401H","3989.99","","Equipment"," ","0","0","T","","","","","","","","58","F","Walk-Behind","","T","","F","","","","","","","","","","","","","","","","","","","","","","","","","","","","","","","","","","","","","","","","","https://www.westendpower.com/new-models/2026-billy-goat-ae401h-29381551b","","","","","","","","","","","","","","","","","","","","","","","",""
"AE1300H","Billy Goat AE1300H Aerator","T","0","T","0","BILLYGOAT","Aerators","","F","T","F","","F","AE1300H","1989.99","","Equipment"," ","0","0","T","","","","","","","","59","F","Walk-Behind","","T","","F","","","","","","","","","","","","","","","","","","","","","","","","","","","","","","","","","","","","","","","","","https://www.westendpower.com/new-models/2026-billy-goat-ae1300h-30-hydro-aerator-29381578b","","","","","","","","","","","","","","","","","","","","","","","",""
"AE1300HS","Billy Goat AE1300HS Aerator","T","0","T","0","BILLYGOAT","Aerators","","F","T","F","","F","AE1300HS","12489.99","","Equipment"," ","0","0","T","","","","","","","","60","F","Walk-Behind","","T","","F","","","","","","","","","","","","","","","","","","","","","","","","","","","","","","","","","","","","","","","","","","","","","","","","","","","","","","","","","","","","","","","","",""
"AET48","Billy Goat AET48 Aerator","T","0","T","0","BILLYGOAT","Aerators","","F","T","F","","F","AET48","3149.99","","Equipment"," ","0","0","T","","","","","","","","61","F","Tow-Behind","","T","","F","","","","","","","","","","","","","","","","","","","","","","","","","","","","","","","","","","","","","","","","","","","","","","","","","","","","","","","","","","","","","","","","",""
"AET60","Billy Goat AET60 Aerator","T","0","T","0","BILLYGOAT","Aerators","","F","T","F","","F","AET60","6399.99","","Equipment"," ","0","0","T","","","","","","","","62","F","Tow-Behind","","T","","F","","","","","","","","","","","","","","","","","","","","","","","","","","","","","","","","","","","","","","","","","","","","","","","","","","","","","","","","","","","","","","","","",""
"OS553V","Billy Goat OS553V Overseeder","T","0","T","0","BILLYGOAT","Overseeders","","F","T","F","","F","OS553V","2849.99","","Equipment"," ","0","0","T","","","","","","","","65","F","Walk-Behind","","T","","F","","","","","","","","","","","","","","","","","","","","","","","","","","","","","","","","","","","","","","","","","https://www.westendpower.com/new-models/2026-billy-goat-os553v-29382148b","","","","","","","","","","","","","","","","","","","","","","","",""
"OS552H","Billy Goat OS552H Overseeder","T","0","T","0","BILLYGOAT","Overseeders","","F","T","F","","F","OS552H","2849.99","","Equipment"," ","0","0","T","","","","","","","","66","F","Walk-Behind","","T","","F","","","","","","","","","","","","","","","","","","","","","","","","","","","","","","","","","","","","","","","","","https://www.westendpower.com/new-models/2026-billy-goat-os552h-honda-29381777b","","","","","","","","","","","","","","","","","","","","","","","",""
"OS901SPH","Billy Goat OS901SPH Overseeder","T","0","T","0","BILLYGOAT","Overseeders","","F","T","F","","F","OS901SPH","6024.99","","Equipment"," ","0","0","T","","","","","","","","67","F","Walk-Behind","","T","","F","","","","","","","","","","","","","","","","","","","","","","","","","","","","","","","","","","","","","","","","","https://www.westendpower.com/new-models/2026-billy-goat-os901sph-overseeder-29382165b","","","","","","","","","","","","","","","","","","","","","","","",""
"CR551V","Billy Goat CR551V Power Rake","T","0","T","0","BILLYGOAT","Power Rakes","","F","T","F","","F","CR551V","2159.99","","Equipment"," ","0","0","T","","","","","","","","70","F","Walk-Behind","","T","","F","","","","","","","","","","","","","","","","","","","","","","","","","","","","","","","","","","","","","","","","","https://www.westendpower.com/new-models/2026-billy-goat-cr551v-29381773b","","","","","","","","","","","","","","","","","","","","","","","",""
"PR551V","Billy Goat PR551V Power Rake","T","0","T","0","BILLYGOAT","Power Rakes","","F","T","F","","F","PR551V","2259.99","","Equipment"," ","0","0","T","","","","","","","","71","F","Walk-Behind","","T","","F","","","","","","","","","","","","","","","","","","","","","","","","","","","","","","","","","","","","","","","","","https://www.westendpower.com/new-models/2026-billy-goat-pr551v-29382156b","","","","","","","","","","","","","","","","","","","","","","","",""
"PR550H","Billy Goat PR550H Power Rake","T","0","T","0","BILLYGOAT","Power Rakes","","F","T","F","","F","PR550H","2259.99","","Equipment"," ","0","0","T","","","","","","","","72","F","Walk-Behind","","T","","F","","","","","","","","","","","","","","","","","","","","","","","","","","","","","","","","","","","","","","","","","https://www.westendpower.com/new-models/2026-billy-goat-pr550h-29382152b","","","","","","","","","","","","","","","","","","","","","","","",""
"SC121H","Billy Goat SC121H Sod Cutter","T","0","T","0","BILLYGOAT","Sod Cutters","","F","T","F","","F","SC121H","5049.99","","Equipment"," ","0","1","T","","","","","","","","75","F","Walk-Behind","","T","","F","","","","","","","","","","","","","","","","","","","","","","","","","","","","","","","","","","","","","","","","","https://www.westendpower.com/new-models/2026-billy-goat-sc121h-honda-29381708b","","","","","","","","","","","","","","","","","","","","","","","",""
"SC181H","Billy Goat SC181H Sod Cutter","T","0","T","0","BILLYGOAT","Sod Cutters","","F","T","F","","F","SC181H","7199.99","","Equipment"," ","1","1","T","","","","","","","","76","F","Walk-Behind","","T","T","F","10","T","T","AUTO","7","16","8","8","AUTO","LITHIUM_BATTERY","T","","","","","","","","","","","","","","","","","","","","","","","","","","","","","","https://www.westendpower.com/new-models/2026-billy-goat-18-hydro-drive-sod-cutter-sc181h-honda-29381670b","","","","","","","","","","","","","","","","","","","","","","","",""
"SC181K","Billy Goat SC181K Sod Cutter","T","0","T","0","BILLYGOAT","Sod Cutters","","F","T","F","","F","SC181K","7199.99","","Equipment"," ","0","0","T","","","","","","","","77","F","Walk-Behind","","T","","F","","","","","","","","","","","","","","","","","","","","","","","","","","","","","","","","","","","","","","","","","https://www.westendpower.com/new-models/2026-billy-goat-18-hydro-drive-sod-cutter-sc181k-29381672b","","","","","","","","","","","","","","","","","","","","","","","",""
"SC181HG","Billy Goat SC181HG Sod Cutter","T","0","T","0","BILLYGOAT","Sod Cutters","","F","T","F","","F","SC181HG","7199.99","","Equipment"," ","0","0","T","","","","","","","","78","F","Walk-Behind","","T","","F","","","","","","","","","","","","","","","","","","","","","","","","","","","","","","","","","","","","","","","","","https://www.westendpower.com/new-models/2026-billy-goat-18-hydro-drive-sod-cutter-sc181hg-29381650b","","","","","","","","","","","","","","","","","","","","","","","",""
"SC181KG","Billy Goat SC181KG Sod Cutter","T","0","T","0","BILLYGOAT","Sod Cutters","","F","T","F","","F","SC181KG","7199.99","","Equipment"," ","0","0","T","","","","","","","","79","F","Walk-Behind","","T","","F","","","","","","","","","","","","","","","","","","","","","","","","","","","","","","","","","","","","","","","","","https://www.westendpower.com/new-models/2026-billy-goat-18-hydro-drive-sod-cutter-sc181kg-29381654b","","","","","","","","","","","","","","","","","","","","","","","",""
"SC240KG","Billy Goat SC240KG Sod Cutter","T","0","T","0","BILLYGOAT","Sod Cutters","","F","T","F","","F","SC240KG","8199.99","","Equipment"," ","0","0","T","","","","","","","","80","F","Walk-Behind","","T","","F","","","","","","","","","","","","","","","","","","","","","","","","","","","","","","","","","","","","","","","","","https://www.westendpower.com/new-models/2026-billy-goat-24-hydro-drive-sod-cutter-sc240kg-29381663b","","","","","","","","","","","","","","","","","","","","","","","",""
"SG1301H","Billy Goat SG1301H Stump Grinder","T","0","T","0","BILLYGOAT","Stump Grinders","","F","T","F","","F","SG1301H","7299.99","","Equipment"," ","0","1","T","","","","","","","","83","F","Walk-Behind","","T","","F","","","","","","","","","","","","","","","","","","","","","","","","","","","","","","","","","","","","","","","","","https://www.westendpower.com/new-models/2026-billy-goat-sg1301h-stump-grinder-29381581b","","","","","","","","","","","","","","","","","","","","","","","",""
"SG1301HGT","Billy Goat SG1301HGT Stump Grinder","T","0","T","0","BILLYGOAT","Stump Grinders","","F","T","F","","F","SG1301HGT","7499.99","","Equipment"," ","1","1","T","","","","","","","","84","F","Walk-Behind","","T","T","F","10","T","T","AUTO","7","16","8","8","AUTO","LITHIUM_BATTERY","T","","","","","","","","","","","","","","","","","","","","","","","","","","","","","","https://www.westendpower.com/new-models/2026-billy-goat-sg1301hgt-stump-grinder-29381584b","","","","","","","","","","","","","","","","","","","","","","","",""
