SKU,Description,Active,AssemblyAmount,AssemblyOption,AssemblyTime,BrandID,Category,DeliveryGroup,DiscountEligible,DisplayAvailability,FinancingEligible,FreightGroup,LocalDelivery,Model,MSRP,PowerType,ProductType,PromoName,QtyDanbury,QtyNewMilford,RebateEligible,RebateEndDate,RebateStartDate,RebateToCustomer,SaleEndDate,SalePrice,SaleStartDate,Series,SortOrder,SpecialFinancingEligible,SubCategory,System,Taxable,AllowBackorder,BuyOnlineEligible,MaximumOnLineQty,AvailabilityRequestEligible,ShippingEligible,ShippingRateType,ShipWeight,ShipLength,ShipWidth,ShipHeight,ShippingCarrierRule,ShippingRestriction,ShipsSeparately,WarrantyResidentialUse,WarrantyCommercialUse,WeightLb,WeightKg,Weight,WeightUnit,SpecLabel1,SpecValue1,SpecLabel2,SpecValue2,SpecLabel3,SpecValue3,SpecLabel4,SpecValue4,SpecLabel5,SpecValue5,SpecLabel6,SpecValue6,SpecLabel7,SpecValue7,SpecLabel8,SpecValue8,SpecLabel9,SpecValue9,SpecLabel10,SpecValue10,ImageURL,InventoryURL,ManualURL,ProductURL,Notes,FactoryInstalled1,FactoryInstalled2,FactoryInstalled3,B1,B2,B3,B4,B5,B6,B7,B8,B9,B10,F1,F2,F3,F4,F5,F6,F7,F8,F9,F10,P1,P2,P3,SpecLabel1 SpecValue1,SpecLabel2 SpecValue2,SpecLabel3 SpecValue3,SpecLabel4 SpecValue4,SpecLabel5 SpecValue5,SpecLabel6 SpecValue6,SpecLabel7 SpecValue7,SpecLabel8 SpecValue8,SpecLabel9 SpecValue9,SpecLabel10 SpecValue10
BB261C2A1,Greenworks BB261 Backpack Blower,T,0,T,0,GREENWORKS,Blowers,HANDHELD,T,T,F,Handheld,F,BB261C2,1199.99,,Tool, ,0,0,F,,,,,,,,5,F,Backpack Blower,,T,,F,,,F,,,,,,,,,,,,,,,,,,,,,,,,,,,,,,,,,,,,,,,,,,,,,,,,,,,,,,,,,,,,,,,,,,,,,,,,,,,
BB261A1,Greenworks BB261 Backpack Blower,T,0,T,0,GREENWORKS,Blowers,HANDHELD,T,T,F,Handheld,F,BB261,599.99,Battery,Tool, ,0,0,F,,,,,,,,6,F,Backpack Blower,82V,T,,F,,,F,,,,,,,,,,,,,,,,,,,,,,,,,,,,,,,,,,,,,,https://www.westendpower.com/new-models/2026-greenworks-82v-optimus-26n-backpack-blower-bb261-29412207b,,,,,,,,,,,,,,,,,,,,,,,,,,,,,,,,,,,,,
BB361C4A1,Greenworks BB361 Backpack Blower,T,0,T,0,GREENWORKS,Blowers,HANDHELD,T,T,F,Handheld,F,BB361C4,2999.99,,Tool, ,0,0,F,,,,,,,,7,F,Backpack Blower,,T,,F,,,F,,,,,,,,,,,,,,,,,,,,,,,,,,,,,,,,,,,,,,https://www.westendpower.com/new-models/2026-greenworks-82v-optimus-36n-bp-blower-core530-dpkit-bb361c4a1-29412219b,,,,,,,,,,,,,,,,,,,,,,,,,,,,,,,,,,,,,
2440602,Greenworks BB361 Backpack Blower,T,0,T,0,GREENWORKS,Blowers,HANDHELD,T,T,F,Handheld,F,BB361-C5DP,1799.99,,Tool, ,0,0,F,,,,,,,,8,F,Backpack Blower,,T,,F,,,F,,,,,,,,,,,,,,,,,,,,,,,,,,,,,,,,,,,,,,https://www.westendpower.com/new-models/2026-greenworks-82v-optimus-36n-bp-blow-core530-dp-kit-bb361-c5dp-29411140b,,,,,,,,,,,,,,,,,,,,,,,,,,,,,,,,,,,,,
2426202,Greenworks BB361 Backpack Blower,T,0,T,0,GREENWORKS,Blowers,HANDHELD,T,T,F,Handheld,F,BB361,699.99,Battery,Tool, ,0,0,F,,,,,,,,10,F,Backpack Blower,82V,T,,F,,,F,,,,,,,,,,,,,,,,,,,,,,,,,,,,,,,,,,,,,,https://www.westendpower.com/new-models/2026-greenworks-82v-optimus-36n-dual-port-backpack-blow-to-bb361-29411139b,,,,,,,,,,,,,,,,,,,,,,,,,,,,,,,,,,,,,
BB42XC2A1,Greenworks BB42X Backpack Blower,T,0,T,0,GREENWORKS,Blowers,HANDHELD,T,T,F,Handheld,F,BB42XC2,2199.99,,Tool, ,0,0,F,,,,,,,,11,F,Backpack Blower,,T,,F,,,F,,,,,,,,,,,,,,,,,,,,,,,,,,,,,,,,,,,,,,,,,,,,,,,,,,,,,,,,,,,,,,,,,,,,,,,,,,,
BB42XA1,Greenworks BB42X Backpack Blower,T,0,T,0,GREENWORKS,Blowers,HANDHELD,T,T,F,Handheld,F,BB42X,799.99,Battery,Tool, ,0,0,F,,,,,,,,12,F,Backpack Blower,82V,T,,F,,,F,,,,,,,,,,,,,,,,,,,,,,,,,,,,,,,,,,,,,,,,,,,,,,,,,,,,,,,,,,,,,,,,,,,,,,,,,,,
BB50XC2A1,Greenworks BB50X Backpack Blower,T,0,T,0,GREENWORKS,Blowers,HANDHELD,T,T,F,Handheld,F,BB50XC2,2999.99,Battery,Tool, ,0,0,F,,,,,,,,13,F,Backpack Blower,82V,T,,F,,,F,,,,,,,,,,,,,,,,,,,,,,,,,,,,,,,,,,,,,,,,,,,,,,,,,,,,,,,,,,,,,,,,,,,,,,,,,,,
BB50XA1,Greenworks BB50X Backpack Blower,T,0,T,0,GREENWORKS,Blowers,HANDHELD,T,T,F,Handheld,F,BB50X,899.99,,Tool, ,0,0,F,,,,,,,,15,F,Backpack Blower,,T,,F,,,F,,,,,,,,,,,,,,,,,,,,,,,,,,,,,,,,,,,,,,,,,,,,,,,,,,,,,,,,,,,,,,,,,,,,,,,,,,,
BH261CA1,Greenworks BH261C Handheld Blower,T,0,T,0,GREENWORKS,Blowers,HANDHELD,T,T,F,Handheld,F,BH261C,699.99,,Tool, ,0,0,F,,,,,,,,18,F,Handheld Blower,,T,,F,,,F,,,,,,,,,,,,,,,,,,,,,,,,,,,,,,,,,,,,,,,,,,,,,,,,,,,,,,,,,,,,,,,,,,,,,,,,,,,
BH261A1,Greenworks BH261C Handheld Blower,T,0,T,0,GREENWORKS,Blowers,HANDHELD,T,T,F,Handheld,F,BH261,299.99,Battery,Tool, ,0,0,F,,,,,,,,19,F,Handheld Blower,82V,T,,F,,,F,,,,,,,,,,,,,,,,,,,,,,,,,,,,,,,,,,,,,,https://www.westendpower.com/new-models/2026-greenworks-82v-optimus-26n-handheld-blower-toolo-bh261-29412199b,,,,,,,,,,,,,,,,,,,,,,,,,,,,,,,,,,,,,
BH32XC2A1,Greenworks BH32 Handheld Blower,T,0,T,0,GREENWORKS,Blowers,HANDHELD,T,T,F,Handheld,F,BH32XC2,999.99,,Tool, ,0,0,F,,,,,,,,20,F,Handheld Blower,,T,,F,,,F,,,,,,,,,,,,,,,,,,,,,,,,,,,,,,,,,,,,,,,,,,,,,,,,,,,,,,,,,,,,,,,,,,,,,,,,,,,
BH32XA1,Greenworks BH32 Handheld Blower,T,0,T,0,GREENWORKS,Blowers,HANDHELD,T,T,F,Handheld,F,BH32X,349.99,,Tool, ,0,0,F,,,,,,,,21,F,Handheld Blower,,T,,F,,,F,,,,,,,,,,,,,,,,,,,,,,,,,,,,,,,,,,,,,,https://www.westendpower.com/new-models/2026-greenworks-82v-optimus-32n-handheld-blower-bh32x-29412201b,,,,,,,,,,,,,,,,,,,,,,,,,,,,,,,,,,,,,
2140602,Greenworks ST121 Trimmer,T,0,T,0,GREENWORKS,Trimmers,HANDHELD,T,T,F,Handheld,F,ST121-C3DP,799.99,Battery,Tool, ,0,0,F,,,,,,,,24,F,String Trimmer,82V,T,,F,,,F,,,,,,,,,,,,,,,,,,,,,,,,,,,,,,,,,,,,,,,,,,,,,,,,,,,,,,,,,,,,,,,,,,,,,,,,,,,
ST131C2A1,Greenworks ST131 Trimmer,T,0,T,0,GREENWORKS,Trimmers,HANDHELD,T,T,F,Handheld,F,ST131C2,1299.99,Battery,Tool, ,0,0,F,,,,,,,,26,F,String Trimmer,82V,T,,F,,,F,,,,,,,,,,,,,,,,,,,,,,,,,,,,,,,,,,,,,,https://www.westendpower.com/new-models/2026-greenworks-82v-optimus-13kw-17-top-mounstg-trim-kitst131c2-29412438b,,,,,,,,,,,,,,,,,,,,,,,,,,,,,,,,,,,,,
ST131CA1,Greenworks ST131 Trimmer,T,0,T,0,GREENWORKS,Trimmers,HANDHELD,T,T,F,Handheld,F,ST131C,899.99,Battery,Kit, ,0,0,F,,,,,,,,27,F,String Trimmer,82V,T,,F,,,F,,,,,,,,,,,,,,,,,,,,,,,,,,,,,,,,,,,,,,,,,,,,,,,,,,,,,,,,,,,,,,,,,,,,,,,,,,,
ST131CBA1,Greenworks ST131 Trimmer,T,0,T,0,GREENWORKS,Trimmers,HANDHELD,T,T,F,Handheld,F,ST131CB,899.99,Battery,Tool, ,0,0,F,,,,,,,,28,F,String Trimmer,82V,T,,F,,,F,,,,,,,,,,,,,,,,,,,,,,,,,,,,,,,,,,,,,,https://www.westendpower.com/new-models/2026-greenworks-optimus-82v-top-m13kwstcore360dpcore360st131cb-29412441b,,,,,,,,,,,,,,,,,,,,,,,,,,,,,,,,,,,,,
2141002,Greenworks ST131 Trimmer,T,0,T,0,GREENWORKS,Trimmers,HANDHELD,T,T,F,Handheld,F,ST131,499.99,Battery,Kit, ,0,0,F,,,,,,,,29,F,String Trimmer,82V,T,,F,,,F,,,,,,,,,,,,,,,,,,,,,,,,,,,,,,,,,,,,,,https://www.westendpower.com/new-models/2026-greenworks-82v-optimus-13kw-17-top-mou-strg-tri-to-st131-29412434b,,,,,,,,,,,,,,,,,,,,,,,,,,,,,,,,,,,,,
2143902,Greenworks ST161 Trimmer,T,0,T,0,GREENWORKS,Trimmers,HANDHELD,T,T,F,Handheld,F,ST161-C3DP,949.99,Battery,Tool, ,0,0,F,,,,,,,,30,F,String Trimmer,82V,T,,F,,,F,,,,,,,,,,,,,,,,,,,,,,,,,,,,,,,,,,,,,,https://www.westendpower.com/new-models/2026-greenworks-82v-optimus-16kw-17-stgtri-wcore300-st161-c3dp-29412312b,,,,,,,,,,,,,,,,,,,,,,,,,,,,,,,,,,,,,
2139202,Greenworks ST161 Trimmer,T,0,T,0,GREENWORKS,Trimmers,HANDHELD,T,T,F,Handheld,F,ST161,599.99,Battery,Tool, ,0,0,F,,,,,,,,32,F,String Trimmer,82V,T,,F,,,F,,,,,,,,,,,,,,,,,,,,,,,,,,,,,,,,,,,,,,https://www.westendpower.com/new-models/2026-greenworks-82v-optimus-16kw-17-string-trimmer-st161-29411237b,,,,,,,,,,,,,,,,,,,,,,,,,,,,,,,,,,,,,
2142002,Greenworks ST201 Trimmer,T,0,T,0,GREENWORKS,Trimmers,HANDHELD,T,T,F,Handheld,F,ST201-C4DP,1149.99,Battery,Kit, ,0,0,F,,,,,,,,33,F,String Trimmer,82V,T,,F,,,F,,,,,,,,,,,,,,,,,,,,,,,,,,,,,,,,,,,,,,https://www.westendpower.com/new-models/2026-greenworks-82v-optimus-20kw-17-stgtrimbccore400st201-c4dp-29412427b,,,,,,,,,,,,,,,,,,,,,,,,,,,,,,,,,,,,,
2142102,Greenworks ST201 Trimmer,T,0,T,0,GREENWORKS,Trimmers,HANDHELD,T,T,F,Handheld,F,ST201,699.99,Battery,Tool, ,0,0,F,,,,,,,,34,F,String Trimmer,82V,T,,F,,,F,,,,,,,,,,,,,,,,,,,,,,,,,,,,,,,,,,,,,,https://www.westendpower.com/new-models/2026-greenworks-82v-optimus-20kw-17-strg-trim-bc-st201-29412425b,,,,,,,,,,,,,,,,,,,,,,,,,,,,,,,,,,,,,
2704302,Greenworks ES161 Edger,T,0,T,0,GREENWORKS,Edgers,HANDHELD,T,T,F,Handheld,F,ES161-C4DP,699.99,Battery,Tool, ,0,0,F,,,,,,,,37,F,Edger,82V,T,,F,,,F,,,,,,,,,,,,,,,,,,,,,,,,,,,,,,,,,,,,,,https://www.westendpower.com/new-models/2026-greenworks-82v-optimus-8-16kw-straight-sed-es161-c4dp-29411272b,,,,,,,,,,,,,,,,,,,,,,,,,,,,,,,,,,,,,
2703902,Greenworks ES161 Edger,T,0,T,0,GREENWORKS,Edgers,HANDHELD,T,T,F,Handheld,F,ES161,384.99,,Kit, ,0,0,F,,,,,,,,38,F,Edger,,T,,F,,,F,,,,,,,,,,,,,,,,,,,,,,,,,,,,,,,,,,,,,,https://www.westendpower.com/new-models/2026-greenworks-82v-optimus-8-16kw-straight-shaft-edger-es161-29411240b,,,,,,,,,,,,,,,,,,,,,,,,,,,,,,,,,,,,,
EC161CA1,Greenworks EC161 Edger,T,0,T,0,GREENWORKS,Edgers,HANDHELD,T,T,F,Handheld,F,EC161C,899.99,,Tool, ,0,0,F,,,,,,,,39,F,Edger,,T,,F,,,F,,,,,,,,,,,,,,,,,,,,,,,,,,,,,,,,,,,,,,,,,,,,,,,,,,,,,,,,,,,,,,,,,,,,,,,,,,,
2704402,Greenworks EC161 Edger,T,0,T,0,GREENWORKS,Edgers,HANDHELD,T,T,F,Handheld,F,EC161,499.99,Battery,Kit, ,0,0,F,,,,,,,,40,F,Edger,82V,T,,F,,,F,,,,,,,,,,,,,,,,,,,,,,,,,,,,,,,,,,,,,,,,,,,,,,,,,,,,,,,,,,,,,,,,,,,,,,,,,,,
OAS132CA1,Greenworks OAS132 Power Head,T,0,T,0,GREENWORKS,Power Heads,HANDHELD,T,T,F,Handheld,F,OAS132C,849.99,Battery,Tool, ,0,0,F,,,,,,,,43,F,Power Head,82V,T,,F,,,F,,,,,,,,,,,,,,,,,,,,,,,,,,,,,,,,,,,,,,,,,,,,,,,,,,,,,,,,,,,,,,,,,,,,,,,,,,,
2144802,Greenworks OAS132 Power Head,T,0,T,0,GREENWORKS,Power Heads,HANDHELD,T,T,F,Handheld,F,OAS132,449.99,,Tool, ,0,0,F,,,,,,,,44,F,Power Head,,T,,F,,,F,,,,,,,,,,,,,,,,,,,,,,,,,,,,,,,,,,,,,,,,,,,,,,,,,,,,,,,,,,,,,,,,,,,,,,,,,,,
OAS162CA1,Greenworks OAS162 Power Head,T,0,T,0,GREENWORKS,Power Heads,HANDHELD,T,T,F,Handheld,F,OAS162C,999.99,Battery,Kit, ,0,0,F,,,,,,,,45,F,Power Head,82V,T,,F,,,F,,,,,,,,,,,,,,,,,,,,,,,,,,,,,,,,,,,,,,,,,,,,,,,,,,,,,,,,,,,,,,,,,,,,,,,,,,,
OAS162A1,Greenworks OAS162 Power Head,T,0,T,0,GREENWORKS,Power Heads,HANDHELD,T,T,F,Handheld,F,OAS162,549.99,Battery,Tool, ,0,0,F,,,,,,,,46,F,Power Head,82V,T,,F,,,F,,,,,,,,,,,,,,,,,,,,,,,,,,,,,,,,,,,,,,,,,,,,,,,,,,,,,,,,,,,,,,,,,,,,,,,,,,,
2145402,Greenworks TB201 Trimmer / Brushcutter,T,0,T,0,GREENWORKS,Brush Cutters,HANDHELD,T,T,F,Handheld,F,TB201-C4DP,1199.99,Battery,Tool, ,0,0,F,,,,,,,,47,F,Trimmer / Brushcutter,82V,T,,F,,,F,,,,,,,,,,,,,,,,,,,,,,,,,,,,,,,,,,,,,,https://www.westendpower.com/new-models/2026-greenworks-82v-optimus-20kw-18-strg-trimbrush-cktb201-c4dp-29412319b,,,,,,,,,,,,,,,,,,,,,,,,,,,,,,,,,,,,,
2139402,Greenworks TB201 Trimmer / Brushcutter,T,0,T,0,GREENWORKS,Brush Cutters,HANDHELD,T,T,F,Handheld,F,TB201,749.99,Battery,Kit, ,0,0,F,,,,,,,,48,F,Trimmer / Brushcutter,82V,T,,F,,,F,,,,,,,,,,,,,,,,,,,,,,,,,,,,,,,,,,,,,,https://www.westendpower.com/new-models/2026-greenworks-82v-optimus-20kw-18-string-trim-brcut-tb201-29412318b,,,,,,,,,,,,,,,,,,,,,,,,,,,,,,,,,,,,,
2145502,Greenworks TB201H Trimmer / Bruscutter,T,0,T,0,GREENWORKS,Brush Cutters,HANDHELD,T,T,F,Handheld,F,TB201H-C4DP,1199.99,,Tool, ,0,0,F,,,,,,,,49,F,Trimmer / Brushcutter,,T,,F,,,F,,,,,,,,,,,,,,,,,,,,,,,,,,,,,,,,,,,,,,https://www.westendpower.com/new-models/2026-greenworks-82v-optimus-20kw-18-string-tri-bck-tb201h-c4dp-29412320b,,,,,,,,,,,,,,,,,,,,,,,,,,,,,,,,,,,,,
2139302,Greenworks TB201H Trimmer / Bruscutter,T,0,T,0,GREENWORKS,Brush Cutters,HANDHELD,T,T,F,Handheld,F,TB201H,749.99,Battery,Kit, ,0,0,F,,,,,,,,50,F,Trimmer / Brushcutter,82V,T,,F,,,F,,,,,,,,,,,,,,,,,,,,,,,,,,,,,,,,,,,,,,,,,,,,,,,,,,,,,,,,,,,,,,,,,,,,,,,,,,,
HT401SCA1,Greenworks HT401 Hedge Trimmer,T,0,T,0,GREENWORKS,Hedge Trimmers,HANDHELD,T,T,F,Handheld,F,HT401SC,1099.99,Battery,Tool, ,0,0,F,,,,,,,,53,F,Hedge Trimmer,82V,T,,F,,,F,,,,,,,,,,,,,,,,,,,,,,,,,,,,,,,,,,,,,,,,,,,,,,,,,,,,,,,,,,,,,,,,,,,,,,,,,,,
HT401SA1,Greenworks HT401 Hedge Trimmer,T,0,T,0,GREENWORKS,Hedge Trimmers,HANDHELD,T,T,F,Handheld,F,HT401S,699.99,Battery,Kit, ,0,0,F,,,,,,,,54,F,Hedge Trimmer,82V,T,,F,,,F,,,,,,,,,,,,,,,,,,,,,,,,,,,,,,,,,,,,,,,,,,,,,,,,,,,,,,,,,,,,,,,,,,,,,,,,,,,
2215602,Greenworks HT301 Hedge Trimmer,T,0,T,0,GREENWORKS,Hedge Trimmers,HANDHELD,T,T,F,Handheld,F,HT301S-C3DP,699.99,Battery,Kit, ,0,0,F,,,,,,,,55,F,Hedge Trimmer,82V,T,,F,,,F,,,,,,,,,,,,,,,,,,,,,,,,,,,,,,,,,,,,,,https://www.westendpower.com/new-models/2026-greenworks-82v-optimus-30-single-sided-core300-ht301s-c3dp-29411318b,,,,,,,,,,,,,,,,,,,,,,,,,,,,,,,,,,,,,
2217402,Greenworks HT301 Hedge Trimmer,T,0,T,0,GREENWORKS,Hedge Trimmers,HANDHELD,T,T,F,Handheld,F,HT301S,599.99,Battery,Tool, ,0,0,F,,,,,,,,56,F,Hedge Trimmer,82V,T,,F,,,F,,,,,,,,,,,,,,,,,,,,,,,,,,,,,,,,,,,,,,https://www.westendpower.com/new-models/2026-greenworks-82v-optimus-30-single-sided-hedge-trim-ht301s-29411315b,,,,,,,,,,,,,,,,,,,,,,,,,,,,,,,,,,,,,
2218102,Greenworks HT241 Hedge Trimmer,T,0,T,0,GREENWORKS,Hedge Trimmers,HANDHELD,T,T,F,Handheld,F,HT241-C3DP,799.99,Battery,Kit, ,0,0,F,,,,,,,,57,F,Hedge Trimmer,82V,T,,F,,,F,,,,,,,,,,,,,,,,,,,,,,,,,,,,,,,,,,,,,,https://www.westendpower.com/new-models/2026-greenworks-82v-optimus-24-double-sided-hwcore300ht241-c3dp-29412445b,,,,,,,,,,,,,,,,,,,,,,,,,,,,,,,,,,,,,
2215502,Greenworks HT241 Hedge Trimmer,T,0,T,0,GREENWORKS,Hedge Trimmers,HANDHELD,T,T,F,Handheld,F,HT241,369.99,Battery,Tool, ,0,0,F,,,,,,,,58,F,Hedge Trimmer,82V,T,,F,,,F,,,,,,,,,,,,,,,,,,,,,,,,,,,,,,,,,,,,,,https://www.westendpower.com/new-models/2026-greenworks-82v-optimus-24-double-sided-hedge-trimmer-ht241-29411304b,,,,,,,,,,,,,,,,,,,,,,,,,,,,,,,,,,,,,
PH662TCA1,Greenworks PH662 Hedge Trimmer,T,0,T,0,GREENWORKS,Hedge Trimmers,HANDHELD,T,T,F,Handheld,F,PH662TC,1049.99,Battery,Tool, ,0,0,F,,,,,,,,61,F,Hedge Trimmer,82V,T,,F,,,F,,,,,,,,,,,,,,,,,,,,,,,,,,,,,,,,,,,,,,,,,,,,,,,,,,,,,,,,,,,,,,,,,,,,,,,,,,,
2308002,Greenworks PH662 Hedge Trimmer,T,0,T,0,GREENWORKS,Hedge Trimmers,HANDHELD,T,T,F,Handheld,F,PH662T,649.99,Battery,Kit, ,0,0,F,,,,,,,,62,F,Hedge Trimmer,82V,T,T,F,10,T,F,AUTO,7,16,8,8,AUTO,LITHIUM_BATTERY,T,,,,,,,,,,,,,,,,,,,,,,,,,,,,,,https://www.westendpower.com/new-models/2026-greenworks-82v-optimus-20-telescoping-hedge-trimmer-ph662t-29411310b,,,,,,,,,,,,,,,,,,,,,,,,,,,,,,,,,,,,,
PH482ACA1,Greenworks PH482 Hedge Trimmer,T,0,T,0,GREENWORKS,Hedge Trimmers,HANDHELD,T,T,F,Handheld,F,PH482AC,949.99,Battery,Kit, ,0,0,F,,,,,,,,65,F,Hedge Trimmer,82V,T,,F,,,F,,,,,,,,,,,,,,,,,,,,,,,,,,,,,,,,,,,,,,,,,,,,,,,,,,,,,,,,,,,,,,,,,,,,,,,,,,,
2308702,Greenworks PH482 Hedge Trimmer,T,0,T,0,GREENWORKS,Hedge Trimmers,HANDHELD,T,T,F,Handheld,F,PH482A,549.99,Battery,Kit, ,0,0,F,,,,,,,,66,F,Hedge Trimmer,82V,T,,F,,,F,,,,,,,,,,,,,,,,,,,,,,,,,,,,,,,,,,,,,,https://www.westendpower.com/new-models/2026-greenworks-82v-optimus-20-mid-pole-articulating-ht-ph482a-29412448b,,,,,,,,,,,,,,,,,,,,,,,,,,,,,,,,,,,,,
2309802,Greenworks PH302 Hedge Trimmer,T,0,T,0,GREENWORKS,Hedge Trimmers,HANDHELD,T,T,F,Handheld,F,PH302F-C3DP,869.99,,Kit, ,0,0,F,,,,,,,,67,F,Hedge Trimmer,,T,,F,,,F,,,,,,,,,,,,,,,,,,,,,,,,,,,,,,,,,,,,,,https://www.westendpower.com/new-models/2026-greenworks-82v-optimus-24-short-pole-core300-ph302f-c3dp-29411295b,,,,,,,,,,,,,,,,,,,,,,,,,,,,,,,,,,,,,
2307702,Greenworks PH302 Hedge Trimmer,T,0,T,0,GREENWORKS,Hedge Trimmers,HANDHELD,T,T,F,Handheld,F,PH302F,469.99,Battery,Tool, ,0,0,F,,,,,,,,68,F,Hedge Trimmer,82V,T,,F,,,F,,,,,,,,,,,,,,,,,,,,,,,,,,,,,,,,,,,,,,https://www.westendpower.com/new-models/2026-greenworks-82v-optimus-24-short-pole-hedge-trimmer-ph302f-29411302b,,,,,,,,,,,,,,,,,,,,,,,,,,,,,,,,,,,,,
2345888VK,"Greenworks OCS800 Chainsaw w/28"" Bar",T,0,T,0,GREENWORKS,Chainsaws,HANDHELD,T,T,F,Handheld,F,OCS800,1879.99,,Tool, ,0,0,F,,,,,,,,71,F,Chainsaw,,T,,F,,,F,,,,,,,,,,,,,,,,,,,,,,,,,,,,,,,,,,,,,,,,,,,,,,,,,,,,,,,,,,,,,,,,,,,,,,,,,,,
2345778VK,"Greenworks OCS800 Chainsaw w/24"" Bar",T,0,T,0,GREENWORKS,Chainsaws,HANDHELD,T,T,F,Handheld,F,OCS800,1839.99,,Kit, ,0,0,F,,,,,,,,72,F,Chainsaw,,T,,F,,,F,,,,,,,,,,,,,,,,,,,,,,,,,,,,,,,,,,,,,,,,,,,,,,,,,,,,,,,,,,,,,,,,,,,,,,,,,,,
2345668VK,"Greenworks OCS800 Chainsaw w/20"" Bar",T,0,T,0,GREENWORKS,Chainsaws,HANDHELD,T,T,F,Handheld,F,OCS800,1809.99,,Tool, ,0,0,F,,,,,,,,73,F,Chainsaw,,T,,F,,,F,,,,,,,,,,,,,,,,,,,,,,,,,,,,,,,,,,,,,,,,,,,,,,,,,,,,,,,,,,,,,,,,,,,,,,,,,,,
2028102,Greenworks OCS800-C5DP Chainsaw Kit,T,0,T,0,GREENWORKS,Chainsaws,HANDHELD,T,T,F,Handheld,F,OCS800-C5DP,1699.99,Battery,Kit, ,0,0,F,,,,,,,,74,F,Chainsaw,82V,T,,F,,,F,,,,,,,,,,,,,,,,,,,,,,,,,,,,,,,,,,,,,,https://www.westendpower.com/new-models/2026-greenworks-82v-optimus-hogsaw-50kw-core530-ocs800-c5dp-29411165b,,,,,,,,,,,,,,,,,,,,,,,,,,,,,,,,,,,,,
2245668VK,"Greenworks OCS600 Chainsaw w/20"" Bar",T,0,T,0,GREENWORKS,Chainsaws,HANDHELD,T,T,F,Handheld,F,OCS600,1399.99,,Tool, ,0,0,F,,,,,,,,75,F,Chainsaw,,T,,F,,,F,,,,,,,,,,,,,,,,,,,,,,,,,,,,,,,,,,,,,,,,,,,,,,,,,,,,,,,,,,,,,,,,,,,,,,,,,,,
2245557VK,"Greenworks OCS600 Chainsaw w/18"" Bar",T,0,T,0,GREENWORKS,Chainsaws,HANDHELD,T,T,F,Handheld,F,OCS600,1349.99,,Kit, ,0,0,F,,,,,,,,76,F,Chainsaw,,T,,F,,,F,,,,,,,,,,,,,,,,,,,,,,,,,,,,,,,,,,,,,,,,,,,,,,,,,,,,,,,,,,,,,,,,,,,,,,,,,,,
2029702,Greenworks OCS600 Power Head,T,0,T,0,GREENWORKS,Chainsaws,HANDHELD,T,T,F,Handheld,F,OCS600-C4DP,1299.99,Battery,Tool, ,0,0,F,,,,,,,,77,F,Chainsaw,82V,T,,F,,,F,,,,,,,,,,,,,,,,,,,,,,,,,,,,,,,,,,,,,,https://www.westendpower.com/new-models/2026-greenworks-82v-optimus-36kw-cs-kit-wcore400-ocs600-c4dp-29412256b,,,,,,,,,,,,,,,,,,,,,,,,,,,,,,,,,,,,,
2033002VK,"Greenworks OCS500 Chainsaw w/20"" Bar",T,0,T,0,GREENWORKS,Chainsaws,HANDHELD,T,T,F,Handheld,F,OCS500,1199.99,Battery,Kit, ,0,0,F,,,,,,,,78,F,Chainsaw,82V,T,,F,,,F,,,,,,,,,,,,,,,,,,,,,,,,,,,,,,,,,,,,,,,,,,,,,,,,,,,,,,,,,,,,,,,,,,,,,,,,,,,
2032902VK,"Greenworks OCS500 Chainsaw w/18"" Bar",T,0,T,0,GREENWORKS,Chainsaws,HANDHELD,T,T,F,Handheld,F,OCS500,1179.99,Battery,Tool, ,0,0,F,,,,,,,,79,F,Chainsaw,82V,T,,F,,,F,,,,,,,,,,,,,,,,,,,,,,,,,,,,,,,,,,,,,,,,,,,,,,,,,,,,,,,,,,,,,,,,,,,,,,,,,,,
2032802VK,"Greenworks OCS500 Chainsaw w/16"" Bar",T,0,T,0,GREENWORKS,Chainsaws,HANDHELD,T,T,F,Handheld,F,OCS500,1149.99,Battery,Kit, ,0,0,F,,,,,,,,80,F,Chainsaw,82V,T,,F,,,F,,,,,,,,,,,,,,,,,,,,,,,,,,,,,,,,,,,,,,,,,,,,,,,,,,,,,,,,,,,,,,,,,,,,,,,,,,,
2031702,Greenworks OCS500-C4DP Chainsaw Kit,T,0,T,0,GREENWORKS,Chainsaws,HANDHELD,T,T,F,Handheld,F,OCS500-C4DP,979.99,,Tool, ,0,0,F,,,,,,,,81,F,Chainsaw,,T,,F,,,F,,,,,,,,,,,,,,,,,,,,,,,,,,,,,,,,,,,,,,https://www.westendpower.com/new-models/2026-greenworks-82v-optimus-30-kw-chainsaw-pwcore400-ocs500-c4dp-29412310b,,,,,,,,,,,,,,,,,,,,,,,,,,,,,,,,,,,,,
2033402VK,"Greenworks OTS350 Chainsaw w/16"" Bar",T,0,T,0,GREENWORKS,Chainsaws,HANDHELD,T,T,F,Handheld,F,48v,1089.99,Battery,Tool, ,0,0,F,,,,,,,,84,F,Chainsaw,48V,T,,F,,,F,,,,,,,,,,,,,,,,,,,,,,,,,,,,,,,,,,,,,,,,,,,,,,,,,,,,,,,,,,,,,,,,,,,,,,,,,,,
2033302VK,"Greenworks OTS350 Chainsaw w/14"" Bar",T,0,T,0,GREENWORKS,Chainsaws,HANDHELD,T,T,F,Handheld,F,48v,1079.99,Battery,Tool, ,0,0,F,,,,,,,,85,F,Chainsaw,48V,T,,F,,,F,,,,,,,,,,,,,,,,,,,,,,,,,,,,,,,,,,,,,,,,,,,,,,,,,,,,,,,,,,,,,,,,,,,,,,,,,,,
2033202VK,"Greenworks OTS350 Chainsaw w/12"" Bar",T,0,T,0,GREENWORKS,Chainsaws,HANDHELD,T,T,F,Handheld,F,48v,1069.99,Battery,Tool, ,0,0,F,,,,,,,,86,F,Chainsaw,48V,T,,F,,,F,,,,,,,,,,,,,,,,,,,,,,,,,,,,,,,,,,,,,,,,,,,,,,,,,,,,,,,,,,,,,,,,,,,,,,,,,,,
2033102VK,"Greenworks OTS350 Chainsaw w/10"" Bar",T,0,T,0,GREENWORKS,Chainsaws,HANDHELD,T,T,F,Handheld,F,48v,1059.99,Battery,Tool, ,0,0,F,,,,,,,,87,F,Chainsaw,48V,T,,F,,,F,,,,,,,,,,,,,,,,,,,,,,,,,,,,,,,,,,,,,,,,,,,,,,,,,,,,,,,,,,,,,,,,,,,,,,,,,,,
2031602,Greenworks OTS350 Power Head,T,0,T,0,GREENWORKS,Chainsaws,HANDHELD,T,T,F,Handheld,F,OTS350-T4SC,1029.99,Battery,Kit, ,0,0,F,,,,,,,,88,F,Chainsaw,48V,T,,F,,,F,,,,,,,,,,,,,,,,,,,,,,,,,,,,,,,,,,,,,,,,,,,,,,,,,,,,,,,,,,,,,,,,,,,,,,,,,,,
1408602,Greenworks OPS300 Pole Pruner,T,0,T,0,GREENWORKS,Pole Pruners,HANDHELD,T,T,F,Handheld,F,OPS300T-C3DP,1099.99,Battery,Tool, ,0,0,F,,,,,,,,91,F,Pole Pruner,82V,T,,F,,,F,,,,,,,,,,,,,,,,,,,,,,,,,,,,,,,,,,,,,,https://www.westendpower.com/new-models/2026-greenworks-82v-optimus-10-poles-wcarfswcore300ops300t-c3dp-29412263b,,,,,,,,,,,,,,,,,,,,,,,,,,,,,,,,,,,,,
1408502,Greenworks OPS300 Pole Pruner,T,0,T,0,GREENWORKS,Pole Pruners,HANDHELD,T,T,F,Handheld,F,OPS300T,749.99,Battery,Tool, ,0,0,F,,,,,,,,92,F,Pole Pruner,82V,T,,F,,,F,,,,,,,,,,,,,,,,,,,,,,,,,,,,,,,,,,,,,,https://www.westendpower.com/new-models/2026-greenworks-82v-optimus-10-polesaw-with-car-fibsh-ops300t-29411209b,,,,,,,,,,,,,,,,,,,,,,,,,,,,,,,,,,,,,
OPS300CA1,Greenworks OPS300C Pole Pruner,T,0,T,0,GREENWORKS,Pole Pruners,HANDHELD,T,T,F,Handheld,F,OPS300C,999.99,Battery,Kit, ,0,0,F,,,,,,,,93,F,Pole Pruner,82V,T,,F,,,F,,,,,,,,,,,,,,,,,,,,,,,,,,,,,,,,,,,,,,https://www.westendpower.com/new-models/2026-greenworks-82v-optimus-10-fixed-car-fiber-pol-kit-ops300c-29412307b,,,,,,,,,,,,,,,,,,,,,,,,,,,,,,,,,,,,,
OPS300A1,Greenworks OPS300C Pole Pruner,T,0,T,0,GREENWORKS,Pole Pruners,HANDHELD,T,T,F,Handheld,F,OPS300,649.99,Battery,Tool, ,0,0,F,,,,,,,,94,F,Pole Pruner,82V,T,,F,,,F,,,,,,,,,,,,,,,,,,,,,,,,,,,,,,,,,,,,,,https://www.westendpower.com/new-models/2026-greenworks-82v-optimus-fixed-shaft-polesaw-ops300-29412304b,,,,,,,,,,,,,,,,,,,,,,,,,,,,,,,,,,,,,
ATM22SCA1,"Greenworks ATM22 - 22"" Walk-Behind Mower",T,0,T,0,GREENWORKS,Mowers,HANDHELD,T,T,F,Handheld,F,ATM22SC,2199.99,,Tool, ,0,0,F,,,,,,,,97,F,Walk-Behind Mower,,T,,F,,,F,,,,,,,,,,,,,,,,,,,,,,,,,,,,,,,,,,,,,,,,,,,,,,,,,,,,,,,,,,,,,,,,,,,,,,,,,,,
ATM22SA1,"Greenworks ATM22 - 22"" Walk-Behind Mower",T,0,T,0,GREENWORKS,Mowers,HANDHELD,T,T,F,Handheld,F,ATM22S,1599.99,,Tool, ,0,0,F,,,,,,,,98,F,Walk-Behind Mower,,T,,F,,,F,,,,,,,,,,,,,,,,,,,,,,,,,,,,,,,,,,,,,,,,,,,,,,,,,,,,,,,,,,,,,,,,,,,,,,,,,,,
2555602,"Greenworks ATM22A - 22"" Walk-Behind Mower",T,0,T,0,GREENWORKS,Mowers,HANDHELD,T,T,F,Handheld,F,ATM22A-C5DP,2999.99,Battery,Kit, ,0,0,F,,,,,,,,99,F,Walk-Behind Mower,82V,T,,F,,,F,,,,,,,,,,,,,,,,,,,,,,,,,,,,,,,,,,,,,,https://www.westendpower.com/new-models/2026-greenworks-82v-optimus-atm-22-s-prom-w-core530-atm22a-c5dp-29411125b,,,,,,,,,,,,,,,,,,,,,,,,,,,,,,,,,,,,,
2545702,"Greenworks ATM22A - 22"" Walk-Behind Mower",T,0,T,0,GREENWORKS,Mowers,HANDHELD,T,T,F,Handheld,F,ATM22A,1899.99,Battery,Kit, ,0,0,F,,,,,,,,100,F,Walk-Behind Mower,82V,T,,F,,,F,,,,,,,,,,,,,,,,,,,,,,,,,,,,,,,,,,,,,,https://www.westendpower.com/new-models/2026-greenworks-82v-optimus-atm-22-self-propelled-mower-atm22a-29411121b,,,,,,,,,,,,,,,,,,,,,,,,,,,,,,,,,,,,,
2554502,"Greenworks ATM30 - 30"" Walk-Behind Mower",T,0,T,0,GREENWORKS,Mowers,HANDHELD,T,T,F,Handheld,F,ATM30-C5DP,3999.99,,Tool, ,0,0,F,,,,,,,,101,F,Walk-Behind Mower,,T,,F,,,F,,,,,,,,,,,,,,,,,,,,,,,,,,,,,,,,,,,,,,,,,,,,,,,,,,,,,,,,,,,,,,,,,,,,,,,,,,,
2553202,"Greenworks ATM30C - 30"" Walk-Behind Mower",T,0,T,0,GREENWORKS,Mowers,HANDHELD,T,T,F,Handheld,F,ATM30C-C5DP,4499.99,Battery,Tool, ,0,0,F,,,,,,,,103,F,Walk-Behind Mower,82V,T,,F,,,F,,,,,,,,,,,,,,,,,,,,,,,,,,,,,,,,,,,,,,https://www.westendpower.com/new-models/2026-greenworks-82v-optimus-atm-30-self-p-mw-core530-atm30c-c5dp-29411114b,,,,,,,,,,,,,,,,,,,,,,,,,,,,,,,,,,,,,
2548302,"Greenworks ATM30C - 30"" Walk-Behind Mower",T,0,T,0,GREENWORKS,Mowers,HANDHELD,T,T,F,Handheld,F,ATM30C,2999.99,Battery,Tool, ,0,0,F,,,,,,,,104,F,Walk-Behind Mower,82V,T,,F,,,F,,,,,,,,,,,,,,,,,,,,,,,,,,,,,,,,,,,,,,https://www.westendpower.com/new-models/2026-greenworks-82v-optimus-atm-30-self-pro-mower-wsc-atm30c-29411110b,,,,,,,,,,,,,,,,,,,,,,,,,,,,,,,,,,,,,
1504702,Greenworks PC141 Power Cutter,T,0,T,0,GREENWORKS,Cut-Off Saws,HANDHELD,T,T,F,Handheld,F,PC141-C5DP,1999.99,Battery,Tool, ,0,0,F,,,,,,,,105,F,Power Cutter,82V,T,,F,,,F,,,,,,,,,,,,,,,,,,,,,,,,,,,,,,,,,,,,,,https://www.westendpower.com/new-models/2026-greenworks-82v-optimus-14-power-cwcore530-bdpc-pc141-c5dp-29412454b,,,,,,,,,,,,,,,,,,,,,,,,,,,,,,,,,,,,,
1503502,Greenworks PC141 Power Cutter,T,0,T,0,GREENWORKS,Cut-Off Saws,HANDHELD,T,T,F,Handheld,F,PC141,999.99,Battery,Kit, ,0,0,F,,,,,,,,106,F,Power Cutter,82V,T,,F,,,F,,,,,,,,,,,,,,,,,,,,,,,,,,,,,,,,,,,,,,https://www.westendpower.com/new-models/2026-greenworks-82v-optimus-14-power-cutter-pc141-29411357b,,,,,,,,,,,,,,,,,,,,,,,,,,,,,,,,,,,,,
1503902,Greenworks 82PC12 Power Cutter,T,0,T,0,GREENWORKS,Cut-Off Saws,HANDHELD,T,T,F,Handheld,F,82PC12,629.99,Battery,Tool, ,0,0,F,,,,,,,,107,F,Power Cutter,82V,T,,F,,,F,,,,,,,,,,,,,,,,,,,,,,,,,,,,,,,,,,,,,,,,,,,,,,,,,,,,,,,,,,,,,,,,,,,,,,,,,,,
1501402,Greenworks 82PC12 Power Cutter,T,0,T,0,GREENWORKS,Cut-Off Saws,HANDHELD,T,T,F,Handheld,F,82PC12,419.99,Battery,Tool, ,0,0,F,,,,,,,,108,F,Power Cutter,82V,T,,F,,,F,,,,,,,,,,,,,,,,,,,,,,,,,,,,,,,,,,,,,,,,,,,,,,,,,,,,,,,,,,,,,,,,,,,,,,,,,,,
PW82ACA1,Greenworks PW82 Pressure Washer,T,0,T,0,GREENWORKS,Pressure Washers,HANDHELD,T,T,F,Handheld,F,PW82AC,749.99,Electric,Kit, ,0,0,F,,,,,,,,111,F,Pressure Washer,Corded,T,,F,,,F,,,,,,,,,,,,,,,,,,,,,,,,,,,,,,,,,,,,,,,,,,,,,,,,,,,,,,,,,,,,,,,,,,,,,,,,,,,
2998102,Greenworks 82HP36 Powerhead,T,0,T,0,GREENWORKS,Power Heads,HANDHELD,T,T,F,Handheld,F,82HP36,549.99,,Tool, ,0,0,F,,,,,,,,115,F,Power Head,,T,,F,,,F,,,,,,,,,,,,,,,,,,,,,,,,,,,,,,,,,,,,,,,,,,,,,,,,,,,,,,,,,,,,,,,,,,,,,,,,,,,
HP400CRA1,Greenworks HP400 Powerhead,T,0,T,0,GREENWORKS,Power Heads,HANDHELD,T,T,F,Handheld,F,HP400,699.99,,Kit, ,0,0,F,,,,,,,,116,F,Power Head,,T,,F,,,F,,,,,,,,,,,,,,,,,,,,,,,,,,,,,,,,,,,,,,,,,,,,,,,,,,,,,,,,,,,,,,,,,,,,,,,,,,,
CUBE10HA3,Greenworks 10.2 kWh Energy Cube,T,0,T,0,GREENWORKS,Power Supply,HANDHELD,T,T,F,Handheld,F,CUBE10H,14999.99,,Tool, ,0,0,F,,,,,,,,125,F,Energy Storage,,T,,F,,,F,,,,,,,,,,,,,,,,,,,,,,,,,,,,,,,,,,,,,,,,,,,,,,,,,,,,,,,,,,,,,,,,,,,,,,,,,,,
8500102VK,Greenworks 16.2 kWh Energy Cube,T,0,T,0,GREENWORKS,Power Supply,HANDHELD,T,T,F,Handheld,F,8500102VK,19999.99,,Tool, ,0,0,F,,,,,,,,126,F,Energy Storage,,T,,F,,,F,,,,,,,,,,,,,,,,,,,,,,,,,,,,,,,,,,,,,,,,,,,,,,,,,,,,,,,,,,,,,,,,,,,,,,,,,,,
7426302,"Greenworks MZ608 - 60"" Zero-Turn Mower",T,0,T,0,GREENWORKS,Mowers,HANDHELD,T,T,F,Handheld,F,MZ608,6999.99,,Tool, ,0,0,F,,,,,,,,130,F,Zero-Turn Mower,,T,,F,,,F,,,,,,,,,,,,,,,,,,,,,,,,,,,,,,,,,,,,,,https://www.westendpower.com/new-models/2025-greenworks-82v-60-maximus-zero-turn-mower-mz608-29323147b,,,,,,,,,,,,,,,,,,,,,,,,,,,,,,,,,,,,,
2141402,Greenworks 82ST151 Prosumer Trimmer,T,0,T,0,GREENWORKS,Trimmers,HANDHELD,T,T,F,Handheld,F,82ST151,199.99,Battery,Tool, ,0,0,F,,,,,,,,133,F,String Trimmer,82V,T,,F,,,F,,,,,,,,,,,,,,,,,,,,,,,,,,,,,,,,,,,,,,https://www.westendpower.com/new-models/2026-greenworks-gw82v-15kw-prosumer-fm-st-w25ah-b8a-dpc-82st151-29411294b,,,,,,,,,,,,,,,,,,,,,,,,,,,,,,,,,,,,,
2424602,Greenworks 82BA26 Backpack Blower,T,0,T,0,GREENWORKS,Blowers,HANDHELD,T,T,F,Handheld,F,82BA26,399.99,,Tool, ,0,0,F,,,,,,,,142,F,Backpack Blower,,T,,F,,,F,,,,,,,,,,,,,,,,,,,,,,,,,,,,,,,,,,,,,,https://www.westendpower.com/new-models/2026-greenworks-82v-690-cfm-dual-port-back-blower-to-82ba26-29411141b,,,,,,,,,,,,,,,,,,,,,,,,,,,,,,,,,,,,,
2215402,Greenworks HT82210 Hedge Trimmer,T,0,T,0,GREENWORKS,Hedge Trimmers,HANDHELD,T,T,F,Handheld,F,HT82210,249.99,Battery,Tool, ,0,0,F,,,,,,,,145,F,Hedge Trimmer,82V,T,,F,,,F,,,,,,,,,,,,,,,,,,,,,,,,,,,,,,,,,,,,,,https://www.westendpower.com/new-models/2026-greenworks-82v-24-hedge-trimmer-w2ah-bat-sinportc-ht82210-29411339b,,,,,,,,,,,,,,,,,,,,,,,,,,,,,,,,,,,,,
2308902,Greenworks 82PH30 Hedge Trimmer,T,0,T,0,GREENWORKS,Hedge Trimmers,HANDHELD,T,T,F,Handheld,F,82PH30F1,249.99,,Tool, ,0,0,F,,,,,,,,148,F,Hedge Trimmer,,T,,F,,,F,,,,,,,,,,,,,,,,,,,,,,,,,,,,,,,,,,,,,,https://www.westendpower.com/new-models/2026-greenworks-gw82v-prosumer-sphedtri-w25ah-b8adpc-82ph30f1-29411342b,,,,,,,,,,,,,,,,,,,,,,,,,,,,,,,,,,,,,
2309002,Greenworks 82PH40 Hedge Trimmer,T,0,T,0,GREENWORKS,Hedge Trimmers,HANDHELD,T,T,F,Handheld,F,82PH40F1,299.99,,Tool, ,0,0,F,,,,,,,,149,F,Hedge Trimmer,,T,,F,,,F,,,,,,,,,,,,,,,,,,,,,,,,,,,,,,,,,,,,,,,,,,,,,,,,,,,,,,,,,,,,,,,,,,,,,,,,,,,
2541502,"Greenworks 82LM21 - 21"" Walk-Behind Mower",T,0,T,0,GREENWORKS,Mowers,HANDHELD,T,T,F,Handheld,F,82LM21,299.99,Battery,Tool, ,0,0,F,,,,,,,,152,F,Walk-Behind Mower,82V,T,,F,,,F,,,,,,,,,,,,,,,,,,,,,,,,,,,,,,,,,,,,,,,,,,,,,,,,,,,,,,,,,,,,,,,,,,,,,,,,,,,
2542802,"Greenworks 82LM21S - 21"" Walk-Behind Mower",T,0,T,0,GREENWORKS,Mowers,HANDHELD,T,T,F,Handheld,F,82LM21S,399.99,Battery,Tool, ,0,0,F,,,,,,,,153,F,Walk-Behind Mower,82V,T,,F,,,F,,,,,,,,,,,,,,,,,,,,,,,,,,,,,,,,,,,,,,,,,,,,,,,,,,,,,,,,,,,,,,,,,,,,,,,,,,,
2026002,"Greenworks 82CS24 Chainsaw w/16"" Bar",T,0,T,0,GREENWORKS,Chainsaws,HANDHELD,T,T,F,Handheld,F,82CS24,199.99,Battery,Tool, ,0,0,F,,,,,,,,157,F,Chainsaw,82V,T,,F,,,F,,,,,,,,,,,,,,,,,,,,,,,,,,,,,,,,,,,,,,https://www.westendpower.com/new-models/2026-greenworks-82v-16-24kw-chainsaw-tool-only-82cs24-29411219b,,,,,,,,,,,,,,,,,,,,,,,,,,,,,,,,,,,,,
2030702,"Greenworks 82CS271 Chainsaw w/18"" Bar",T,0,T,0,GREENWORKS,Chainsaws,HANDHELD,T,T,F,Handheld,F,82CS271,229.99,Battery,Tool, ,0,0,F,,,,,,,,158,F,Chainsaw,82V,T,,F,,,F,,,,,,,,,,,,,,,,,,,,,,,,,,,,,,,,,,,,,,,,,,,,,,,,,,,,,,,,,,,,,,,,,,,,,,,,,,,
2025802,"Greenworks 82CS34 Chainsaw w/20"" Bar",T,0,T,0,GREENWORKS,Chainsaws,HANDHELD,T,T,F,Handheld,F,82CS34,279.99,Battery,Tool, ,0,0,F,,,,,,,,159,F,Chainsaw,82V,T,,F,,,F,,,,,,,,,,,,,,,,,,,,,,,,,,,,,,,,,,,,,,https://www.westendpower.com/new-models/2026-greenworks-82v-20-34kw-chainsaw-tool-only-82cs34-29411225b,,,,,,,,,,,,,,,,,,,,,,,,,,,,,,,,,,,,,
1407202,Greenworks 82PS10 Pole Saw,T,0,T,0,GREENWORKS,Pole Pruners,HANDHELD,T,T,F,Handheld,F,82PS10,149.99,Battery,Tool, ,0,0,F,,,,,,,,162,F,Pole Pruner,82V,T,,F,,,F,,,,,,,,,,,,,,,,,,,,,,,,,,,,,,,,,,,,,,https://www.westendpower.com/new-models/2026-greenworks-82v-polesaw-with-split-shaft-tool-only-82ps10-29411235b,,,,,,,,,,,,,,,,,,,,,,,,,,,,,,,,,,,,,
2612502,Greenworks 82SN22 Snow Blower,T,0,T,0,GREENWORKS,Snow Blowers,HANDHELD,T,T,F,Handheld,F,82SN22,549.99,Battery,Tool, ,0,0,F,,,,,,,,165,F,Snow Blower,82V,T,,F,,,F,,,,,,,,,,,,,,,,,,,,,,,,,,,,,,,,,,,,,,https://www.westendpower.com/new-models/2026-greenworks-82v-brushless-22-dual-port-sthrower-t-o-82sn22-29411350b,,,,,,,,,,,,,,,,,,,,,,,,,,,,,,,,,,,,,
2614502,Greenworks 82SN24D Snow Blower,T,0,T,0,GREENWORKS,Snow Blowers,HANDHELD,T,T,F,Handheld,F,82SN24D,1999.99,Battery,Tool, ,0,0,F,,,,,,,,166,F,Snow Blower,82V,T,,F,,,F,,,,,,,,,,,,,,,,,,,,,,,,,,,,,,,,,,,,,,https://www.westendpower.com/new-models/2026-greenworks-82v-dual-stage-snow-thrower-tool-only-82sn24d-29411347b,,,,,,,,,,,,,,,,,,,,,,,,,,,,,,,,,,,,,
2801402,Greenworks GTL100 Cultivator,T,0,T,0,GREENWORKS,Tillers,HANDHELD,T,T,F,Handheld,F,GTL100,379.99,Battery,Tool, ,0,0,F,,,,,,,,169,F,Cultivator,82V,T,,F,,,F,,,,,,,,,,,,,,,,,,,,,,,,,,,,,,,,,,,,,,https://www.westendpower.com/new-models/2026-greenworks-82v-10-tillercultivator-tool-only-gtl100-29411374b,,,,,,,,,,,,,,,,,,,,,,,,,,,,,,,,,,,,,
2957502,Greenworks 82PI1 Power Inverter,T,0,T,0,GREENWORKS,Power Supply,HANDHELD,T,T,F,Handheld,F,82PI1,79.99,Battery,Kit, ,0,0,F,,,,,,,,172,F,Inverter,82V,T,,F,,,F,,,,,,,,,,,,,,,,,,,,,,,,,,,,,,,,,,,,,,https://www.westendpower.com/new-models/2026-greenworks-82v-inverter-82pi1-29411388b,,,,,,,,,,,,,,,,,,,,,,,,,,,,,,,,,,,,,
3502102,Greenworks 82WL1 Work Light,T,0,T,0,GREENWORKS,Shop Tools,WALKBEHIND,T,T,F,Handheld,T,82WL1,79.99,Battery,Tool, ,0,0,F,,,,,,,,175,F,Work Light,82V,T,,F,,,F,,,,,,,,,,,,,,,,,,,,,,,,,,,,,,,,,,,,,,https://www.westendpower.com/new-models/2026-greenworks-82v-commercial-work-light-82wl1-29411375b,,,,,,,,,,,,,,,,,,,,,,,,,,,,,,,,,,,,,
7414702,"Greenworks CZ48S18X - 48"" Stand-On Mower",T,0,T,0,GREENWORKS,Mowers,RIDING,T,T,F,Zero-Turns,T,CZ48S18X,21999.99,Battery,Zero-Turn Mower, ,0,0,F,,,,,,,,199,F,Stand-On Mower,82V,T,,F,,,F,,,,,,,,,,,,,,,,,,,,,,,,,,,,,,,,,,,,,,https://www.westendpower.com/new-models/2026-greenworks-optimusz-48-stand-on-zero-turn-mower-cz48s18x-29407660b,,,,,,,,,,,,,,,,,,,,,,,,,,,,,,,,,,,,,
7414902,"Greenworks CZ52S18X - 52"" Stand-On Mower",T,0,T,0,GREENWORKS,Mowers,RIDING,T,T,F,Zero-Turns,T,CZ52S18X,21999.99,Battery,Zero-Turn Mower, ,0,0,F,,,,,,,,200,F,Stand-On Mower,82V,T,,F,,,F,,,,,,,,,,,,,,,,,,,,,,,,,,,,,,,,,,,,,,https://www.westendpower.com/new-models/2026-greenworks-optimusz-52-18kwh-stand-on-zero-turn-m-cz52s18x-29407169b,,,,,,,,,,,,,,,,,,,,,,,,,,,,,,,,,,,,,
7415102,"Greenworks CZ60S18X - 60"" Stand-On Mower",T,0,T,0,GREENWORKS,Mowers,RIDING,T,T,F,Zero-Turns,T,CZ60S18X,21999.99,Battery,Zero-Turn Mower, ,0,0,F,,,,,,,,201,F,Stand-On Mower,82V,T,,F,,,F,,,,,,,,,,,,,,,,,,,,,,,,,,,,,,,,,,,,,,https://www.westendpower.com/new-models/2026-greenworks-optimusz-60-18kwh-stand-on-zero-turn-m-cz60s18x-29407160b,,,,,,,,,,,,,,,,,,,,,,,,,,,,,,,,,,,,,
7411402,"Greenworks CZ48S24X - 48"" Stand-On Mower",T,0,T,0,GREENWORKS,Mowers,RIDING,T,T,F,Zero-Turns,T,CZ48S24X,25999.99,Battery,Zero-Turn Mower, ,0,0,F,,,,,,,,202,F,Stand-On Mower,82V,T,,F,,,F,,,,,,,,,,,,,,,,,,,,,,,,,,,,,,,,,,,,,,https://www.westendpower.com/new-models/2026-greenworks-optimusz-48-24kwh-stand-on-zero-turn-m-cz48s24x-29407172b,,,,,,,,,,,,,,,,,,,,,,,,,,,,,,,,,,,,,
7411602,"Greenworks CZ52S24X - 52"" Stand-On Mower",T,0,T,0,GREENWORKS,Mowers,RIDING,T,T,F,Zero-Turns,T,CZ52S24X,25999.99,Battery,Zero-Turn Mower, ,0,0,F,,,,,,,,203,F,Stand-On Mower,82V,T,,F,,,F,,,,,,,,,,,,,,,,,,,,,,,,,,,,,,,,,,,,,,https://www.westendpower.com/new-models/2026-greenworks-optimusz-52-24kwh-stand-on-zero-turn-m-cz52s24x-29407165b,,,,,,,,,,,,,,,,,,,,,,,,,,,,,,,,,,,,,
7414502,"Greenworks CZ60S24X - 60"" Stand-On Mower",T,0,T,0,GREENWORKS,Mowers,RIDING,T,T,F,Zero-Turns,T,CZ60S24X,25999.99,Battery,Zero-Turn Mower, ,0,0,F,,,,,,,,204,F,Stand-On Mower,82V,T,,F,,,F,,,,,,,,,,,,,,,,,,,,,,,,,,,,,,,,,,,,,,https://www.westendpower.com/new-models/2026-greenworks-optimusz-60-24kwh-stand-on-zero-turn-mw-cz60s24x-29407155b,,,,,,,,,,,,,,,,,,,,,,,,,,,,,,,,,,,,,
7428902,"Greenworks OS932 - 32"" Stand-On Mower",T,0,T,0,GREENWORKS,Mowers,RIDING,T,T,F,Zero-Turns,T,OS932,14499.99,Battery,Stand-On Mower, ,0,0,F,,,,,,,,207,F,Stand-On Mower,82V,T,,F,,,F,,,,,,,,,,,,,,,,,,,,,,,,,,,,,,,,,,,,,,,,,,,,,,,,,,,,,,,,,,,,,,,,,,,,,,,,,,,
7425802,"Greenworks OS936 - 36"" Stand-On Mower",T,0,T,0,GREENWORKS,Mowers,RIDING,T,T,F,Zero-Turns,T,OS936,14999.99,Battery,Stand-On Mower, ,0,0,F,,,,,,,,208,F,Stand-On Mower,82V,T,,F,,,F,,,,,,,,,,,,,,,,,,,,,,,,,,,,,,,,,,,,,,,,,,,,,,,,,,,,,,,,,,,,,,,,,,,,,,,,,,,
7425602,"Greenworks OS948 - 48"" Stand-On Mower",T,0,T,0,GREENWORKS,Mowers,RIDING,T,T,F,Zero-Turns,T,OS948,27499.99,Battery,Stand-On Mower, ,0,0,F,,,,,,,,209,F,Stand-On Mower,82V,T,,F,,,F,,,,,,,,,,,,,,,,,,,,,,,,,,,,,,,,,,,,,,https://www.westendpower.com/new-models/2026-greenworks-optimusz-series-9-48-stand-on-ztr-24-kwh-os948-29407791b,,,,,,,,,,,,,,,,,,,,,,,,,,,,,,,,,,,,,
7425302,"Greenworks OS952 - 52"" Stand-On Mower",T,0,T,0,GREENWORKS,Mowers,RIDING,T,T,F,Zero-Turns,T,OS952,27999.99,Battery,Stand-On Mower, ,0,0,F,,,,,,,,210,F,Stand-On Mower,82V,T,,F,,,F,,,,,,,,,,,,,,,,,,,,,,,,,,,,,,,,,,,,,,https://www.westendpower.com/new-models/2026-greenworks-optimusz-series-9-52-stand-on-ztr-24-kwh-os952-29407790b,,,,,,,,,,,,,,,,,,,,,,,,,,,,,,,,,,,,,
7425002,"Greenworks OS960 - 60"" Stand-On Mower",T,0,T,0,GREENWORKS,Mowers,RIDING,T,T,F,Zero-Turns,T,OS960,28499.99,Battery,Stand-On Mower, ,0,0,F,,,,,,,,211,F,Stand-On Mower,82V,T,,F,,,F,,,,,,,,,,,,,,,,,,,,,,,,,,,,,,,,,,,,,,https://www.westendpower.com/new-models/2026-greenworks-optimusz-series-9-60-stand-on-ztr-24-kwh-os960-29407786b,,,,,,,,,,,,,,,,,,,,,,,,,,,,,,,,,,,,,
7414802,"Greenworks CZ48R18X - 48"" Zero-Trun Mower",T,0,T,0,GREENWORKS,Mowers,RIDING,T,T,F,Zero-Turns,T,CZ48R18X,22999.99,Battery,Zero-Turn Mower, ,0,0,F,,,,,,,,214,F,Zero-Turn Mower,82V,T,,F,,,F,,,,,,,,,,,,,,,,,,,,,,,,,,,,,,,,,,,,,,https://www.westendpower.com/new-models/2026-greenworks-optimusz-48-ride-on-zero-turn-mower-cz48r18x-29407657b,,,,,,,,,,,,,,,,,,,,,,,,,,,,,,,,,,,,,
7415002,"Greenworks CZ52R18X - 52"" Zero-Turn Mower",T,0,T,0,GREENWORKS,Mowers,RIDING,T,T,F,Zero-Turns,T,CZ52R18X,22999.99,Battery,Zero-Turn Mower, ,0,0,F,,,,,,,,215,F,Zero-Turn Mower,82V,T,,F,,,F,,,,,,,,,,,,,,,,,,,,,,,,,,,,,,,,,,,,,,https://www.westendpower.com/new-models/2026-greenworks-optimusz-52-18kwh-ride-on-zero-turn-m-cz52r18x-29407171b,,,,,,,,,,,,,,,,,,,,,,,,,,,,,,,,,,,,,
7415202,"Greenworks CZ60R18X - 60"" Zero-Turn Mower",T,0,T,0,GREENWORKS,Mowers,RIDING,T,T,F,Zero-Turns,T,CZ60R18X,22999.99,Battery,Zero-Turn Mower, ,0,0,F,,,,,,,,216,F,Zero-Turn Mower,82V,T,,F,,,F,,,,,,,,,,,,,,,,,,,,,,,,,,,,,,,,,,,,,,https://www.westendpower.com/new-models/2026-greenworks-optimusz-60-18kwh-ride-on-zero-turn-m-cz60r18x-29407163b,,,,,,,,,,,,,,,,,,,,,,,,,,,,,,,,,,,,,
7414602,"Greenworks CZ48R24X - 48"" Zero-Turn Mower",T,0,T,0,GREENWORKS,Mowers,RIDING,T,T,F,Zero-Turns,T,CZ48R24X,26999.99,Battery,Zero-Turn Mower, ,0,0,F,,,,,,,,217,F,Zero-Turn Mower,82V,T,,F,,,F,,,,,,,,,,,,,,,,,,,,,,,,,,,,,,,,,,,,,,https://www.westendpower.com/new-models/2026-greenworks-optimusz-48-ride-on-zero-turn-mower-cz48r24x-29407654b,,,,,,,,,,,,,,,,,,,,,,,,,,,,,,,,,,,,,
7411502,"Greenworks CZ52R24X - 52"" Zero-Turn Mower",T,0,T,0,GREENWORKS,Mowers,RIDING,T,T,F,Zero-Turns,T,CZ52R24X,26999.99,Battery,Zero-Turn Mower, ,0,0,F,,,,,,,,218,F,Zero-Turn Mower,82V,T,,F,,,F,,,,,,,,,,,,,,,,,,,,,,,,,,,,,,,,,,,,,,https://www.westendpower.com/new-models/2026-greenworks-optimusz-52-24kwh-ride-on-zero-turn-m-cz52r24x-29407166b,,,,,,,,,,,,,,,,,,,,,,,,,,,,,,,,,,,,,
7411702,"Greenworks CZ60R24X - 60"" Zero-Turn Mower",T,0,T,0,GREENWORKS,Mowers,RIDING,T,T,F,Zero-Turns,T,CZ60R24X,26999.99,Battery,Zero-Turn Mower, ,0,0,F,,,,,,,,219,F,Zero-Turn Mower,82V,T,,F,,,F,,,,,,,,,,,,,,,,,,,,,,,,,,,,,,,,,,,,,,https://www.westendpower.com/new-models/2026-greenworks-optimusz-60-24kwh-ride-on-zero-turn-m-cz60r24x-29407158b,,,,,,,,,,,,,,,,,,,,,,,,,,,,,,,,,,,,,
7425502,"Greenworks OZ948 - 48"" Zero-Turn Mower",T,0,T,0,GREENWORKS,Mowers,RIDING,T,T,F,Zero-Turns,T,OZ948,27999.99,Battery,Zero-Turn Mower, ,0,0,F,,,,,,,,222,F,Zero-Turn Mower,82V,T,,F,,,F,,,,,,,,,,,,,,,,,,,,,,,,,,,,,,,,,,,,,,https://www.westendpower.com/new-models/2026-greenworks-optimusz-series-9-48-ride-on-ztr-24-kwh-oz948-29407784b,,,,,,,,,,,,,,,,,,,,,,,,,,,,,,,,,,,,,
7425202,"Greenworks OZ952 - 52"" Zero-Turn Mower",T,0,T,0,GREENWORKS,Mowers,RIDING,T,T,F,Zero-Turns,T,OZ952,28499.99,Battery,Zero-Turn Mower, ,0,0,F,,,,,,,,223,F,Zero-Turn Mower,82V,T,,F,,,F,,,,,,,,,,,,,,,,,,,,,,,,,,,,,,,,,,,,,,https://www.westendpower.com/new-models/2026-greenworks-optimusz-series-9-52-ride-on-ztr-24-kwh-oz952-29407781b,,,,,,,,,,,,,,,,,,,,,,,,,,,,,,,,,,,,,
7424802,"Greenworks OZ960 - 60"" Zero-Turn Mower",T,0,T,0,GREENWORKS,Mowers,RIDING,T,T,F,Zero-Turns,T,OZ960,28999.99,Battery,Zero-Turn Mower, ,0,0,F,,,,,,,,224,F,Zero-Turn Mower,82V,T,,F,,,F,,,,,,,,,,,,,,,,,,,,,,,,,,,,,,,,,,,,,,https://www.westendpower.com/new-models/2026-greenworks-optimusz-series-9-60-ride-on-ztr-24-kwh-oz960-29407772b,,,,,,,,,,,,,,,,,,,,,,,,,,,,,,,,,,,,,
7429502,"Greenworks OZ960T - 60"" Zero-Turn Mower",T,0,T,0,GREENWORKS,Mowers,RIDING,T,T,F,Zero-Turns,T,OZ960T,30499.99,Battery,Zero-Turn Mower, ,0,0,F,,,,,,,,225,F,Zero-Turn Mower,82V,T,,F,,,F,,,,,,,,,,,,,,,,,,,,,,,,,,,,,,,,,,,,,,,,,,,,,,,,,,,,,,,,,,,,,,,,,,,,,,,,,,,
7429402,"Greenworks OZ960R - 60"" Zero-Turn Mower",T,0,T,0,GREENWORKS,Mowers,RIDING,T,T,F,Zero-Turns,T,OZ960R,29499.99,Battery,Zero-Turn Mower, ,0,0,F,,,,,,,,226,F,Zero-Turn Mower,82V,T,,F,,,F,,,,,,,,,,,,,,,,,,,,,,,,,,,,,,,,,,,,,,https://www.westendpower.com/new-models/2026-greenworks-optimusz-series-9-60-rd-r-o-ztr-24-kwhoz960r-29407779b,,,,,,,,,,,,,,,,,,,,,,,,,,,,,,,,,,,,,
7429602,"Greenworks OZ960RT - 60"" Zero-Turn Mower",T,0,T,0,GREENWORKS,Mowers,RIDING,T,T,F,Zero-Turns,T,OZ960RT,30999.99,Battery,Zero-Turn Mower, ,0,0,F,,,,,,,,227,F,Zero-Turn Mower,82V,T,,F,,,F,,,,,,,,,,,,,,,,,,,,,,,,,,,,,,,,,,,,,,,,,,,,,,,,,,,,,,,,,,,,,,,,,,,,,,,,,,,
OZ972A1,"Greenworks OZ972 - 72"" Zero-Turn Mower",T,0,T,0,GREENWORKS,Mowers,RIDING,T,T,F,Zero-Turns,T,OZ972,39499.99,Battery,Zero-Turn Mower, ,0,0,F,,,,,,,,228,F,Zero-Turn Mower,82V,T,,F,,,F,,,,,,,,,,,,,,,,,,,,,,,,,,,,,,,,,,,,,,https://www.westendpower.com/new-models/2026-greenworks-optimusz-series-9-72-sd-r-on-ztr-36-kwh-oz972-29407770b,,,,,,,,,,,,,,,,,,,,,,,,,,,,,,,,,,,,,
7421002,"Greenworks OZ972R - 72"" Zero-Turn Mower",T,0,T,0,GREENWORKS,Mowers,RIDING,T,T,F,Zero-Turns,T,OZ972R,39999.99,Battery,Zero-Turn Mower, ,0,0,F,,,,,,,,229,F,Zero-Turn Mower,82V,T,,F,,,F,,,,,,,,,,,,,,,,,,,,,,,,,,,,,,,,,,,,,,https://www.westendpower.com/new-models/2026-greenworks-optimusz-series-9-72-rd-r-on-ztr-36kwhoz972r-29407139b,,,,,,,,,,,,,,,,,,,,,,,,,,,,,,,,,,,,,
7429102,"Greenworks SP952 - 52"" Sprayer / Spreader",T,0,T,0,GREENWORKS,Sprayers,RIDING,T,T,F,Zero-Turns,T,SP952,24999.99,Battery,Zero-Turn Mower, ,0,0,F,,,,,,,,232,F,Sprayer / Spreader,82V,T,,F,,,F,,,,,,,,,,,,,,,,,,,,,,,,,,,,,,,,,,,,,,https://www.westendpower.com/new-models/2026-greenworks-optimus-52-stand-on-sprsprea-w-8-kwb-sp952-29411386b,,,,,,,,,,,,,,,,,,,,,,,,,,,,,,,,,,,,,
7503102,Greenworks CU400W Utility Vechicle,T,0,T,0,GREENWORKS,UTV's,RIDING,T,T,F,Zero-Turns,T,CU400W,17999.99,,Zero-Turn Mower, ,0,0,F,,,,,,,,235,F,Utility Vehicle,,T,,F,,,F,,,,,,,,,,,,,,,,,,,,,,,,,,,,,,,,,,,,,,,,,,,,,,,,,,,,,,,,,,,,,,,,,,,,,,,,,,,
7402602,Greenworks CU500SB Utility Vehicle - Black,T,0,T,0,GREENWORKS,UTV's,RIDING,T,T,F,Zero-Turns,T,CU500SB,22499.99,Battery,Zero-Turn Mower, ,0,0,F,,,,,,,,236,F,Utility Vehicle,82V,T,,F,,,F,,,,,,,,,,,,,,,,,,,,,,,,,,,,,,,,,,,,,,,,,,,,,,,,,,,,,,,,,,,,,,,,,,,,,,,,,,,
7402702,Greenworks CU500SC Utility Vehicle - Camo,T,0,T,0,GREENWORKS,UTV's,RIDING,T,T,F,Zero-Turns,T,CU500SC,15749.99,Battery,Zero-Turn Mower, ,0,0,F,,,,,,,,237,F,Utility Vehicle,82V,T,,F,,,F,,,,,,,,,,,,,,,,,,,,,,,,,,,,,,,,,,,,,,,,,,,,,,,,,,,,,,,,,,,,,,,,,,,,,,,,,,,
7402902,Greenworks CU800SC Utility Vehicle - Camo,T,0,T,0,GREENWORKS,UTV's,RIDING,T,T,F,Zero-Turns,T,CU800SC,26999.99,Battery,Zero-Turn Mower, ,0,0,F,,,,,,,,238,F,Utility Vehicle,82V,T,,F,,,F,,,,,,,,,,,,,,,,,,,,,,,,,,,,,,,,,,,,,,,,,,,,,,,,,,,,,,,,,,,,,,,,,,,,,,,,,,,
7413902,Greenworks CU800SC Utility Vehicle - Camo,T,0,T,0,GREENWORKS,UTV's,RIDING,T,T,F,Zero-Turns,T,CU800SC,28999.99,Battery,Zero-Turn Mower, ,0,0,F,,,,,,,,239,F,Utility Vehicle,82V,T,,F,,,F,,,,,,,,,,,,,,,,,,,,,,,,,,,,,,,,,,,,,,,,,,,,,,,,,,,,,,,,,,,,,,,,,,,,,,,,,,,
7414002,Greenworks CU800SB Utility Vehicle - Black,T,0,T,0,GREENWORKS,UTV's,RIDING,T,T,F,Zero-Turns,T,CU800SB,28999.99,Battery,Zero-Turn Mower, ,0,0,F,,,,,,,,240,F,Utility Vehicle,82V,T,,F,,,F,,,,,,,,,,,,,,,,,,,,,,,,,,,,,,,,,,,,,,,,,,,,,,,,,,,,,,,,,,,,,,,,,,,,,,,,,,,
