SKU,Description,Active,AssemblyAmount,AssemblyOption,AssemblyTime,BrandID,Category,DeliveryGroup,DiscountEligible,DisplayAvailability,FinancingEligible,FreightGroup,LocalDelivery,Model,MSRP,PowerType,ProductType,PromoName,QtyDanbury,QtyNewMilford,RebateEligible,RebateEndDate,RebateStartDate,RebateToCustomer,SaleEndDate,SalePrice,SaleStartDate,Series,SortOrder,SpecialFinancingEligible,SubCategory,System,Taxable,AllowBackorder,BuyOnlineEligible,MaximumOnLineQty,AvailabilityRequestEligible,ShippingEligible,ShippingRateType,ShipWeight,ShipLength,ShipWidth,ShipHeight,ShippingCarrierRule,ShippingRestriction,ShipsSeparately,RequiredModel1,RequiredSKU1,RequiredQty1,RequiredDescription1,RequiredModel2,RequiredSKU2,RequiredQty2,RequiredDescription2,38361,38381,38474,38475,38752,38753,38754,38755,38756,38757,39909,39909T,39901,39902,39901T,39924,39925,39926,39914,39921,39921T,39922T,39926T,39915,39915T,37807,37798,37799,37805,39960,39961,399622,39963,38830,38838,38842,38843,38844,36002,36003,38890,38891,38701,76401,76501,76502,76604,76605,76411,76511,76614,76606,76609,77301,75748,77401,77404,75747,77505,77501,77504,77506,77601,77502,77503,77507,77602,77603,75841,75851,22215,22217,22225,22235,22236,22232,22232T,22237,22287,22297,222982,22295,22296,22282,22284,22282T,44460BOT,44410,44424,44427,44430,44436,44448,44454,44460,18562,18560,18564,72530,72524,72531,72525,74532,74534,74535,72504,72518,72505,72519,72509,72513,72520,72506,72507,72510,72512,72514,72517,77281,77283,77291,77285,77288,77292,77294,18748,18752,18760,18765,18762,74000,74002,74010,74050,74052,74004,74005,74015,74035,74036,74054,74055,74057,74058,74059,74016,74020,74022,74024,72907,72908,72955,72956,72957,72910,72911,72912,72930,72918,72922,72923,72924,72953,72926,72960,72965,72967,72976,72928,72961,72968,72977,72980,72981,72983,72982,72027,72028,72029,72030,72074,72076,72098,74090,72144,74316,74314,39514,39521,34230,34232,34246,34242,34240,34241,34243,33521,33512,33513
0000 000 0000,,,,,,,,,,,,,,,,,,,,,,,,,,,,,0,,,,,,,,,,,,,,,,,,,,,,,,,,,,,,,,,,,,,,,,,,,,,,,,,,,,,,,,,,,,,,,,,,,,,,,,,,,,,,,,,,,,,,,,,,,,,,,,,,,,,,,,,,,,,,,,,,,,,,,,,,,,,,,,,,,,,,,,,,,,,,,,,,,,,,,,,,,,,,,,,,,,,,,,,,,,,,,,,,,,,,,,,,,,,,,,,,,,,,,,,,,,,,,,,,,,,,,,,,,,,,,,
88710,Stick Edger Attachment,T,0,T,0,TORO,Attachments,HANDHELD,T,T,T,Products,T, ,79.99, , , ,0,0,T,,,,,79.99,,,149,, , ,T, ,, , , , , , , , , , , ,,,,,,,,,,,,,,,,,,,,,,,,,,,,,,,,,,,,,,,,,,,,,,,,,,,,,,,,,,,,,,,,,,,,,,,,,,,,,,,,,,,,,,,,,,,,,,,,,,,,,,,,,,,,,,,,,,,,,,,,,,,,,,,,,,,,,,,,,,,,,,,,,,,,,,,,,,,,,,,,,,,,,,,,,,,,,,,,,,,,,,,,,,,,,,,,,,,,,,,,,,,,,,,
88713,Hedge Trimmer Attachment,T,0,T,0,TORO,Attachments,HANDHELD,T,T,T,Products,T, ,109.99, , , ,0,0,T,,,,,109.99,,,150,, , ,T, ,, , , , , , , , , , , ,,,,,,,,,,,,,,,,,,,,,,,,,,,,,,,,,,,,,,,,,,,,,,,,,,,,,,,,,,,,,,,,,,,,,,,,,,,,,,,,,,,,,,,,,,,,,,,,,,,,,,,,,,,,,,,,,,,,,,,,,,,,,,,,,,,,,,,,,,,,,,,,,,,,,,,,,,,,,,,,,,,,,,,,,,,,,,,,,,,,,,,,,,,,,,,,,,,,,,,,,,,,,,,
88714,Pole Saw Attachment,T,0,T,0,TORO,Attachments,HANDHELD,T,T,T,Products,T, ,109.99, , , ,0,0,T,,,,,109.99,,,151,, , ,T, ,, , , , , , , , , , , ,,,,,,,,,,,,,,,,,,,,,,,,,,,,,,,,,,,,,,,,,,,,,,,,,,,,,,,,,,,,,,,,,,,,,,,,,,,,,,,,,,,,,,,,,,,,,,,,,,,,,,,,,,,,,,,,,,,,,,,,,,,,,,,,,,,,,,,,,,,,,,,,,,,,,,,,,,,,,,,,,,,,,,,,,,,,,,,,,,,,,,,,,,,,,,,,,,,,,,,,,,,,,,,
88715,Cultivator Attachment,T,0,T,0,TORO,Attachments,HANDHELD,T,T,T,Products,T, ,139.99, , , ,0,0,T,,,,,139.99,,,152,, , ,T, ,, , , , , , , , , , , ,,,,,,,,,,,,,,,,,,,,,,,,,,,,,,,,,,,,,,,,,,,,,,,,,,,,,,,,,,,,,,,,,,,,,,,,,,,,,,,,,,,,,,,,,,,,,,,,,,,,,,,,,,,,,,,,,,,,,,,,,,,,,,,,,,,,,,,,,,,,,,,,,,,,,,,,,,,,,,,,,,,,,,,,,,,,,,,,,,,,,,,,,,,,,,,,,,,,,,,,,,,,,,,
88716,String Trimmer Attachment,T,0,T,0,TORO,Attachments,HANDHELD,T,T,T,Products,T, ,79.99, , , ,0,0,T,,,,,79.99,,,153,, , ,T, ,, , , , , , , , , , , ,,,,,,,,,,,,,,,,,,,,,,,,,,,,,,,,,,,,,,,,,,,,,,,,,,,,,,,,,,,,,,,,,,,,,,,,,,,,,,,,,,,,,,,,,,,,,,,,,,,,,,,,,,,,,,,,,,,,,,,,,,,,,,,,,,,,,,,,,,,,,,,,,,,,,,,,,,,,,,,,,,,,,,,,,,,,,,,,,,,,,,,,,,,,,,,,,,,,,,,,,,,,,,,
79348,Powered Bagger,T,0,T,0,TORO,Attachments,RIDING,T,T,T,Products,T, ,1499, , , ,0,0,T,,,,,1399,,,368,, , ,T, ,, , , , , , , , , , , ,,,,,,,,,,,,,,,,,,,,,,,,,,,,,,,,,,,,,,,,,,,,,,,,,,,,,,,,,,,,,,,,,,,,,,,,,,,,,,,,,,,,,,,,,,,,,,,,,,,,,,,,,,,,,,,,,,,,,,,,,,,,,,,,,,,,,,,,,,,,,,,,,,,,,,,,,,,,,,,,,,,,,,,,,,,,,,,,,,,,,,,,,,,,,,,,,,,,,,,,,,,,,,,
79417,"Non-Powered Bagger - 34"" Deck",T,0,T,0,TORO,Attachments,RIDING,T,T,T,Products,T, ,1099, , , ,0,0,T,,,,,999,,,370,, , ,T, ,, , , , , , , , , , , ,,,,,,,,,,,,,,,,,,,,,,,,,,,,,,,,,,,,,,,,,,,,,,,,,,,,,,,,,,,,,,,,,,,,,,,,,,,,,,,,,,,,,,,,,,,,,,,,,,,,,,,,,,,,,,,,,,,,,,,,,,,,,,,,,,,,,,,,,,,,,,,,,,,,,,,,,,,,,,,,,,,,,,,,,,,,,,,,,,,,,,,,,,,,,,,,,,,,,,,,,,,,,,,
79410,"Non-Powered Bagger - 42"" Deck",T,0,T,0,TORO,Attachments,RIDING,T,T,T,Products,T, ,1099, , , ,0,0,T,,,,,999,,,371,, , ,T, ,, , , , , , , , , , , ,,,,,,,,,,,,,,,,,,,,,,,,,,,,,,,,,,,,,,,,,,,,,,,,,,,,,,,,,,,,,,,,,,,,,,,,,,,,,,,,,,,,,,,,,,,,,,,,,,,,,,,,,,,,,,,,,,,,,,,,,,,,,,,,,,,,,,,,,,,,,,,,,,,,,,,,,,,,,,,,,,,,,,,,,,,,,,,,,,,,,,,,,,,,,,,,,,,,,,,,,,,,,,,
79411,"Non-Powered Bagger - 42"" Deck",T,0,T,0,TORO,Attachments,RIDING,T,T,T,Products,T, ,1099, , , ,0,0,T,,,,,999,,,372,, , ,T, ,, , , , , , , , , , , ,,,,,,,,,,,,,,,,,,,,,,,,,,,,,,,,,,,,,,,,,,,,,,,,,,,,,,,,,,,,,,,,,,,,,,,,,,,,,,,,,,,,,,,,,,,,,,,,,,,,,,,,,,,,,,,,,,,,,,,,,,,,,,,,,,,,,,,,,,,,,,,,,,,,,,,,,,,,,,,,,,,,,,,,,,,,,,,,,,,,,,,,,,,,,,,,,,,,,,,,,,,,,,,
79601,"Twin Bagger - 60"" Deck",T,0,T,0,TORO,Attachments,RIDING,T,T,T,Products,T, ,1099, , , ,0,0,T,,,,,999,,,375,, , ,T, ,, , , , , , , , , , , ,,,,,,,,,,,,,,,,,,,,,,,,,,,,,,,,,,,,,,,,,,,,,,,,,,,,,,,,,,,,,,,,,,,,,,,,,,,,,,,,,,,,,,,,,,,,,,,,,,,,,,,,,,,,,,,,,,,,,,,,,,,,,,,,,,,,,,,,,,,,,,,,,,,,,,,,,,,,,,,,,,,,,,,,,,,,,,,,,,,,,,,,,,,,,,,,,,,,,,,,,,,,,,,
79501,"Twin Bagger - 50 & 54"" Deck",T,0,T,0,TORO,Attachments,RIDING,T,T,T,Products,T, ,1099, , , ,0,0,T,,,,,999,,,374,, , ,T, ,, , , , , , , , , , , ,,,,,,,,,,,,,,,,,,,,,,,,,,,,,,,,,,,,,,,,,,,,,,,,,,,,,,,,,,,,,,,,,,,T,,,,,,,,,,,,,,,,,,,,,,,,,,,,,,,,,,,,,,,,,,,,,,,,,,,,,,,,,,,,,,,,,,,,,,,,,,,,,,,,,,,,,,,,,,,,,,,,,,,,,,,,,,,,,,,,,,,,,,,,,,,,,,,,,,,,,,,,,,,,
79841,"Twin Bagger - 42"" Deck",T,0,T,0,TORO,Attachments,RIDING,T,T,T,Products,T, ,1099, , , ,0,0,T,,,,,999,,,377,, , ,T, ,, , , , , , , , , , , ,,,,,,,,,,,,,,,,,,,,,,,,,,,,,,,,,,,,,,,,,,,,,,,,,,,,,,,,,,,,,,,,,,,,,,,,,,,,,,,,,,,,,,,,,,,,,,,,,,,,,,,,,,,,,,,,,,,,,,,,,,,,,,,,,,,,,,,,,,,,,,,,,,,,,,,,,,,,,,,,,,,,,,,,,,,,,,,,,,,,,,,,,,,,,,,,,,,,,,,,,,,,,,,
79851,"Twin Bagger - 54"" Deck",T,0,T,0,TORO,Attachments,RIDING,T,T,T,Products,T, ,1099, , , ,0,0,T,,,,,999,,,378,, , ,T, ,, , , , , , , , , , , ,,,,,,,,,,,,,,,,,,,,,,,,,,,,,,,,,,,,,,,,,,,,,,,,,,,,,,,,,,,,,,,,,,,,,,,,,,,,,,,,,,,,,,,,,,,,,,,,,,,,,,,,,,,,,,,,,,,,,,,,,,,,,,,,,,,,,,,,,,,,,,,,,,,,,,,,,,,,,,,,,,,,,,,,,,,,,,,,,,,,,,,,,,,,,,,,,,,,,,,,,,,,,,,
79346,Powered Bagger,T,0,T,0,TORO,Attachments,RIDING,T,T,T,Products,T, ,1499, , , ,0,0,T,,,,,1399,,,380,, , ,T, ,, , , , , , , , , , , ,,,,,,,,,,,,,,,,,,,,,,,,,,,,,,,,,,,,,,,,,,,,,,,,,,,,,,,,,,,,,,,,,,,,,,,,,,,,,,,,,,,,,,,,,,,,,,,,,,,,,,,,,,,,,,,,,,,,,,,,,,,,,,,,,,,,,,,,,,,,,,,,,,,,,,,,,,,,,,,,,,,,,,,,,,,,,,,,,,,,,,,,,,,,,,,,,,,,,,,,,,,,,,,
79390,"Twin Bagger - 32"" Deck",T,0,T,0,TORO,Attachments,RIDING,T,T,T,Products,T, ,1099, , , ,0,0,T,,,,,999,,,381,, , ,T, ,, , , , , , , , , , , ,,,,,,,,,,,,,,,,,,,,,,,,,,,,,,,,,,,,,,,,,,,,,,,,,,,,,,,,,,,,,,,,,,,,,,,,,,,,,,,,,,,,,,,,,,,,,,,,,,,,,,,,,,,,,,,,,,,,,,,,,,,,,,,,,,,,,,,,,,,,,,,,,,,,,,,,,,,,,,,,,,,,,,,,,,,,,,,,,,,,,,,,,,,,,,,,,,,,,,,,,,,,,,,
79347,Powered Bagger,T,0,T,0,TORO,Attachments,RIDING,T,T,T,Products,T, ,2599, , , ,0,0,T,,,,,2337,,,382,, , ,T, ,, , , , , , , , , , , ,,,,,,,,,,,,,,,,,,,,,,,,,,,,,,,,,,,,,,,,,,,,,,,,,,,,,,,,,,,,,,,,,,,,,,,,,,,,,,,,,,,,,,,,,,,,,,,,,,,,,,,,,,,,,,,,,,,,,,,,,,,,,,,,,,,,,,,,,,,,,,,,,,,,,,,,,,,,,,,,,,,,,,,,,,,,,,,,,,,,,,,,,,,,,,,,,,,,,,,,,,,,,,,
79393,"Twin Bagger - 34"" Deck",T,0,T,0,TORO,Attachments,RIDING,T,T,T,Products,T, ,1099, , , ,0,0,T,,,,,999,,,383,, , ,T, ,, , , , , , , , , , , ,,,,,,,,,,,,,,,,,,,,,,,,,,,,,,,,,,,,,,,,,,,,,,,,,,,,,,,,,,,,,,,,,,,,,,,,,,,,,,,,,,,,,,,,,,,,,,,,,,,,,,,,,,,,,,,,,,,,,,,,,,,,,,,,,,,,,,,,,,,,,,,,,,,,,,,,,,,,,,,,,,,,,,,,,,,,,,,,,,,,,,,,,,,,,,,,,,,,,,,,,,,,,,,
79394,"Twin Bagger - 42"" Deck",T,0,T,0,TORO,Attachments,RIDING,T,T,T,Products,T, ,1099, , , ,0,0,T,,,,,999,,,384,, , ,T, ,, , , , , , , , , , , ,,,,,,,,,,,,,,,,,,,,,,,,,,,,,,,,,,,,,,,,,,,,,,,,,,,,,,,,,,,,,,,,,,,,,,,,,,,,,,,,,,,,,,,,,,,,,,,,,,,,,,,,,,,,,,,,,,,,,,,,,,,,,,,,,,,,,,,,,,,,,,,,,,,,,,,,,,,,,,,,,,,,,,,,,,,,,,,,,,,,,,,,,,,,,,,,,,,,,,,,,,,,,,,
79397,"Twin Bagger - 42"" Deck",T,0,T,0,TORO,Attachments,RIDING,T,T,T,Products,T, ,1099, , , ,0,0,T,,,,,999,,,385,, , ,T, ,, , , , , , , , , , , ,,,,,,,,,,,,,,,,,,,,,,,,,,,,,,,,,,,,,,,,,,,,,,,,,,,,,,,,,,,,,,,,,,,,,,,,,,,,,,,,,,,,,,,,,,,,,,,,,,,,,,,,,,,,,,,,,,,,,,,,,,,,,,,,,,,,,,,,,,,,,,,,,,,,,,,,,,,,,,,,,,,,,,,,,,,,,,,,,,,,,,,,,,,,,,,,,,,,,,,,,,,,,,,
79395,"Twin Bagger - 50"" Deck",T,0,T,0,TORO,Attachments,RIDING,T,T,T,Products,T, ,1099, , , ,0,0,T,,,,,999,,,386,, , ,T, ,, , , , , , , , , , , ,,,,,,,,,,,,,,,,,,,,,,,,,,,,,,,,,,,,,,,,,,,,,,,,,,,,,,,,,,,,,,,,,,,,,,,,,,,,,,,,,,,,,,,,,,,,,,,,,,,,,,,,,,,,,,,,,,,,,,,,,,,,,,,,,,,,,,,,,,,,,,,,,,,,,,,,,,,,,,,,,,,,,,,,,,,,,,,,,,,,,,,,,,,,,,,,,,,,,,,,,,,,,,,
79412,"Non Powered Bagger - 50"" & 54"" Deck",T,0,T,0,TORO,Attachments,RIDING,T,T,T,Products,T, ,1099, , , ,0,0,T,,,,,999,,,387,, , ,T, ,, , , , , , , , , , , ,,,,,,,,,,,,,,,,,,,,,,,,,,,,,,,,,,,,,,,,,,,,,,,,,,,,,,,,,,,,,,,,,,,,,,,,,,,,,,,,,,,,,,,,,,,,,,,,,,,,,,,,,,,,,,,,,,,,,,,,,,,,,,,,,,,,,,,,,,,,,,,,,,,,,,,,,,,,,,,,,,,,,,,,,,,,,,,,,,,,,,,,,,,,,,,,,,,,,,,,,,,,,,,
79398,"Twin Bagger - 50"" Deck",T,0,T,0,TORO,Attachments,RIDING,T,T,T,Products,T, ,1099, , , ,0,0,T,,,,,999,,,388,, , ,T, ,, , , , , , , , , , , ,,,,,,,,,,,,,,,,,,,,,,,,,,,,,,,,,,,,,,,,,,,,,,,,,,,,,,,,,,,,,,,,,,,,,,,,,,,,,,,,,,,,,,,,,,,,,,,,,,,,,,,,,,,,,,,,,,,,,,,,,,,,,,,,,,,,,,,,,,,,,,,,,,,,,,,,,,,,,,,,,,,,,,,,,,,,,,,,,,,,,,,,,,,,,,,,,,,,,,,,,,,,,,,
79413,"Non Powered Bagger - 60"" Deck",T,0,T,0,TORO,Attachments,RIDING,T,T,T,Products,T, ,1099, , , ,0,0,T,,,,,999,,,389,, , ,T, ,, , , , , , , , , , , ,,,,,,,,,,,,,,,,,,,,,,,,,,,,,,,,,,,,,,,,,,,,,,,,,,,,,,,,,,,,,,,,,,,,,,,,,,,,,,,,,,,,,,,,,,,,,,,,,,,,,,,,,,,,,,,,,,,,,,,,,,,,,,,,,,,,,,,,,,,,,,,,,,,,,,,,,,,,,,,,,,,,,,,,,,,,,,,,,,,,,,,,,,,,,,,,,,,,,,,,,,,,,,,
79392,"Twin Bagger - 50"" & 54"" Deck",T,0,T,0,TORO,Attachments,RIDING,T,T,T,Products,T, ,1099, , , ,0,0,T,,,,,999,,,390,, , ,T, ,, , , , , , , , , , , ,,,,,,,,,,,,,,,,,,,,,,,,,,,,,,,,,,,,,,,,,,,,,,,,,,,,,,,,,,,,,,,,,,,,,,,,,,,,,,,,,,,,,,,,,,,,,,,,,,,,,,,,,,,,,,,,,,,,,,,,,,,,,,,,,,,,,,,,,,,,,,,,,,,,,,,,,,,,,,,,,,,,,,,,,,,,,,,,,,,,,,,,,,,,,,,,,,,,,,,,,,,,,,,
79396,"Twin Bagger - 60"" Deck",T,0,T,0,TORO,Attachments,RIDING,T,T,T,Products,T, ,1099, , , ,0,0,T,,,,,999,,,391,, , ,T, ,, , , , , , , , , , , ,,,,,,,,,,,,,,,,,,,,,,,,,,,,,,,,,,,,,,,,,,,,,,,,,,,,,,,,,,,,,,,,,,,,,,,,,,,,,,,,,,,,,,,,,,,,,,,,,,,,,,,,,,,,,,,,,,,,,,,,,,,,,,,,,,,,,,,,,,,,,,,,,,,,,,,,,,,,,,,,,,,,,,,,,,,,,,,,,,,,,,,,,,,,,,,,,,,,,,,,,,,,,,,
79391,"Twin Bagger - 42"" Deck",T,0,T,0,TORO,Attachments,RIDING,T,T,T,Products,T, ,1099, , , ,0,0,T,,,,,999,,,392,, , ,T, ,, , , , , , , , , , , ,,,,,,,,,,,,,,,,,,,,,,,,,,,,,,,,,,,,,,,,,,,,,,,,,,,,,,,,,,,,,,,,,,,,,,,,,,,,,,,,,,,,,,,,,,,,,,,,,,,,,,,,,,,,,,,,,,,,,,,,,,,,,,,,,,,,,,,,,,,,,,,,,,,,,,,,,,,,,,,,,,,,,,,,,,,,,,,,,,,,,,,,,,,,,,,,,,,,,,,,,,,,,,,
79345,HD E-Z Vac Bagger,T,0,T,0,TORO,Attachments,RIDING,T,T,T,Products,T, ,1399, , , ,0,0,T,,,,,1299,,,394,, , ,T, ,, , , , , , , , , , , ,,,,,,,,,,,,,,,,,,,,,,,,,,,,,,,,,,,,,,,,,,,,,,,,,,,,,,,,,,,,,,,,,,,,,,,,,,,,,,,,,,,,,,,,,,,,,,,,,,,,,,,,,,,,,,,,,,,,,,,,,,,,,,,,,,,,,,,,,,,,,,,,,,,,,,,,,,,,,,,,,,,,,,,,,,,,,,,,,,,,,,,,,,,,,,,,,,,,,,,,,,,,,,,
44401,PROLINE 2-Wheel Sulky,T,0,T,0,TORO,Attachments,HANDHELD,T,T,T,Products,T, ,666, , , ,0,0,T,,,,,599,,,237,, , ,T, ,, , , , , , , , , , , ,,,,,,,,,,,,,,,,,,,,,,,,,,,,,,,,,,,,,,,,,,,,,,,,,,,,,,,,,,,,,,,,,,,,,,,,,,,,,,,,,,,,,,,,,,,,,,,,,,,,,,,,,,,,,,,,,,,,,,,,,,,,,,,,,,,,,,,,,,,,,,,,,,,,,,,,,,,,,,,,,,,,,,,,,,,,,,,,,,,,,,,,,,,,,,,,,,,,,,,,,,,,,,,
78524,Soft Twin Bagger Kit,T,0,T,0,TORO,Attachments,HANDHELD,T,T,T,Products,T, ,2443, , , ,0,0,T,,,,,2199,,,397,, , ,T, ,, , , , , , , , , , , ,,,,,,,,,,,,,,,,,,,,,,,,,,,,,,,,,,,,,,,,,,,,,,,,,,,,,,,,,,,,,,,,,,,,,,,,,,,,,,,,,,,,,,,,,,,,,,,,,,,,,,,,,,,,,,,,,,,,,,,,,,,,,,,,,,,,,,,,,,,,,,,,,,,,,,,,,,,,,,,,,,,,,,,,,,,,,,,,,,,,,,,,,,,,,,,,,,,,,,,,,,,,,,,
78525,"E-Z Vac Blower & Drive Kit - 48"" Deck",T,0,T,0,TORO,Attachments,HANDHELD,T,T,T,Products,T, ,2332, , , ,0,0,T,,,,,2099,,,399,, , ,T, ,, , , , , , , , , , , ,,,,,,,,,,,,,,,,,,,,,,,,,,,,,,,,,,,,,,,,,,,,,,,,,,,,,,,,,,,,,,,,,,,,,,,,,,,,,,,,,,,,,,,,,,,,,,,,,,,,,,,,,,,,,,,,,,,,,,,,,,,,,,,,,,,,,,,,,,,,,,,,,,,,,,,,,,,,,,,,,,,,,,,,,,,,,,,,,,,,,,,,,,,,,,,,,,,,,,,,,,,,,,,
78526,"E-Z Vac Blower & Drive Kit - 52"" Deck",T,0,T,0,TORO,Attachments,HANDHELD,T,T,T,Products,T, ,2332, , , ,0,0,T,,,,,2099,,,400,, , ,T, ,, , , , , , , , , , , ,,,,,,,,,,,,,,,,,,,,,,,,,,,,,,,,,,,,,,,,,,,,,,,,,,,,,,,,,,,,,,,,,,,,,,,,,,,,,,,,,,,,,,,,,,,,,,,,,,,,,,,,,,,,,,,,,,,,,,,,,,,,,,,,,,,,,,,,,,,,,,,,,,,,,,,,,,,,,,,,,,,,,,,,,,,,,,,,,,,,,,,,,,,,,,,,,,,,,,,,,,,,,,,
78527,"E-Z Vac Blower & Drive Kit - 60"" Deck",T,0,T,0,TORO,Attachments,HANDHELD,T,T,T,Products,T, ,2332, , , ,0,0,T,,,,,2099,,,401,, , ,T, ,, , , , , , , , , , , ,,,,,,,,,,,,,,,,,,,,,,,,,,,,,,,,,,,,,,,,,,,,,,,,,,,,,,,,,,,,,,,,,,,,,,,,,,,,,,,,,,,,,,,,,,,,,,,,,,,,,,,,,,,,,,,,,,,,,,,,,,,,,,,,,,,,,,,,,,,,,,,,,,,,,,,,,,,,,,,,,,,,,,,,,,,,,,,,,,,,,,,,,,,,,,,,,,,,,,,,,,,,,,,
MSC13950,Low Flow Hydraulic (BOSS),T,0,T,0,TORO,Attachments,HANDHELD,T,T,T,Products,T, ,2121.8, , , ,0,0,T,,,,,2121.8,,,265,,Attachment,Multi-Force,T, ,, , , , , , , , , , , ,,,,,,,,,,,,,,,,,,,,,,,,,,,,,,,,,,,,,,,,,,,,,,,,,,,,,,,,,,,,,,,,,,,,,,,,,,,,,,,,,,,,,,,,,,,,,,,,,,,,,,,,,,,,,,,,,,,,,,,,,,,,,,,,,,,,,,,,,,,,,,,,,,,,,,,,,,,,,,,,,,,,,,,,,,,,,,,,,,,,,,,,,,,,,,,,,,,,,,,,,,,,,,,
78601,High Flow Hydraulics,T,0,T,0,TORO,Attachments,HANDHELD,T,T,T,Products,T, ,2999, , , ,0,0,T,,,,,2699,,,266,,Attachment,Multi-Force,T, ,, , , , , , , , , , , ,,,,,,,,,,,,,,,,,,,,,,,,,,,,,,,,,,,,,,,,,,,,,,,,,,,,,,,,,,,,,,,,,,,,,,,,,,,,,,,,,,,,,,,,,,,,,,,,,,,,,,,,,,,,,,,,,,,,,,,,,,,,,,,,,,,,,,,,,,,,,,,,,,,,,,,,,,,,,,,,,,,,,,,,,,,,,,,,,,,,,,,,,,,,,,,,,,,,,,,,,,,,,,,
78690,Tine Rake Dethatcher w/Mount,T,0,T,0,TORO,Attachments,HANDHELD,T,T,T,Products,T, ,1110, , , ,0,0,T,,,,,999,,,267,,Attachment,Multi-Force,T, ,, , , , , , , , , , , ,,,,,,,,,,,,,,,,,,,,,,,,,,,,,,,,,,,,,,,,,,,,,,,,,,,,,,,,,,,,,,,,,,,,,,,,,,,,,,,,,,,,,,,,,,,,,,,,,,,,,,,,,,,,,,,,,,,,,,,,,,,,,,,,,,,,,,,,,,,,,,,,,,,,,,,,,,,,,,,,,,,,,,,,,,,,,,,,,,,,,,,,,,,,,,,,,,,,,,,,,,,,,,,
78691,Tine Rake Dethatcher Mount,T,0,T,0,TORO,Attachments,HANDHELD,T,T,T,Products,T, ,421, , , ,0,0,T,,,,,379,,,268,,Attachment,Multi-Force,T, ,, , , , , , , , , , , ,,,,,,,,,,,,,,,,,,,,,,,,,,,,,,,,,,,,,,,,,,,,,,,,,,,,,,,,,,,,,,,,,,,,,,,,,,,,,,,,,,,,,,,,,,,,,,,,,,,,,,,,,,,,,,,,,,,,,,,,,,,,,,,,,,,,,,,,,,,,,,,,,,,,,,,,,,,,,,,,,,,,,,,,,,,,,,,,,,,,,,,,,,,,,,,,,,,,,,,,,,,,,,,
78694,"38"" Front Mount Hooker Aerator",T,0,T,0,TORO,Attachments,HANDHELD,T,T,T,Products,T, ,2443, , , ,0,0,T,,,,,2199,,,269,,Attachment,Multi-Force,T, ,, , , , , , , , , , , ,,,,,,,,,,,,,,,,,,,,,,,,,,,,,,,,,,,,,,,,,,,,,,,,,,,,,,,,,,,,,,,,,,,,,,,,,,,,,,,,,,,,,,,,,,,,,,,,,,,,,,,,,,,,,,,,,,,,,,,,,,,,,,,,,,,,,,,,,,,,,,,,,,,,,,,,,,,,,,,,,,,,,,,,,,,,,,,,,,,,,,,,,,,,,,,,,,,,,,,,,,,,,,,
78695,Hooker Aerator Mount,T,0,T,0,TORO,Attachments,HANDHELD,T,T,T,Products,T, ,332, , , ,0,0,T,,,,,299,,,270,,Attachment,Multi-Force,T, ,, , , , , , , , , , , ,,,,,,,,,,,,,,,,,,,,,,,,,,,,,,,,,,,,,,,,,,,,,,,,,,,,,,,,,,,,,,,,,,,,,,,,,,,,,,,,,,,,,,,,,,,,,,,,,,,,,,,,,,,,,,,,,,,,,,,,,,,,,,,,,,,,,,,,,,,,,,,,,,,,,,,,,,,,,,,,,,,,,,,,,,,,,,,,,,,,,,,,,,,,,,,,,,,,,,,,,,,,,,,
78593,Pro Force Debris Blower,T,0,T,0,TORO,Attachments,HANDHELD,T,T,T,Products,T, ,5777, , , ,0,0,T,,,,,5199,,,271,,Attachment,Multi-Force,T, ,, , , , , , , , , , , ,,,,,,,,,,,,,,,,,,,,,,,,,,,,,,,,,,,,,,,,,,,,,,,,,,,,,,,,,,,,,,,,,,,,,,,,,,,,,,,,,,,,,,,,,,,,,,,,,,,,,,,,,,,,,,,,,,,,,,,,,,,,,,,,,,,,,,,,,,,,,,,,,,,,,,,,,,,,,,,,,,,,,,,,,,,,,,,,,,,,,,,,,,,,,,,,,,,,,,,,,,,,,,,
78596,Power Broom,T,0,T,0,TORO,Attachments,HANDHELD,T,T,T,Products,T, ,5554, , , ,0,0,T,,,,,4999,,,272,,Attachment,Multi-Force,T, ,, , , , , , , , , , , ,,,,,,,,,,,,,,,,,,,,,,,,,,,,,,,,,,,,,,,,,,,,,,,,,,,,,,,,,,,,,,,,,,,,,,,,,,,,,,,,,,,,,,,,,,,,,,,,,,,,,,,,,,,,,,,,,,,,,,,,,,,,,,,,,,,,,,,,,,,,,,,,,,,,,,,,,,,,,,,,,,,,,,,,,,,,,,,,,,,,,,,,,,,,,,,,,,,,,,,,,,,,,,,
78597,Mulch Force,T,0,T,0,TORO,Attachments,HANDHELD,T,T,T,Products,T, ,2443, , , ,0,0,T,,,,,2199,,,273,,Attachment,Multi-Force,T, ,, , , , , , , , , , , ,,,,,,,,,,,,,,,,,,,,,,,,,,,,,,,,,,,,,,,,,,,,,,,,,,,,,,,,,,,,,,,,,,,,,,,,,,,,,,,,,,,,,,,,,,,,,,,,,,,,,,,,,,,,,,,,,,,,,,,,,,,,,,,,,,,,,,,,,,,,,,,,,,,,,,,,,,,,,,,,,,,,,,,,,,,,,,,,,,,,,,,,,,,,,,,,,,,,,,,,,,,,,,,
78697,Leaf Plow,T,0,T,0,TORO,Attachments,HANDHELD,T,T,T,Products,T, ,721, , , ,0,0,T,,,,,649,,,274,,Attachment,Multi-Force,T, ,, , , , , , , , , , , ,,,,,,,,,,,,,,,,,,,,,,,,,,,,,,,,,,,,,,,,,,,,,,,,,,,,,,,,,,,,,,,,,,,,,,,,,,,,,,,,,,,,,,,,,,,,,,,,,,,,,,,,,,,,,,,,,,,,,,,,,,,,,,,,,,,,,,,,,,,,,,,,,,,,,,,,,,,,,,,,,,,,,,,,,,,,,,,,,,,,,,,,,,,,,,,,,,,,,,,,,,,,,,,
78698,Leaf Plow Mount,T,0,T,0,TORO,Attachments,HANDHELD,T,T,T,Products,T, ,443, , , ,0,0,T,,,,,399,,,275,,Attachment,Multi-Force,T, ,, , , , , , , , , , , ,,,,,,,,,,,,,,,,,,,,,,,,,,,,,,,,,,,,,,,,,,,,,,,,,,,,,,,,,,,,,,,,,,,,,,,,,,,,,,,,,,,,,,,,,,,,,,,,,,,,,,,,,,,,,,,,,,,,,,,,,,,,,,,,,,,,,,,,,,,,,,,,,,,,,,,,,,,,,,,,,,,,,,,,,,,,,,,,,,,,,,,,,,,,,,,,,,,,,,,,,,,,,,,
78598,"48"" Snow Thrower",T,0,T,0,TORO,Attachments,HANDHELD,T,T,T,Products,T, ,5554, , , ,0,0,T,,,,,4999,,,276,,Attachment,Multi-Force,T, ,, , , , , , , , , , , ,,,,,,,,,,,,,,,,,,,,,,,,,,,,,,,,,,,,,,,,,,,,,,,,,,,,,,,,,,,,,,,,,,,,,,,,,,,,,,,,,,,,,,,,,,,,,,,,,,,,,,,,,,,,,,,,,,,,,,,,,,,,,,,,,,,,,,,,,,,,,,,,,,,,,,,,,,,,,,,,,,,,,,,,,,,,,,,,,,,,,,,,,,,,,,,,,,,,,,,,,,,,,,,
MSC04587C,Snow Deflector Kit,T,0,T,0,TORO,Attachments,HANDHELD,T,T,T,Products,T, ,236.9, , , ,0,0,T,,,,,236.9,,,277,,Attachment,Multi-Force,T, ,, , , , , , , , , , , ,,,,,,,,,,,,,,,,,,,,,,,,,,,,,,,,,,,,,,,,,,,,,,,,,,,,,,,,,,,,,,,,,,,,,,,,,,,,,,,,,,,,,,,,,,,,,,,,,,,,,,,,,,,,,,,,,,,,,,,,,,,,,,,,,,,,,,,,,,,,,,,,,,,,,,,,,,,,,,,,,,,,,,,,,,,,,,,,,,,,,,,,,,,,,,,,,,,,,,,,,,,,,,,
MSC13040,Plow Shoe Kit,T,0,T,0,TORO,Attachments,HANDHELD,T,T,T,Products,T, ,154.5, , , ,0,0,T,,,,,154.5,,,278,,Attachment,Multi-Force,T, ,, , , , , , , , , , , ,,,,,,,,,,,,,,,,,,,,,,,,,,,,,,,,,,,,,,,,,,,,,,,,,,,,,,,,,,,,,,,,,,,,,,,,,,,,,,,,,,,,,,,,,,,,,,,,,,,,,,,,,,,,,,,,,,,,,,,,,,,,,,,,,,,,,,,,,,,,,,,,,,,,,,,,,,,,,,,,,,,,,,,,,,,,,,,,,,,,,,,,,,,,,,,,,,,,,,,,,,,,,,,
MSC13850B,"6"" Blade Extension Kit",T,0,T,0,TORO,Attachments,HANDHELD,T,T,T,Products,T, ,442.9, , , ,0,0,T,,,,,442.9,,,279,,Attachment,Multi-Force,T, ,, , , , , , , , , , , ,,,,,,,,,,,,,,,,,,,,,,,,,,,,,,,,,,,,,,,,,,,,,,,,,,,,,,,,,,,,,,,,,,,,,,,,,,,,,,,,,,,,,,,,,,,,,,,,,,,,,,,,,,,,,,,,,,,,,,,,,,,,,,,,,,,,,,,,,,,,,,,,,,,,,,,,,,,,,,,,,,,,,,,,,,,,,,,,,,,,,,,,,,,,,,,,,,,,,,,,,,,,,,,
MSC13870B,Box Wing Extension Set,T,0,T,0,TORO,Attachments,HANDHELD,T,T,T,Products,T, ,442.9, , , ,0,0,T,,,,,442.9,,,280,,Attachment,Multi-Force,T, ,, , , , , , , , , , , ,,,,,,,,,,,,,,,,,,,,,,,,,,,,,,,,,,,,,,,,,,,,,,,,,,,,,,,,,,,,,,,,,,,,,,,,,,,,,,,,,,,,,,,,,,,,,,,,,,,,,,,,,,,,,,,,,,,,,,,,,,,,,,,,,,,,,,,,,,,,,,,,,,,,,,,,,,,,,,,,,,,,,,,,,,,,,,,,,,,,,,,,,,,,,,,,,,,,,,,,,,,,,,,
MSC13960,5' Plow Side Mount Kit (BOSS),T,0,T,0,TORO,Attachments,HANDHELD,T,T,T,BOSS,T, ,1720.1, , , ,0,0,T,,,,,1720.1,,,281,,Attachment,Multi-Force,T, ,, , , , , , , , , , , ,,,,,,,,,,,,,,,,,,,,,,,,,,,,,,,,,,,,,,,,,,,,,,,,,,,,,,,,,,,,,,,,,,,,,,,,,,,,,,,,,,,,,,,,,,,,,,,,,,,,,,,,,,,,,,,,,,,,,,,,,,,,,,,,,,,,,,,,,,,,,,,,,,,,,,,,,,,,,,,,,,,,,,,,,,,,,,,,,,,,,,,,,,,,,,,,,,,,,,,,,,,,,,,
MSC14780,4' Plow Side Mount Kit (BOSS),T,0,T,0,TORO,Attachments,HANDHELD,T,T,T,BOSS,T, ,1689.2, , , ,0,0,T,,,,,1689.2,,,282,,Attachment,Multi-Force,T, ,, , , , , , , , , , , ,,,,,,,,,,,,,,,,,,,,,,,,,,,,,,,,,,,,,,,,,,,,,,,,,,,,,,,,,,,,,,,,,,,,,,,,,,,,,,,,,,,,,,,,,,,,,,,,,,,,,,,,,,,,,,,,,,,,,,,,,,,,,,,,,,,,,,,,,,,,,,,,,,,,,,,,,,,,,,,,,,,,,,,,,,,,,,,,,,,,,,,,,,,,,,,,,,,,,,,,,,,,,,,
STB13567B,5' Snow Blade (BOSS),T,0,T,0,TORO,Attachments,HANDHELD,T,T,T,BOSS,T, ,669.5, , , ,0,0,T,,,,,669.5,,,283,,Attachment,Multi-Force,T, ,, , , , , , , , , , , ,,,,,,,,,,,,,,,,,,,,,,,,,,,,,,,,,,,,,,,,,,,,,,,,,,,,,,,,,,,,,,,,,,,,,,,,,,,,,,,,,,,,,,,,,,,,,,,,,,,,,,,,,,,,,,,,,,,,,,,,,,,,,,,,,,,,,,,,,,,,,,,,,,,,,,,,,,,,,,,,,,,,,,,,,,,,,,,,,,,,,,,,,,,,,,,,,,,,,,,,,,,,,,,
STB13759B,4' Snow Blade (BOSS),T,0,T,0,TORO,Attachments,HANDHELD,T,T,T,BOSS,T, ,484.1, , , ,0,0,T,,,,,484.1,,,284,,Attachment,Multi-Force,T, ,, , , , , , , , , , , ,,,,,,,,,,,,,,,,,,,,,,,,,,,,,,,,,,,,,,,,,,,,,,,,,,,,,,,,,,,,,,,,,,,,,,,,,,,,,,,,,,,,,,,,,,,,,,,,,,,,,,,,,,,,,,,,,,,,,,,,,,,,,,,,,,,,,,,,,,,,,,,,,,,,,,,,,,,,,,,,,,,,,,,,,,,,,,,,,,,,,,,,,,,,,,,,,,,,,,,,,,,,,,,
STB13801,5' Urethane Edge Kit (BOSS),T,0,T,0,TORO,Attachments,HANDHELD,T,T,T,BOSS,T, ,226.6, , , ,0,0,T,,,,,226.6,,,286,,Attachment,Multi-Force,T, ,, , , , , , , , , , , ,,,,,,,,,,,,,,,,,,,,,,,,,,,,,,,,,,,,,,,,,,,,,,,,,,,,,,,,,,,,,,,,,,,,,,,,,,,,,,,,,,,,,,,,,,,,,,,,,,,,,,,,,,,,,,,,,,,,,,,,,,,,,,,,,,,,,,,,,,,,,,,,,,,,,,,,,,,,,,,,,,,,,,,,,,,,,,,,,,,,,,,,,,,,,,,,,,,,,,,,,,,,,,,
STB13802,4' Urethane Edge Kit (BOSS),T,0,T,0,TORO,Attachments,HANDHELD,T,T,T,BOSS,T, ,206, , , ,0,0,T,,,,,206,,,287,,Attachment,Multi-Force,T, ,, , , , , , , , , , , ,,,,,,,,,,,,,,,,,,,,,,,,,,,,,,,,,,,,,,,,,,,,,,,,,,,,,,,,,,,,,,,,,,,,,,,,,,,,,,,,,,,,,,,,,,,,,,,,,,,,,,,,,,,,,,,,,,,,,,,,,,,,,,,,,,,,,,,,,,,,,,,,,,,,,,,,,,,,,,,,,,,,,,,,,,,,,,,,,,,,,,,,,,,,,,,,,,,,,,,,,,,,,,,
78439,Twin Soft Bagger,T,0,T,0,TORO,Attachments,HANDHELD,T,T,T,Products,T, ,2777, , , ,0,0,T,,,,,2499,,,403,, , ,T, ,, , , , , , , , , , , ,,,,,,,,,,,,,,,,,,,,,,,,,,,,,,,,,,,,,,,,,,,,,,,,,,,,,,,,,,,,,,,,,,,,,,,,,,,,,,,,,,,,,,,,,,,,,,,,,,,,,,,,,,,,,,,,,,,,,,,,,,,,,,,,,,,,,,,,,,,,,,,,,,,,,,,,,,,,,,,,,,,,,,,,,,,,,,,,,,,,,,,,,,,,,,,,,,,,,,,,,,,,,,,
78464,"E-Z Vac Blower & Drive Kit - 48"" Deck",T,0,T,0,TORO,Attachments,HANDHELD,T,T,T,Products,T, ,2332, , , ,0,0,T,,,,,2099,,,405,, , ,T, ,, , , , , , , , , , , ,,,,,,,,,,,,,,,,,,,,,,,,,,,,,,,,,,,,,,,,,,,,,,,,,,,,,,,,,,,,,,,,,,,,,,,,,,,,,,,,,,,,,,,,,,,,,,,,,,,,,,,,,,,,,,,,,,,,,,,,,,,,,,,,,,,,,,,,,,,,,,,,,,,,,,,,,,,,,,,,,,,,,,,,,,,,,,,,,,,,,,,,,,,,,,,,,,,,,,,,,,,,,,,
78465,"E-Z Vac Blower & Drive Kit - 52"" Deck",T,0,T,0,TORO,Attachments,HANDHELD,T,T,T,Products,T, ,2332, , , ,0,0,T,,,,,2099,,,406,, , ,T, ,, , , , , , , , , , , ,,,,,,,,,,,,,,,,,,,,,,,,,,,,,,,,,,,,,,,,,,,,,,,,,,,,,,,,,,,,,,,,,,,,,,,,,,,,,,,,,,,,,,,,,,,,,,,,,,,,,,,,,,,,,,,,,,,,,,,,,,,,,,,,,,,,,,,,,,,,,,,,,,,,,,,,,,,,,,,,,,,,,,,,,,,,,,,,,,,,,,,,,,,,,,,,,,,,,,,,,,,,,,,
78466,"E-Z Vac Blower & Drive Kit - 60"" Deck",T,0,T,0,TORO,Attachments,HANDHELD,T,T,T,Products,T, ,2332, , , ,0,0,T,,,,,2099,,,407,, , ,T, ,, , , , , , , , , , , ,,,,,,,,,,,,,,,,,,,,,,,,,,,,,,,,,,,,,,,,,,,,,,,,,,,,,,,,,,,,,,,,,,,,,,,,,,,,,,,,,,,,,,,,,,,,,,,,,,,,,,,,,,,,,,,,,,,,,,,,,,,,,,,,,,,,,,,,,,,,,,,,,,,,,,,,,,,,,,,,,,,,,,,,,,,,,,,,,,,,,,,,,,,,,,,,,,,,,,,,,,,,,,,
78481,"Twin Soft Standard Bagger - 48"" to 60"" Deck",T,0,T,0,TORO,Attachments,HANDHELD,T,T,T,Products,T, ,2277, , , ,0,0,T,,,,,2049,,,409,, , ,T, ,, , , , , , , , , , , ,,,,,,,,,,,,,,,,,,,,,,,,,,,,,,,,,,,,,,,,,,,,,,,,,,,,,,,,,,,,,,,,,,,,,,,,,,,,,,,,,,,,,,,,,,,,,,,,,,,,,,,,,,,,,,,,,,,,,,,,,,,,,,,,,,,,,,,,,,,,,,,,,,,,,,,,,,,,,,,,,,,,,,,,,,,,,,,,,,,,,,,,,,,,,,,,,,,,,,,,,,,,,,,
78401,"E-Z Vac Blower & Drive Kit - 48"" Deck",T,0,T,0,TORO,Attachments,HANDHELD,T,T,T,Products,T, ,1554, , , ,0,0,T,,,,,1399,,,411,, , ,T, ,, , , , , , , , , , , ,,,,,,,,,,,,,,,,,,,,,,,,,,,,,,,,,,,,,,,,,,,,,,,,,,,,,,,,,,,,,,,,,,,,,,,,,,,,,,,,,,,,,,,,,,,,,,,,,,,,,,,,,,,,,,,,,,,,,,,,,,,,,,,,,,,,,,,,,,,,,,,,,,,,,,,,,,,,,,,,,,,,,,,,,,,,,,,,,,,,,,,,,,,,,,,,,,,,,,,,,,,,,,,
78402,"E-Z Vac Blower & Drive Kit - 52"" Deck",T,0,T,0,TORO,Attachments,HANDHELD,T,T,T,Products,T, ,1554, , , ,0,0,T,,,,,1399,,,412,, , ,T, ,, , , , , , , , , , , ,,,,,,,,,,,,,,,,,,,,,,,,,,,,,,,,,,,,,,,,,,,,,,,,,,,,,,,,,,,,,,,,,,,,,,,,,,,,,,,,,,,,,,,,,,,,,,,,,,,,,,,,,,,,,,,,,,,,,,,,,,,,,,,,,,,,,,,,,,,,,,,,,,,,,,,,,,,,,,,,,,,,,,,,,,,,,,,,,,,,,,,,,,,,,,,,,,,,,,,,,,,,,,,
78403,"E-Z Vac Blower & Drive Kit - 60"" Deck",T,0,T,0,TORO,Attachments,HANDHELD,T,T,T,Products,T, ,1554, , , ,0,0,T,,,,,1399,,,413,, , ,T, ,, , , , , , , , , , , ,,,,,,,,,,,,,,,,,,,,,,,,,,,,,,,,,,,,,,,,,,,,,,,,,,,,,,,,,,,,,,,,,,,,,,,,,,,,,,,,,,,,,,,,,,,,,,,,,,,,,,,,,,,,,,,,,,,,,,,,,,,,,,,,,,,,,,,,,,,,,,,,,,,,,,,,,,,,,,,,,,,,,,,,,,,,,,,,,,,,,,,,,,,,,,,,,,,,,,,,,,,,,,,
78484,"E-Z Vac Blower & Drive Kit - 52"" Deck",T,0,T,0,TORO,Attachments,HANDHELD,T,T,T,Products,T, ,1499, , , ,0,0,T,,,,,1349,,,414,, , ,T, ,, , , , , , , , , , , ,,,,,,,,,,,,,,,,,,,,,,,,,,,,,,,,,,,,,,,,,,,,,,,,,,,,,,,,,,,,,,,,,,,,,,,,,,,,,,,,,,,,,,,,,,,,,,,,,,,,,,,,,,,,,,,,,,,,,,,,,,,,,,,,,,,,,,,,,,,,,,,,,,,,,,,,,,,,,,,,,,,,,,,,,,,,,,,,,,,,,,,,,,,,,,,,,,,,,,,,,,,,,,,
78485,"E-Z Vac Blower & Drive Kit - 60"" Deck",T,0,T,0,TORO,Attachments,HANDHELD,T,T,T,Products,T, ,1499, , , ,0,0,T,,,,,1349,,,415,, , ,T, ,, , , , , , , , , , , ,,,,,,,,,,,,,,,,,,,,,,,,,,,,,,,,,,,,,,,,,,,,,,,,,,,,,,,,,,,,,,,,,,,,,,,,,,,,,,,,,,,,,,,,,,,,,,,,,,,,,,,,,,,,,,,,,,,,,,,,,,,,,,,,,,,,,,,,,,,,,,,,,,,,,,,,,,,,,,,,,,,,,,,,,,,,,,,,,,,,,,,,,,,,,,,,,,,,,,,,,,,,,,,
78433,"E-Z Vac Blower & Drive Kit - 48"" Deck",T,0,T,0,TORO,Attachments,HANDHELD,T,T,T,Products,T, ,2277, , , ,0,0,T,,,,,2049,,,416,, , ,T, ,, , , , , , , , , , , ,,,,,,,,,,,,,,,,,,,,,,,,,,,,,,,,,,,,,,,,,,,,,,,,,,,,,,,,,,,,,,,,,,,,,,,,,,,,,,,,,,,,,,,,,,,,,,,,,,,,,,,,,,,,,,,,,,,,,,,,,,,,,,,,,,,,,,,,,,,,,,,,,,,,,,,,,,,,,,,,,,,,,,,,,,,,,,,,,,,,,,,,,,,,,,,,,,,,,,,,,,,,,,,
78434,"E-Z Vac Blower & Drive Kit - 52"" Deck",T,0,T,0,TORO,Attachments,HANDHELD,T,T,T,Products,T, ,2277, , , ,0,0,T,,,,,2049,,,417,, , ,T, ,, , , , , , , , , , , ,,,,,,,,,,,,,,,,,,,,,,,,,,,,,,,,,,,,,,,,,,,,,,,,,,,,,,,,,,,,,,,,,,,,,,,,,,,,,,,,,,,,,,,,,,,,,,,,,,,,,,,,,,,,,,,,,,,,,,,,,,,,,,,,,,,,,,,,,,,,,,,,,,,,,,,,,,,,,,,,,,,,,,,,,,,,,,,,,,,,,,,,,,,,,,,,,,,,,,,,,,,,,,,
78435,"E-Z Vac Blower & Drive Kit - 60"" Deck",T,0,T,0,TORO,Attachments,HANDHELD,T,T,T,Products,T, ,2277, , , ,0,0,T,,,,,2049,,,418,, , ,T, ,, , , , , , , , , , , ,,,,,,,,,,,,,,,,,,,,,,,,,,,,,,,,,,,,,,,,,,,,,,,,,,,,,,,,,,,,,,,,,,,,,,,,,,,,,,,,,,,,,,,,,,,,,,,,,,,,,,,,,,,,,,,,,,,,,,,,,,,,,,,,,,,,,,,,,,,,,,,,,,,,,,,,,,,,,,,,,,,,,,,,,,,,,,,,,,,,,,,,,,,,,,,,,,,,,,,,,,,,,,,
78436,"E-Z Vac Blower & Drive Kit - 48"" Deck",T,0,T,0,TORO,Attachments,HANDHELD,T,T,T,Products,T, ,2277, , , ,0,0,T,,,,,2049,,,419,, , ,T, ,, , , , , , , , , , , ,,,,,,,,,,,,,,,,,,,,,,,,,,,,,,,,,,,,,,,,,,,,,,,,,,,,,,,,,,,,,,,,,,,,,,,,,,,,,,,,,,,,,,,,,,,,,,,,,,,,,,,,,,,,,,,,,,,,,,,,,,,,,,,,,,,,,,,,,,,,,,,,,,,,,,,,,,,,,,,,,,,,,,,,,,,,,,,,,,,,,,,,,,,,,,,,,,,,,,,,,,,,,,,
78437,"E-Z Vac Blower & Drive Kit - 52"" Deck",T,0,T,0,TORO,Attachments,HANDHELD,T,T,T,Products,T, ,2277, , , ,0,0,T,,,,,2049,,,420,, , ,T, ,, , , , , , , , , , , ,,,,,,,,,,,,,,,,,,,,,,,,,,,,,,,,,,,,,,,,,,,,,,,,,,,,,,,,,,,,,,,,,,,,,,,,,,,,,,,,,,,,,,,,,,,,,,,,,,,,,,,,,,,,,,,,,,,,,,,,,,,,,,,,,,,,,,,,,,,,,,,,,,,,,,,,,,,,,,,,,,,,,,,,,,,,,,,,,,,,,,,,,,,,,,,,,,,,,,,,,,,,,,,
78486,"E-Z Vac Blower & Drive Kit - 48"" Deck",T,0,T,0,TORO,Attachments,HANDHELD,T,T,T,Products,T, ,1499, , , ,0,0,T,,,,,1349,,,421,, , ,T, ,, , , , , , , , , , , ,,,,,,,,,,,,,,,,,,,,,,,,,,,,,,,,,,,,,,,,,,,,,,,,,,,,,,,,,,,,,,,,,,,,,,,,,,,,,,,,,,,,,,,,,,,,,,,,,,,,,,,,,,,,,,,,,,,,,,,,,,,,,,,,,,,,,,,,,,,,,,,,,,,,,,,,,,,,,,,,,,,,,,,,,,,,,,,,,,,,,,,,,,,,,,,,,,,,,,,,,,,,,,,
78487,"E-Z Vac Blower & Drive Kit - 52"" Deck",T,0,T,0,TORO,Attachments,HANDHELD,T,T,T,Products,T, ,1499, , , ,0,0,T,,,,,1349,,,422,, , ,T, ,, , , , , , , , , , , ,,,,,,,,,,,,,,,,,,,,,,,,,,,,,,,,,,,,,,,,,,,,,,,,,,,,,,,,,,,,,,,,,,,,,,,,,,,,,,,,,,,,,,,,,,,,,,,,,,,,,,,,,,,,,,,,,,,,,,,,,,,,,,,,,,,,,,,,,,,,,,,,,,,,,,,,,,,,,,,,,,,,,,,,,,,,,,,,,,,,,,,,,,,,,,,,,,,,,,,,,,,,,,,
78488,"E-Z Vac Blower & Drive Kit - 60"" Deck",T,0,T,0,TORO,Attachments,HANDHELD,T,T,T,Products,T, ,1499, , , ,0,0,T,,,,,1349,,,423,, , ,T, ,, , , , , , , , , , , ,,,,,,,,,,,,,,,,,,,,,,,,,,,,,,,,,,,,,,,,,,,,,,,,,,,,,,,,,,,,,,,,,,,,,,,,,,,,,,,,,,,,,,,,,,,,,,,,,,,,,,,,,,,,,,,,,,,,,,,,,,,,,,,,,,,,,,,,,,,,,,,,,,,,,,,,,,,,,,,,,,,,,,,,,,,,,,,,,,,,,,,,,,,,,,,,,,,,,,,,,,,,,,,
78438,"E-Z Vac Blower & Drive Kit - 60"" Deck",T,0,T,0,TORO,Attachments,HANDHELD,T,T,T,Products,T, ,2277, , , ,0,0,T,,,,,2049,,,424,, , ,T, ,, , , , , , , , , , , ,,,,,,,,,,,,,,,,,,,,,,,,,,,,,,,,,,,,,,,,,,,,,,,,,,,,,,,,,,,,,,,,,,,,,,,,,,,,,,,,,,,,,,,,,,,,,,,,,,,,,,,,,,,,,,,,,,,,,,,,,,,,,,,,,,,,,,,,,,,,,,,,,,,,,,,,,,,,,,,,,,,,,,,,,,,,,,,,,,,,,,,,,,,,,,,,,,,,,,,,,,,,,,,
78571,"E-Z Vac Blower & Drive Kit - 48"" Deck",T,0,T,0,TORO,Attachments,HANDHELD,T,T,T,Products,T, ,1610, , , ,0,0,T,,,,,1449,,,426,, , ,T, ,, , , , , , , , , , , ,,,,,,,,,,,,,,,,,,,,,,,,,,,,,,,,,,,,,,,,,,,,,,,,,,,,,,,,,,,,,,,,,,,,,,,,,,,,,,,,,,,,,,,,,,,,,,,,,,,,,,,,,,,,,,,,,,,,,,,,,,,,,,,,,,,,,,,,,,,,,,,,,,,,,,,,,,,,,,,,,,,,,,,,,,,,,,,,,,,,,,,,,,,,,,,,,,,,,,,,,,,,,,,
78459,"E-Z Vac Blower & Drive Kit - 60"" Deck",T,0,T,0,TORO,Attachments,HANDHELD,T,T,T,Products,T, ,2332, , , ,0,0,T,,,,,2099,,,429,, , ,T, ,, , , , , , , , , , , ,,,,,,,,,,,,,,,,,,,,,,,,,,,,,,,,,,,,,,,,,,,,,,,,,,,,,,,,,,,,,,,,,,,,,,,,,,,,,,,,,,,,,,,,,,,,,,,,,,,,,,,,,,,,,,,,,,,,,,,,,,,,,,,,,,,,,,,,,,,,,,,,,,,,,,,,,,,,,,,,,,,,,,,,,,,,,,,,,,,,,,,,,,,,,,,,,,,,,,,,,,,,,,,
78553,"E-Z Vac Blower & Drive Kit - 60"" Deck",T,0,T,0,TORO,Attachments,HANDHELD,T,T,T,Products,T, ,2221, , , ,0,0,T,,,,,1999,,,430,, , ,T, ,, , , , , , , , , , , ,,,,,,,,,,,,,,,,,,,,,,,,,,,,,,,,,,,,,,,,,,,,,,,,,,,,,,,,,,,,,,,,,,,,,,,,,,,,,,,,,,,,,,,,,,,,,,,,,,,,,,,,,,,,,,,,,,,,,,,,,,,,,,,,,,,,,,,,,,,,,,,,,,,,,,,,,,,,,,,,,,,,,,,,,,,,,,,,,,,,,,,,,,,,,,,,,,,,,,,,,,,,,,,
78467,"E-Z Vac Blower & Drive Kit - 72"" Deck",T,0,T,0,TORO,Attachments,HANDHELD,T,T,T,Products,T, ,2332, , , ,0,0,T,,,,,2099,,,431,, , ,T, ,, , , , , , , , , , , ,,,,,,,,,,,,,,,,,,,,,,,,,,,,,,,,,,,,,,,,,,,,,,,,,,,,,,,,,,,,,,,,,,,,,,,,,,,,,,,,,,,,,,,,,,,,,,,,,,,,,,,,,,,,,,,,,,,,,,,,,,,,,,,,,,,,,,,,,,,,,,,,,,,,,,,,,,,,,,,,,,,,,,,,,,,,,,,,,,,,,,,,,,,,,,,,,,,,,,,,,,,,,,,
78554,"E-Z Vac Blower & Drive Kit - 72"" Deck",T,0,T,0,TORO,Attachments,HANDHELD,T,T,T,Products,T, ,2221, , , ,0,0,T,,,,,1999,,,432,, , ,T, ,, , , , , , , , , , , ,,,,,,,,,,,,,,,,,,,,,,,,,,,,,,,,,,,,,,,,,,,,,,,,,,,,,,,,,,,,,,,,,,,,,,,,,,,,,,,,,,,,,,,,,,,,,,,,,,,,,,,,,,,,,,,,,,,,,,,,,,,,,,,,,,,,,,,,,,,,,,,,,,,,,,,,,,,,,,,,,,,,,,,,,,,,,,,,,,,,,,,,,,,,,,,,,,,,,,,,,,,,,,,
78468,"Dump From Seat Rear Bagger - 60"" Deck",T,0,T,0,TORO,Attachments,HANDHELD,T,T,T,Products,T, ,3999, , , ,0,0,T,,,,,3599,,,434,, , ,T, ,, , , , , , , , , , , ,,,,,,,,,,,,,,,,,,,,,,,,,,,,,,,,,,,,,,,,,,,,,,,,,,,,,,,,,,,,,,,,,,,,,,,,,,,,,,,,,,,,,,,,,,,,,,,,,,,,,,,,,,,,,,,,,,,,,,,,,,,,,,,,,,,,,,,,,,,,,,,,,,,,,,,,,,,,,,,,,,,,,,,,,,,,,,,,,,,,,,,,,,,,,,,,,,,,,,,,,,,,,,,
78474,"Dump From Seat Rear Bagger - 72"" Deck",T,0,T,0,TORO,Attachments,HANDHELD,T,T,T,Products,T, ,3999, , , ,0,0,T,,,,,3599,,,435,, , ,T, ,, , , , , , , , , , , ,,,,,,,,,,,,,,,,,,,,,,,,,,,,,,,,,,,,,,,,,,,,,,,,,,,,,,,,,,,,,,,,,,,,,,,,,,,,,,,,,,,,,,,,,,,,,,,,,,,,,,,,,,,,,,,,,,,,,,,,,,,,,,,,,,,,,,,,,,,,,,,,,,,,,,,,,,,,,,,,,,,,,,,,,,,,,,,,,,,,,,,,,,,,,,,,,,,,,,,,,,,,,,,
78479,"Triple Soft Bagger - 60"" Deck",T,0,T,0,TORO,Attachments,HANDHELD,T,T,T,Products,T, ,3554, , , ,0,0,T,,,,,3199,,,437,, , ,T, ,, , , , , , , , , , , ,,,,,,,,,,,,,,,,,,,,,,,,,,,,,,,,,,,,,,,,,,,,,,,,,,,,,,,,,,,,,,,,,,,,,,,,,,,,,,,,,,,,,,,,,,,,,,,,,,,,,,,,,,,,,,,,,,,,,,,,,,,,,,,,,,,,,,,,,,,,,,,,,,,,,,,,,,,,,,,,,,,,,,,,,,,,,,,,,,,,,,,,,,,,,,,,,,,,,,,,,,,,,,,
78489,"Triple Soft Bagger - 72"" Deck",T,0,T,0,TORO,Attachments,HANDHELD,T,T,T,Products,T, ,3554, , , ,0,0,T,,,,,3199,,,438,, , ,T, ,, , , , , , , , , , , ,,,,,,,,,,,,,,,,,,,,,,,,,,,,,,,,,,,,,,,,,,,,,,,,,,,,,,,,,,,,,,,,,,,,,,,,,,,,,,,,,,,,,,,,,,,,,,,,,,,,,,,,,,,,,,,,,,,,,,,,,,,,,,,,,,,,,,,,,,,,,,,,,,,,,,,,,,,,,,,,,,,,,,,,,,,,,,,,,,,,,,,,,,,,,,,,,,,,,,,,,,,,,,,
78572,"E-Z Vac Blower & Drive Kit - 52"" Deck",T,0,T,0,TORO,Attachments,HANDHELD,T,T,T,Products,T, ,1449, , , ,0,0,T,,,,,1399,,,440,, , ,T, ,, , , , , , , , , , , ,,,,,,,,,,,,,,,,,,,,,,,,,,,,,,,,,,,,,,,,,,,,,,,,,,,,,,,,,,,,,,,,,,,,,,,,,,,,,,,,,,,,,,,,,,,,,,,,,,,,,,,,,,,,,,,,,,,,,,,,,,,,,,,,,,,,,,,,,,,,,,,,,,,,,,,,,,,,,,,,,,,,,,,,,,,,,,,,,,,,,,,,,,,,,,,,,,,,,,,,,,,,,,,
78551,"E-Z Vac Blower & Drive Kit -  48"" Deck",T,0,T,0,TORO,Attachments,HANDHELD,T,T,T,Products,T, ,2221, , , ,0,0,T,,,,,1999,,,442,, , ,T, ,, , , , , , , , , , , ,,,,,,,,,,,,,,,,,,,,,,,,,,,,,,,,,,,,,,,,,,,,,,,,,,,,,,,,,,,,,,,,,,,,,,,,,,,,,,,,,,,,,,,,,,,,,,,,,,,,,,,,,,,,,,,,,,,,,,,,,,,,,,,,,,,,,,,,,,,,,,,,,,,,,,,,,,,,,,,,,,,,,,,,,,,,,,,,,,,,,,,,,,,,,,,,,,,,,,,,,,,,,,,
78552,"E-Z Vac Blower & Drive Kit -  52"" Deck",T,0,T,0,TORO,Attachments,HANDHELD,T,T,T,Products,T, ,2221, , , ,0,0,T,,,,,1999,,,443,, , ,T, ,, , , , , , , , , , , ,,,,,,,,,,,,,,,,,,,,,,,,,,,,,,,,,,,,,,,,,,,,,,,,,,,,,,,,,,,,,,,,,,,,,,,,,,,,,,,,,,,,,,,,,,,,,,,,,,,,,,,,,,,,,,,,,,,,,,,,,,,,,,,,,,,,,,,,,,,,,,,,,,,,,,,,,,,,,,,,,,,,,,,,,,,,,,,,,,,,,,,,,,,,,,,,,,,,,,,,,,,,,,,
78562,"Twin Soft Bagger - 48"" & 52"" Deck",T,0,T,0,TORO,Attachments,HANDHELD,T,T,T,Products,T, ,2666, , , ,0,0,T,,,,,2399,,,444,, , ,T, ,, , , , , , , , , , , ,,,,,,,,,,,,,,,,,,,,,,,,,,,,,,,,,,,,,,,,,,,,,,,,,,,,,,,,,,,,,,,,,,,,,,,,,,,,,,,,,,,,,,,,,,,,,,,,,,,,,,,,,,,,,,,,,,,,,,,,,,,,,,,,,,,,,,,,,,,,,,,,,,,,,,,,,,,,,,,,,,,,,,,,,,,,,,,,,,,,,,,,,,,,,,,,,,,,,,,,,,,,,,,
78563,"Triple Soft Bagger - 60"" Deck",T,0,T,0,TORO,Attachments,HANDHELD,T,T,T,Products,T, ,3554, , , ,0,0,T,,,,,3199,,,445,, , ,T, ,, , , , , , , , , , , ,,,,,,,,,,,,,,,,,,,,,,,,,,,,,,,,,,,,,,,,,,,,,,,,,,,,,,,,,,,,,,,,,,,,,,,,,,,,,,,,,,,,,,,,,,,,,,,,,,,,,,,,,,,,,,,,,,,,,,,,,,,,,,,,,,,,,,,,,,,,,,,,,,,,,,,,,,,,,,,,,,,,,,,,,,,,,,,,,,,,,,,,,,,,,,,,,,,,,,,,,,,,,,,
78555,"Triple Soft Bagger - 72"" Deck",T,0,T,0,TORO,Attachments,HANDHELD,T,T,T,Products,T, ,3554, , , ,0,0,T,,,,,3199,,,446,, , ,T, ,, , , , , , , , , , , ,,,,,,,,,,,,,,,,,,,,,,,,,,,,,,,,,,,,,,,,,,,,,,,,,,,,,,,,,,,,,,,,,,,,,,,,,,,,,,,,,,,,,,,,,,,,,,,,,,,,,,,,,,,,,,,,,,,,,,,,,,,,,,,,,,,,,,,,,,,,,,,,,,,,,,,,,,,,,,,,,,,,,,,,,,,,,,,,,,,,,,,,,,,,,,,,,,,,,,,,,,,,,,,
78560,Triple Soft Bagger,T,0,T,0,TORO,Attachments,HANDHELD,T,T,T,Products,T, ,3443, , , ,0,0,T,,,,,3099,,,448,, , ,T, ,, , , , , , , , , , , ,,,,,,,,,,,,,,,,,,,,,,,,,,,,,,,,,,,,,,,,,,,,,,,,,,,,,,,,,,,,,,,,,,,,,,,,,,,,,,,,,,,,,,,,,,,,,,,,,,,,,,,,,,,,,,,,,,,,,,,,,,,,,,,,,,,,,,,,,,,,,,,,,,,,,,,,,,,,,,,,,,,,,,,,,,,,,,,,,,,,,,,,,,,,,,,,,,,,,,,,,,,,,,,
78583,"E-Z Vac Blower & Drive Kit - 72"" Deck",T,0,T,0,TORO,Attachments,HANDHELD,T,T,T,Products,T, ,1888, , , ,0,0,T,,,,,1699,,,449,, , ,T, ,, , , , , , , , , , , ,,,,,,,,,,,,,,,,,,,,,,,,,,,,,,,,,,,,,,,,,,,,,,,,,,,,,,,,,,,,,,,,,,,,,,,,,,,,,,,,,,,,,,,,,,,,,,,,,,,,,,,,,,,,,,,,,,,,,,,,,,,,,,,,,,,,,,,,,,,,,,,,,,,,,,,,,,,,,,,,,,,,,,,,,,,,,,,,,,,,,,,,,,,,,,,,,,,,,,,,,,,,,,,
78585,"E-Z Vac Blower & Drive Kit - 60"" Deck",T,0,T,0,TORO,Attachments,HANDHELD,T,T,T,Products,T, ,1888, , , ,0,0,T,,,,,1699,,,450,, , ,T, ,, , , , , , , , , , , ,,,,,,,,,,,,,,,,,,,,,,,,,,,,,,,,,,,,,,,,,,,,,,,,,,,,,,,,,,,,,,,,,,,,,,,,,,,,,,,,,,,,,,,,,,,,,,,,,,,,,,,,,,,,,,,,,,,,,,,,,,,,,,,,,,,,,,,,,,,,,,,,,,,,,,,,,,,,,,,,,,,,,,,,,,,,,,,,,,,,,,,,,,,,,,,,,,,,,,,,,,,,,,,
78566,"Dump From Seat Bagger - 48"" & 52"" Deck",T,0,T,0,TORO,Attachments,HANDHELD,T,T,T,Products,T, ,3332, , , ,0,0,T,,,,,2999,,,452,, , ,T, ,, , , , , , , , , , , ,,,,,,,,,,,,,,,,,,,,,,,,,,,,,,,,,,,,,,,,,,,,,,,,,,,,,,,,,,,,,,,,,,,,,,,,,,,,,,,,,,,,,,,,,,,,,,,,,,,,,,,,,,,,,,,,,,,,,,,,,,,,,,,,,,,,,,,,,,,,,,,,,,,,,,,,,,,,,,,,,,,,,,,,,,,,,,,,,,,,,,,,,,,,,,,,,,,,,,,,,,,,,,,
78567,"Dump From Seat Bagger - 60"" Deck",T,0,T,0,TORO,Attachments,HANDHELD,T,T,T,Products,T, ,3999, , , ,0,0,T,,,,,3599,,,453,, , ,T, ,, , , , , , , , , , , ,,,,,,,,,,,,,,,,,,,,,,,,,,,,,,,,,,,,,,,,,,,,,,,,,,,,,,,,,,,,,,,,,,,,,,,,,,,,,,,,,,,,,,,,,,,,,,,,,,,,,,,,,,,,,,,,,,,,,,,,,,,,,,,,,,,,,,,,,,,,,,,,,,,,,,,,,,,,,,,,,,,,,,,,,,,,,,,,,,,,,,,,,,,,,,,,,,,,,,,,,,,,,,,
78556,"Dump From Seat Bagger - 72"" Deck",T,0,T,0,TORO,Attachments,HANDHELD,T,T,T,Products,T, ,3999, , , ,0,0,T,,,,,3599,,,454,, , ,T, ,, , , , , , , , , , , ,,,,,,,,,,,,,,,,,,,,,,,,,,,,,,,,,,,,,,,,,,,,,,,,,,,,,,,,,,,,,,,,,,,,,,,,,,,,,,,,,,,,,,,,,,,,,,,,,,,,,,,,,,,,,,,,,,,,,,,,,,,,,,,,,,,,,,,,,,,,,,,,,,,,,,,,,,,,,,,,,,,,,,,,,,,,,,,,,,,,,,,,,,,,,,,,,,,,,,,,,,,,,,,
33525,"Spreader Attachment - 24 & 30""",T,0,T,0,TORO,Attachments,HANDHELD,T,T,T,Products,T, ,2554, , , ,0,0,T,,,,,2299,,,459,, , ,T, ,, , , , , , , , , , , ,,,,,,,,,,,,,,,,,,,,,,,,,,,,,,,,,,,,,,,,,,,,,,,,,,,,,,,,,,,,,,,,,,,,,,,,,,,,,,,,,,,,,,,,,,,,,,,,,,,,,,,,,,,,,,,,,,,,,,,,,,,,,,,,,,,,,,,,,,,,,,,,,,,,,,,,,,,,,,,,,,,,,,,,,,,,,,,,,,,,,,,,,,,,,,,,,,,,,,,,,,,,,,,
78573,"E-Z Vac Blower & Drive Kit - 60"" Deck",T,0,T,0,TORO,Attachments,HANDHELD,T,T,T,Products,T, ,1610, , , ,0,0,T,,,,,1449,,,427,, , ,T, ,, , , , , , , , , , , ,,,,,,,,,,,,,,,,,,,,,,,,,,,,,,,,,,,,,,,,,,,,,,,,,,,,,,,,,,,,,,,,,,,,,,,,,,,,,,,,,,,,,,,,,,,,,,,,,,,,,,,,,,,,,,,,,,,,,,,,,,,,,,,,,,,,,,,,,,,,,,,,,,,,,,,,,,,,,,,,,,,,,,,,,,,,,,,,,,,,,,,,,,,,,,,,,,,,,,,,,,,,,,,
