"SKU","Description","Active","AssemblyAmount","AssemblyOption","AssemblyTime","BrandID","Category","DeliveryGroup","DiscountEligible","DisplayAvailability","FinancingEligible","FreightGroup","LocalDelivery","Model","MSRP","PowerType","ProductType","PromoName","QtyDanbury","QtyNewMilford","RebateEligible","RebateEndDate","RebateStartDate","RebateToCustomer","SaleEndDate","SalePrice","SaleStartDate","Series","SortOrder","SpecialFinancingEligible","SubCategory","System","Taxable","ImageURL","Ah","BatteryID","MaxVoltage","RatedCycles","Voltage","WeightLb","WeightKg","Weight","WeightUnit","Wh","ChargerID1","Charger1 80%","Charger1 100%","ChargerID2","Charger2 80%","Charger2 100%","ChargerID3","Charger3 80%","Charger3 100%","ChargerID4","Charger4 80%","Charger4 100%","ChargerID5","Charger5 80%","Charger5 100%","ChargerID6","Charger6 80%","Charger6 100%","ChargerID7","Charger7 80%","Charger7 100%","ChargerID8","Charger8 80%","Charger8 100%","ChargerID9","Charger9 80%","Charger9 100%","ChargerID10","Charger10 80%","Charger10 100%","Notes"
"88620","Flex-Force 2.0 Ah Battery","F","0","T","0","TORO","Batteries","","T","T","T","PartsAccessories","T","88620","0","Battery","Battery","","0","0","T","","","","","0","","","488","","Battery","Battery","T","","2","88620","60","","","3.7","1.7","3.7","lb.","108","88901","","120","88902","","75","88905","","41","88924","","","66550","","10","","","","","","","","","","","","","","","",""
"88920","Flex-Force 2.0 Ah Battery (108 Wh)","T","0","T","0","TORO","Batteries","","T","T","T","PartsAccessories","T","88920","174.99","Battery","Battery","","0","0","T","","","","","0","","","489","","Battery","Battery","T","","2","88920","60","","","3.7","1.7","3.7","lb.","108","88901","","110","88902","","45","88905","","20","88924","","20","66550","","20","","","","","","","","","","","","","","","",""
"88625","Flex-Force 2.5 Ah Battery","F","0","T","0","TORO","Batteries","","T","T","T","PartsAccessories","T","88625","205.99","Battery","Battery","","0","0","T","","","","","0","","","490","","Battery","Battery","T","","2.5","88625","60","","","3.7","1.7","3.7","lb.","135","88901","","150","88902","","110","88905","","62","88924","","","66550","","12.5","","","","","","","","","","","","","","","",""
"88925","Flex-Force 2.5 Ah Battery (135 Wh)","T","0","T","0","TORO","Batteries","","T","T","T","PartsAccessories","T","88925","205.99","Battery","Battery","","0","0","T","","","","","0","","","491","","Battery","Battery","T","","2.5","88925","60","","","3.7","1.7","3.7","lb.","135","88901","","130","88902","","60","88905","","25","88924","","25","66550","","25","","","","","","","","","","","","","","","",""
"88640","Flex-Force 4.0 Ah Battery","F","0","T","0","TORO","Batteries","","T","T","T","PartsAccessories","T","88640","0","Battery","Battery","","0","0","T","","","","","0","","","492","","Battery","Battery","T","","4","88640","60","","","5.2","2.3","5.2","lb.","216","88901","","240","88902","","150","88905","","70","88924","","","66550","","20","","","","","","","","","","","","","","","",""
"88941","Flex-Force 4.0 Ah Battery (216 Wh)","T","0","T","0","TORO","Batteries","","T","T","T","PartsAccessories","T","88941","287.99","Battery","Battery","","0","0","T","","","","","0","","","493","","Battery","Battery","T","","4","88941","60","","","5.2","2.5","5.2","lb.","216","88901","","220","88902","","100","88905","","45","88924","","35","66550","","30","","","","","","","","","","","","","","","",""
"88650","Flex-Force 5.0 Ah Battery","T","0","T","0","TORO","Batteries","","T","T","T","PartsAccessories","T","88650","272.99","Battery","Battery","","0","0","T","","","","","0","","","494","","Battery","Battery","T","","5","88650","60","","","5.5","2.5","5.5","lb.","270","88901","","300","88902","","190","88905","","86","88924","","","66550","","25","","","","","","","","","","","","","","","",""
"88950","Flex-Force 5.0 Ah Battery (270 Wh)","T","0","T","0","TORO","Batteries","","T","T","T","PartsAccessories","T","88950","339.99","Battery","Battery","","0","0","T","","","","","0","","","495","","Battery","Battery","T","","5","88950","60","","","5.5","2.5","5.5","lb.","270","88901","","260","88902","","110","88905","","50","88924","","40","66550","","35","","","","","","","","","","","","","","","",""
"88660","Flex-Force 6.0 Ah Battery","F","0","T","0","TORO","Batteries","","T","T","T","PartsAccessories","T","88660","0","Battery","Battery","","0","0","T","","","","","0","","","496","","Battery","Battery","T","","6","88660","60","","","6.9","3.1","6.9","lb.","324","88901","","360","88902","","215","88905","","93","88924","","","66550","","30","","","","","","","","","","","","","","","",""
"88960","Flex-Force 6.0 Ah Battery (324 Wh)","T","0","T","0","TORO","Batteries","","T","T","T","PartsAccessories","T","88960","385.99","Battery","Battery","","0","0","T","","","","","0","","","497","","Battery","Battery","T","","6","88960","60","","","6.9","3.1","6.9","lb.","324","88901","","330","88902","","150","88905","","70","88924","","50","66550","","45","","","","","","","","","","","","","","","",""
"88675","Flex-Force 7.5 Ah Battery","F","0","T","0","TORO","Batteries","","T","T","T","PartsAccessories","T","88675","0","Battery","Battery","","0","0","T","","","","","0","","","498","","Battery","Battery","T","","7.5","88675","60","","","7","3.2","7","lb.","405","88901","","450","88902","","290","88905","","136","88924","","","66550","","37.5","","","","","","","","","","","","","","","",""
"88975","Flex-Force 7.5 Ah Battery (405 Wh)","T","0","T","0","TORO","Batteries","","T","T","T","PartsAccessories","T","88975","462.99","Battery","Battery","","0","0","T","","","","","0","","","499","","Battery","Battery","T","","7.5","88975","60","","","7","3.2","7","lb.","405","88901","","395","88902","","155","88905","","80","88924","","60","66550","","50","","","","","","","","","","","","","","","",""
"88980","Flex-Force 8.0 Ah Battery (432 Wh)","T","0","T","0","TORO","Batteries","","T","T","T","PartsAccessories","T","88980","493.99","Battery","Battery","","0","0","T","","","","","0","","","500","","Battery","Battery","T","","8","88980","60","","","7.9","3.6","7.9","lb.","432","88901","","440","88902","","190","88905","","95","88924","","70","66550","","35","","","","","","","","","","","","","","","",""
"66810","Flex-Force 10.0 Ah Battery","F","0","T","0","TORO","Batteries","","T","T","T","PartsAccessories","T","66810","462.99","Battery","Battery","","0","0","T","","","","","0","","","501","","Battery","Battery","T","","10","66810","60","","","8.2","3.7","8.2","lb.","540","88901","","600","88902","","360","88905","","160","88924","","","66550","","50","","","","","","","","","","","","","","","",""
"66910","Flex-Force 10.0 Ah Battery (540 Wh)","T","0","T","0","TORO","Batteries","","T","T","T","PartsAccessories","T","66910","575.99","Battery","Battery","","0","0","T","","","","","0","","","502","","Battery","Battery","T","","10","66910","60","","","8.2","3.7","8.2","lb.","540","88901","","535","88902","","215","88905","","105","88924","","75","66550","","40","","","","","","","","","","","","","","","",""
"66912","Flex-Force 12.0 Ah Battery (648 Wh)","F","0","T","0","TORO","Batteries","","T","T","T","PartsAccessories","T","66912","0","Battery","Battery","","0","0","T","","","","","0","","","503","","Battery","Battery","T","","","","","","","","","","","","88901","","","88902","","","88905","","","88924","","","66550","","","","","","","","","","","","","","","","","",""
