Active,SortOrder,ProgramName,APR,TermMonths,InterestFreeDays,FirstPaymentDueDays,FirstPaymentDueDate,CustomerOriginationFee,MinAmount,MaxAmount,RebateCompatible,StartDate,EndDate,Public,Display,ExcludeFromBid,ExcludeFromFleet,MinDownAmount,MinDownPercent,Group_ALL_TORO,75747,75748,77301,77401,77404,77501,77502,77503,77504,77505,77506,77507,77601,77602,77603,77281,77283,77285,77291,77294,77288,74000,74002,74004,74005,74050,74054,74035,74036,74052,74055,74059,74057,74058,74024,74010,74015,74016,74020,74022,Notes,ProgramID,BrandID,Lender,ApplicationURL
T,1,0% for 24 Months,0,24,,,,150,1500,75000,T,2026-08-01,2026-10-31,T,T,T,F,,,T,,,,,,,,,,,,,,,, ,,,,,,,,,,,,,,,,,,,,,,,,,,20260801-1,TORO,Sheffield Financial,https://prequalify.sheffieldFinancial.com/Apply/Dealer/51498
T,2,0% for 12 Months,0,12,120,150,,50,500,75000,T,2026-08-01,2026-10-31,T,T,T,F,,,T,,,,,,,,,,,,,,,,,,,,,,,,,,,,,,,,,,,,,,,,,,20260801-2,TORO,Sheffield Financial,https://prequalify.sheffieldFinancial.com/Apply/Dealer/51498
T,3,0% for 24 Months,0,24,120,150,,150,1500,75000,T,2026-08-01,2026-10-31,T,T,T,F,,,T,,,,,,,,,,,,,,,,,,,,,,,,,,,,,,,,,,,,,,,,,,20260801-3,TORO,Sheffield Financial,https://prequalify.sheffieldFinancial.com/Apply/Dealer/51498
T,4,2.99% for 48 Months,0.0299,48,120,150,,150,1500,75000,T,2026-08-01,2026-10-31,T,T,T,F,,,T,,,,,,,,,,,,,,,,,,,,,,,,,,,,,,,,,,,,,,,,,,20260801-4,TORO,Sheffield Financial,https://prequalify.sheffieldFinancial.com/Apply/Dealer/51498
T,5,0% for 12 Months,0.09,12,,,,0,500,75000,T,2026-09-09,2026-10-31,T,T,T,F,,,T,,,,,,,,,,,,,,,,,,,,,,,,,,,,,,,,,,,,,,,,,,20260909-5,TORO,Sheffield Financial,https://prequalify.sheffieldFinancial.com/Apply/Dealer/51498
T,6,0% for 42 Months,0,42,,,,150,1500,75000,T,2026-08-01,2026-10-31,T,T,T,F,,,T,,,,,,,,,,,,,,,,,,,,,,,,,,,,,,,,,,,,,,,,,,20260801-6,TORO,Sheffield Financial,https://prequalify.sheffieldFinancial.com/Apply/Dealer/51498
T,7,0% for 48 Months,0,48,,,,150,1500,75000,T,2026-08-01,2026-10-31,T,T,T,F,,,T,,,,,,,,,,,,,,,,,,,,,,,,,,,,,,,,,,,,,,,,,,20260801-7,TORO,Sheffield Financial,https://prequalify.sheffieldFinancial.com/Apply/Dealer/51498
T,8,0% for 60 Months,0,60,,,,150,2500,75000,T,2026-08-01,2026-10-31,T,T,T,F,,,T,,,,,,,,,,,,,,,,,,, ,,,,,,,,,,,,,,,,,,,,,,,20260801-8,TORO,Sheffield Financial,https://prequalify.sheffieldFinancial.com/Apply/Dealer/51498
T,9,1.99% for 48 Months,0.0199,48,,,,150,1500,75000,T,2026-08-01,2026-10-31,T,T,T,F,,,T,,,,,,,,,,,,,,,,,,, ,,,, ,, , ,,,,,,,,,,,,,, ,,20260801-9,TORO,Sheffield Financial,https://prequalify.sheffieldFinancial.com/Apply/Dealer/51498
T,10,3.99% for 36 Months,0.0399,36,,,,150,1500,75000,T,2026-08-01,2026-10-31,T,T,T,F,,,T,,,,,,,,,,,,,,,,,,, , , , ,,,,,,,,,,,,,,,,,,,,20260801-10,TORO,Sheffield Financial,https://prequalify.sheffieldFinancial.com/Apply/Dealer/51498
T,11,4.99% for 48 Months,0.0499,48,,,,150,1500,75000,T,2026-08-01,2026-10-31,T,T,T,F,,,T,,,,,,,,,,,,,,,,,,,,, , , , , , ,,,,,,,,,,,,,, ,,20260801-11,TORO,Sheffield Financial,https://prequalify.sheffieldFinancial.com/Apply/Dealer/51498
T,12,0% for 42 Months,0,42,,,,150,1500,75000,F,2026-08-01,2026-10-31,T,T,T,F,,, ,,,,,,,,,,,,,,,,T,T,T,T,T,T,T,T,T,T,T,T,T,T,T,T,T,T,T,T,T,T,T,T,T,,20260801-12,TORO,Sheffield Financial,https://prequalify.sheffieldFinancial.com/Apply/Dealer/51498
T,13,0% for 42 Months,0,42,,,,150,1500,75000,F,2026-08-01,2026-10-31,T,T,T,F,,, ,T,T,T,T,T,T,T,T,T,T,T,T,T,T,T,,,,,,,,,,,,,,,,,,,,,,,,,,,20260801-13,TORO,Sheffield Financial,https://prequalify.sheffieldFinancial.com/Apply/Dealer/51498
T,14,5.99% for 12 Months,0.0599,12,,,,50,500,75000,T,2026-08-01,2026-10-31,T,T,T,F,,,T,,,,,,,,,,,,,,,,,,,,,,,,,,,,,,,,,,,,,,,,,,20260801-14,TORO,Sheffield Financial,https://prequalify.sheffieldFinancial.com/Apply/Dealer/51498
T,15,7.99% for 24 Months,0.0799,24,,,,150,1500,75000,T,2026-08-01,2026-10-31,T,T,T,F,,,T,,,,,,,,,,,,,,,,,,,,,,,,,,,,,,,,,,,,,,,,,,20260801-15,TORO,Sheffield Financial,https://prequalify.sheffieldFinancial.com/Apply/Dealer/51498
T,16,9.99% for 36 Months,0.0999,36,,,,150,1500,75000,T,2026-08-01,2026-10-31,T,T,T,F,,,T,,,,,,,,,,,,,,,,,,,,,,,,,,,,,,,,,,,,,,,,,,20260801-16,TORO,Sheffield Financial,https://prequalify.sheffieldFinancial.com/Apply/Dealer/51498
T,17,11.99% for 48 Months,0.1188,48,,,,150,1500,75000,T,2026-08-01,2026-10-31,T,T,T,F,,,T,,,,,,,,,,,,,,,,,,,,,,,,,,,,,,,,,,,,,,,,,,20260801-17,TORO,Sheffield Financial,https://prequalify.sheffieldFinancial.com/Apply/Dealer/51498
T,18,8.99% for 12 Months,0.0899,12,,,,50,500,75000,T,2026-08-01,2026-10-31,T,T,T,F,,,T,,,,,,,,,,,,,,,,,,,,,,,,,,,,,,,,,,,,,,,,,,20260801-18,TORO,Sheffield Financial,https://prequalify.sheffieldFinancial.com/Apply/Dealer/51498
T,19,10.99% for 24 Months,0.1099,24,,,,150,1500,75000,T,2026-08-01,2026-10-31,T,T,T,F,,,T,,,,,,,,,,,,,,,,,,,,,,,,,,,,,,,,,,,,,,,,,,20260801-19,TORO,Sheffield Financial,https://prequalify.sheffieldFinancial.com/Apply/Dealer/51498
T,20,12.99% for 36 Months,0.1299,36,,,,150,1500,75000,T,2026-08-01,2026-10-31,T,T,T,F,,,T,,,,,,,,,,,,,,,,,,,,,,,,,,,,,,,,,,,,,,,,,,20260801-20,TORO,Sheffield Financial,https://prequalify.sheffieldFinancial.com/Apply/Dealer/51498
T,21,14.99% for 48 Months,0.1499,48,,,,150,1500,75000,T,2026-08-01,2026-10-31,T,T,T,F,,,T,,,,,,,,,,,,,,,,,,,,,,,,,,,,,,,,,,,,,,,,,,20260801-21,TORO,Sheffield Financial,https://prequalify.sheffieldFinancial.com/Apply/Dealer/51498
T,22,10.99% for 36 Months,0.1099,36,,,,150,1500,75000,T,2026-08-01,2026-10-31,T,T,T,F,,,T,,,,,,,,,,,,,,,,,,,,,,,,,,,,,,,,,,,,,,,,,,20260801-22,TORO,Sheffield Financial,https://prequalify.sheffieldFinancial.com/Apply/Dealer/51498
T,23,7.99% for 48 Months,0.0799,48,,,,150,75000,250000,T,2026-08-01,2026-10-31,T,T,T,F,,,T,,,,,,,,,,,,,,,,,,,,,,,,,,,,,,,,,,,,,,,,,,20260801-23,TORO,Sheffield Financial,https://prequalify.sheffieldFinancial.com/Apply/Dealer/51498
T,24,8.99% for 60 Months,0.0899,60,,,,150,75000,250000,T,2026-08-01,2026-10-31,T,T,T,F,,,T,,,,,,,,,,,,,,,,,,,,,,,,,,,,,,,,,,,,,,,,,,20260801-24,TORO,Sheffield Financial,https://prequalify.sheffieldFinancial.com/Apply/Dealer/51498
