SKU,Description,Active,AssemblyAmount,AssemblyOption,AssemblyTime,BrandID,Category,DeliveryGroup,DiscountEligible,DisplayAvailability,FinancingEligible,FreightGroup,LocalDelivery,Model,MSRP,Package,PowerType,ProductType,PromoName,QtyDanbury,QtyNewMilford,RebateEligible,RebateEndDate,RebateStartDate,RebateToCustomer,SaleEndDate,SalePrice,SaleStartDate,Series,SortOrder,SpecialFinancingEligible,SubCategory,System,Taxable,AllowBackorder,BuyOnlineEligible,MaximumOnLineQty,AvailabilityRequestEligible,ShippingEligible,ShippingRateType,ShipWeight,ShipLength,ShipWidth,ShipHeight,ShippingCarrierRule,ShippingRestriction,ShipsSeparately,RequiredSKU1,RequiredQty1,RequiredDescription1,RequiredSKU2,RequiredQty2,RequiredDescription2,Active2,37798,37799,37807,39926,39960,39961,77505,74054,77401,38361,38381,38474,38475,38752,38753,38754,38755,38756,38757,39909,39909T,39901,39902,39901T,39924,39925,399262,39914,39921,39921T,39922T,39926T,39915,39915T,378073,377984,377995,37805,399606,399617,399622,39963,38830,38838,38842,38843,38844,36002,36003,38890,38891,38701,76401,76501,76502,76604,76605,76411,76511,76614,76606,76609,77301,75748,774018,77404,75747,775059,77501,77504,77506,77601,77502,77503,77507,77602,77603,75841,75851,22215,22217,22225,22235,22236,22232,22232T,22237,22287,22297,222982,22295,22296,22282,22284,22282T,44460BOT,44410,44424,44427,44430,44436,44448,44454,44460,18562,18560,18564,72530,72524,72531,72525,74532,74534,74535,72504,72518,72505,72519,72509,72513,72520,72506,72507,72510,72512,72514,72517,77281,77283,77291,77285,77288,77292,77294,18748,18752,18760,18765,18762,74000,74002,74010,74050,74052,74004,74005,74015,74035,74036,7405410,74055,74057,74058,74059,74016,74020,74022,74024,72907,72908,72955,72956,72957,72910,72911,72912,72930,72918,72922,72923,72924,72953,72926,72960,72965,72967,72976,72928,72961,72968,72977,72980,72981,72983,72982,72027,72028,72029,72030,72074,72076,72098,74090,72144,74316,74314,39514,39521,34230,34232,34246,34242,34240,34241,34243,33521,33512,33513
161-4522,Use: 148-1288,T,0,T,0,TORO, , ,T,T,T,PartsAccessories,T, ,0,, , , ,0,0,T,,,,,0,,,678,, , ,T, ,, , , , , , , , , , , ,,,,,,,,,,,,,,,,,,,,,,,,,,,,,,,,,,,,,,,,,,,,,,,,,,,,,,,,,,,,,,,,,,,,,,,,,,,,,,,,,,,,,,,,,,,,,,,,,,,,,,,,,,,,,,,,,,,,,,,,,,,,,,,,,,,,,,,,,,,,,,,,,,,,,,,,,,,,,,,,,,,,,,,,,,,,,,,,,,,,,,,,,,,,,,,,,,,,,,,,,,,,,,,,,,,,,,,
105-1692,Use:  SP35 (Interstate Battery),T,0,T,0,TORO, , ,T,T,T,PartsAccessories,T, ,0,, , , ,0,0,T,,,,,0,,,725,, , ,T, ,, , , , , , , , , , , ,,,,,,,,,,,,,,,,,,,,,,,,,,,,,,,,,,,,,,,,,,,,,,,,,,,,,,,,,,,,,,,,,,,,,,,,,,,,,,,,,,,,,,,,,,,,,,,,,,,,,,,,,,,,,,,,,,,,,,,,,,,,,,,,,,,,,,,,,,,,,,,,,,,,,,,,,,,,,,,,,,,,,,,,,,,,,,,,,,,,,,,,,,,,,,,,,,,,,,,,,,,,,,,,,,,,,,,
108-1117,Blade - Hi-Flow (Pack of 6),T,0,T,0,TORO, , ,T,T,T,PartsAccessories,T, ,141.99,, , , ,0,0,T,,,,,0,,,726,, , ,T, ,, , , , , , , , , , , ,,,,,,,,,,,,,,,,,,,,,,,,,,,,,,,,,,,,,,,,,,,,,,,,,,,,,,,,,,,,,,,,,,,,,,,,,,,,,,,,,,,,,,,,,,,,,,,,,,,,,,,,,,,,,,,,,,,,,,,,,,,,,,,,,,,,,,,,,,,,,,,,,,,,,,,,,,,,,,,,,,,,,,,,,,,,,,,,,,,,,,,,,,,,,,,,,,,,,,,,,,,,,,,,,,,,,,,
108-1118,Blade - Atomic (Pack of 6) NLA,T,0,T,0,TORO, , ,T,T,T,PartsAccessories,T, ,0,, , , ,0,0,T,,,,,0,,,727,, , ,T, ,, , , , , , , , , , , ,,,,,,,,,,,,,,,,,,,,,,,,,,,,,,,,,,,,,,,,,,,,,,,,,,,,,,,,,,,,,,,,,,,,,,,,,,,,,,,,,,,,,,,,,,,,,,,,,,,,,,,,,,,,,,,,,,,,,,,,,,,,,,,,,,,,,,,,,,,,,,,,,,,,,,,,,,,,,,,,,,,,,,,,,,,,,,,,,,,,,,,,,,,,,,,,,,,,,,,,,,,,,,,,,,,,,,,
108-1184,Transmission / Hydraulic Fluid (5 Gallon),T,0,T,0,TORO, , ,T,T,T,PartsAccessories,T, ,141.08,, , , ,0,0,T,,,,,0,,,728,, , ,T, ,, , , , , , , , , , , ,,,,,,,,,,,,,,,,,,,,,,,,,,,,,,,,,,,,,,,,,,,,,,,,,,,,,,,,,,,,,,,,,,,,,,,,,,,,,,,,,,,,,,,,,,,,,,,,,,,,,,,,,,,,,,,,,,,,,,,,,,,,,,,,,,,,,,,,,,,,,,,,,,,,,,,,,,,,,,,,,,,,,,,,,,,,,,,,,,,,,,,,,,,,,,,,,,,,,,,,,,,,,,,,,,,,,,,
108-1190,All Purpose Grease,T,0,T,0,TORO, , ,T,T,T,PartsAccessories,T, ,9.56,, , , ,0,0,T,,,,,0,,,729,, , ,T, ,, , , , , , , , , , , ,,,,,,,,,,,,,,,,,,,,,,,,,,,,,,,,,,,,,,,,,,,,,,,,,,,,,,,,,,,,,,,,,,,,,,,,,,,,,,,,,,,,,,,,,,,,,,,,,,,,,,,,,,,,,,,,,,,,,,,,,,,,,,,,,,,,,,,,,,,,,,,,,,,,,,,,,,,,,,,,,,,,,,,,,,,,,,,,,,,,,,,,,,,,,,,,,,,,,,,,,,,,,,,,,,,,,,,
108-1197,SAE 30 Engine Oil (5 Gallon),T,0,T,0,TORO, , ,T,T,T,PartsAccessories,T, ,107.48,, , , ,0,0,T,,,,,0,,,730,, , ,T, ,, , , , , , , , , , , ,,,,,,,,,,,,,,,,,,,,,,,,,,,,,,,,,,,,,,,,,,,,,,,,,,,,,,,,,,,,,,,,,,,,,,,,,,,,,,,,,,,,,,,,,,,,,,,,,,,,,,,,,,,,,,,,,,,,,,,,,,,,,,,,,,,,,,,,,,,,,,,,,,,,,,,,,,,,,,,,,,,,,,,,,,,,,,,,,,,,,,,,,,,,,,,,,,,,,,,,,,,,,,,,,,,,,,,
109-3321,Transaxle Oil Filter,T,0,T,0,TORO, , ,T,T,T,PartsAccessories,T, ,26.99,, , , ,0,0,T,,,,,0,,,731,, , ,T, ,, , , , , , , , , , , ,,,,,,,,,,,,,,,,,,,,,,,,,,,,,,,,,,,,,,,,,,,,,,,,,,,,,,,,,,,,,,,,,,,,,,,,,,,,,,,,,,,,,,,,,,,,,,,,,,,,,,,,,,,,,,,,,,,,,,,,,,,,,,,,,,,,,,,,,,,,,,,,,,,,,,,,,,,,,,,,,,,,,,,,,,,,,,,,,,,,,,,,,,,,,,,,,,,,,,,,,,,,,,,,,,,,,,,
110-0406,Blade - Low-Flow (Pack of 6) NLA,T,0,T,0,TORO, , ,T,T,T,PartsAccessories,T, ,0,, , , ,0,0,T,,,,,0,,,732,, , ,T, ,, , , , , , , , , , , ,,,,,,,,,,,,,,,,,,,,,,,,,,,,,,,,,,,,,,,,,,,,,,,,,,,,,,,,,,,,,,,,,,,,,,,,,,,,,,,,,,,,,,,,,,,,,,,,,,,,,,,,,,,,,,,,,,,,,,,,,,,,,,,,,,,,,,,,,,,,,,,,,,,,,,,,,,,,,,,,,,,,,,,,,,,,,,,,,,,,,,,,,,,,,,,,,,,,,,,,,,,,,,,,,,,,,,,
110-0408,Blade - Recycler (Pack of 6),T,0,T,0,TORO, , ,T,T,T,PartsAccessories,T, ,190.99,, , , ,0,0,T,,,,,0,,,733,, , ,T, ,, , , , , , , , , , , ,,,,,,,,,,,,,,,,,,,,,,,,,,,,,,,,,,,,,,,,,,,,,,,,,,,,,,,,,,,,,,,,,,,,,,,,,,,,,,,,,,,,,,,,,,,,,,,,,,,,,,,,,,,,,,,,,,,,,,,,,,,,,,,,,,,,,,,,,,,,,,,,,,,,,,,,,,,,,,,,,,,,,,,,,,,,,,,,,,,,,,,,,,,,,,,,,,,,,,,,,,,,,,,,,,,,,,,
110-0409,Blade - Mid-Flow (Pack of 6) NLA,T,0,T,0,TORO, , ,T,T,T,PartsAccessories,T, ,0,, , , ,0,0,T,,,,,0,,,734,, , ,T, ,, , , , , , , , , , , ,,,,,,,,,,,,,,,,,,,,,,,,,,,,,,,,,,,,,,,,,,,,,,,,,,,,,,,,,,,,,,,,,,,,,,,,,,,,,,,,,,,,,,,,,,,,,,,,,,,,,,,,,,,,,,,,,,,,,,,,,,,,,,,,,,,,,,,,,,,,,,,,,,,,,,,,,,,,,,,,,,,,,,,,,,,,,,,,,,,,,,,,,,,,,,,,,,,,,,,,,,,,,,,,,,,,,,,
114-4713,Hypr-Oil 500 (Quart),T,0,T,0,TORO, , ,T,T,T,PartsAccessories,T, ,14.99,, , , ,0,0,T,,,,,0,,,735,, , ,T, ,, , , , , , , , , , , ,,,,,,,,,,,,,,,T,,,,,,,,,,,,,,,,,,,,,,,,,,,,,,,,,,,,,,,,,,,,,,,,,,,,,,,,,,,,,,,,,,,,,,,,,,,,,,,,,,,,,,,,,,,,,,,,,,,,,,,,,,,,,,,,,,,,,,,,,,,,,,,,,,,,,,,,,,,,,,,,,,,,,,,,,,,,,,,,,,,,,,,,,,,,,,,,,,,,,,,,,,,,,,,,,,,,,,,,
114-4714,Hypr-Oil 500 (Gallon),T,0,T,0,TORO, , ,T,T,T,PartsAccessories,T, ,59.99,, , , ,0,0,T,,,,,0,,,736,, , ,T, ,, , , , , , , , , , , ,,,,,,,,,,,,,,,T,,,,,,,,,,,,,,,,,,,,,,,,,,,,,,,,,,,,,,,,,,,,,,,,,,,,,,,,,,,,,,,,,,,,,,,,,,,,,,,,,,,,,,,,,,,,,,,,,,,,,,,,,,,,,,,,,,,,,,,,,,,,,,,,,,,,,,,,,,,,,,,,,,,,,,,,,,,,,,,,,,,,,,,,,,,,,,,,,,,,,,,,,,,,,,,,,,,,,,,,
114-4715,Hypr-Oil 500 (5 Gallon),T,50,T,0.5,TORO, , ,T,T,T,PartsAccessories,T, ,267.99,, , , ,0,0,T,,,,,0,,,737,, , ,T, ,, , , , , , , , , , , ,,,,,,,,,,,,,,,T,,,,,,,,,,,,,,,,,,,,,,,,,,,,,,,,,,,,,,,,,,,,,,,,,,,,,,,,,,,,,,,,,,,,,,,,,,,,,,,,,,,,,,,,,,,,,,,,,,,,,,,,,,,,,,,,,,,,,,,,,,,,,,,,,,,,,,,,,,,,,,,,,,,,,,,,,,,,,,,,,,,,,,,,,,,,,,,,,,,,,,,,,,,,,,,,,,,,,,,,
116-8232,Snow / Ice Wafers (Black),T,0,T,0,TORO, , ,T,T,T,PartsAccessories,T, ,504.99,, , , ,0,0,T,,,,,0,,,738,, , ,T, ,, , , , , , , , , , , ,,,,,,,,,,,,,,,,,,,,,,,,,,,,,,,,,,,,,,,,,,,,,,,,,,,,,,,,,,,,,,,,,,,,,,,,,,,,,,,,,,,,,,,,,,,,,,,,,,,,,,,,,,,,,,,,,,,,,,,,,,,,,,,,,,,,,,,,,,,,,,,,,,,,,,,,,,,,,,,,,,,,,,,,,,,,,,,,,,,,,,,,,,,,,,,,,,,,,,,,,,,,,,,,,,,,,,,
116-8233,Turf Wafers (Yellow),T,0,T,0,TORO, , ,T,T,T,PartsAccessories,T, ,637.99,, , , ,0,0,T,,,,,0,,,739,, , ,T, ,, , , , , , , , , , , ,,,,,,,,,,,,,,,,,,,,,,,,,,,,,,,,,,,,,,,,,,,,,,,,,,,,,,,,,,,,,,,,,,,,,,,,,,,,,,,,,,,,,,,,,,,,,,,,,,,,,,,,,,,,,,,,,,,,,,,,,,,,,,,,,,,,,,,,,,,,,,,,,,,,,,,,,,,,,,,,,,,,,,,,,,,,,,,,,,,,,,,,,,,,,,,,,,,,,,,,,,,,,,,,,,,,,,,
117-0390,UHT Oil Filter,T,0,T,0,TORO, , ,T,T,T,PartsAccessories,T, ,54.99,, , , ,0,0,T,,,,,0,,,740,, , ,T, ,, , , , , , , , , , , ,,,,,,,,,,,,,,,,,,,,,,,,,,,,,,,,,,,,,,,,,,,,,,,,,,,,,,,,,,,,,,,,,,,,,,,,,,,,,,,,,,,,,,,,,,,,,,,,,,,,,,,,,,,,,,,,,,,,,,,,,,,,,,,,,,,,,,,,,,,,,,,,,,,,,,,,,,,,,,,,,,,,,,,,,,,,,,,,,,,,,,,,,,,,,,,,,,,,,,,,,,,,,,,,,,,,,,,
119-4038,Hex Nut,T,0,T,0,TORO, , ,T,T,T,PartsAccessories,T, ,0.32,, , , ,0,0,T,,,,,0,,,741,, , ,T, ,, , , , , , , , , , , ,,,,,,,,,,,,T,T,,,,,,,,,,,,,,,,,,,,,,,,,,,,,,,,,,,,,,,,,,,,,,,,,,,,,,,,,,,,,,,,,,,,,,,,,,,,,,,,,,,,,,,,,,,,,,,,,,,,,,,,,,,,,,,,,,,,,,,,,,,,,,,,,,,,,,,,,,,,,,,,,,,,,,,,,,,,,,,,,,,,,,,,,,,,,,,,,,,,,,,,,,,,,,,,,,,,,,,,,,
119-5852,Oil Filter,T,0,T,0,TORO, , ,T,T,T,PartsAccessories,T, ,26.37,, , , ,0,0,T,,,,,0,,,742,, , ,T, ,, , , , , , , , , , , ,,,,,,,,,,,,,,,,,,,,,,,,,,,,,,,,,,,,,,,,,,,,,,,,,,,,,,,,,,,,,,,,,,,,,,,,,,,,,,,,,,,,,,,,,,,,,,,,,,,,,,,,,,,,,,,,,,,,,,,,,,,,,,,,,,,,,,,,,,,,,,,,,,,,,,,,,,,,,,,,,,,,,,,,,,,,,,,,,,,,,,,,,,,,,,,,,,,,,,,,,,,,,,,,,,,,,,,
120-2235,Fuel Filter,T,0,T,0,TORO, , ,T,T,T,PartsAccessories,T, ,8.09,, , , ,0,0,T,,,,,0,,,743,, , ,T, ,, , , , , , , , , , , ,,,,,,,,,,,,,,,,,,,,,,,,,,,,,,,,,,,,,,,,,,,,,,,,,,,,,,,,,,,,,,,,,,,,,,,,,,,,,,,,,,,,,,,,,,,,,,,,,,,,,,,,,,,,,,,,,,,,,,,,,,,,,,,,,,,,,,,,,,,,,,,,,,,,,,,,,,,,,,,,,,,,,,,,,,,,,,,,,,,,,,,,,,,,,,,,,,,,,,,,,,,,,,,,,,,,,,,
120-4817,Graphite Dry Lubricant,T,0,T,0,TORO, , ,T,T,T,PartsAccessories,T, ,28.93,, , , ,0,0,T,,,,,0,,,744,, , ,T, ,, , , , , , , , , , , ,,,,,,,,,,,,,,,,,,,,,,,,,,,,,,,,,,,,,,,,,,,,,,,,,,,,,,,,,,,,,,,,,,,,,,,,,,,,,,,,,,,,,,,,,,,,,,,,,,,,,,,,,,,,,,,,,,,,,,,,,,,,,,,,,,,,,,,,,,,,,,,,,,,,,,,,,,,,,,,,,,,,,,,,,,,,,,,,,,,,,,,,,,,,,,,,,,,,,,,,,,,,,,,,,,,,,,,
120-7447,Air Filter Element,T,0,T,0,TORO, , ,T,T,T,PartsAccessories,T, ,9.71,, , , ,0,0,T,,,,,0,,,745,, , ,T, ,, , , , , , , , , , , ,,,,,,,,,,,,,,,,,,,,,,,,,,,,,,,,,,,,,,,,,,,,,,,,,,,,,,,,,,,,,,,,,,,,,,,,,,,,,,,,,,,,,,,,,,,,,,,,,,,,,,,,,,,,,,,,,,,,,,,,,,,,,,,,,,,,,,,,,,,,,,,,,,,,,,,,,,,,,,,,,,,,,,,,,,,,,,,,,,,,,,,,,,,,,,,,,,,,,,,,,,,,,,,,,,,,,,,
120-9738,Hex Head Screw,T,0,T,0,TORO, , ,T,T,T,PartsAccessories,T, ,0.86,, , , ,0,0,T,,,,,0,,,746,, , ,T, ,, , , , , , , , , , , ,,,,,,,,,,,,T,T,,,,,,,,,,,,,,,,,,,,,,,,,,,,,,,,,,,,,,,,,,,,,,,,,,,,,,,,,,,,,,,,,,,,,,,,,,,,,,,,,,,,,,,,,,,,,,,,,,,,,,,,,,,,,,,,,,,,,,,,,,,,,,,,,,,,,,,,,,,,,,,,,,,,,,,,,,,,,,,,,,,,,,,,,,,,,,,,,,,,,,,,,,,,,,,,,,,,,,,,,,
121-3783,Transaxle Service Kit (5 Qts Oil & 2 Filters),T,0,T,0,TORO, , ,T,T,T,PartsAccessories,T, ,157.99,, , , ,0,0,T,,,,,0,,,747,, , ,T, ,, , , , , , , , , , , ,,,,,,,,,,,,,,,,,,,,,,,,,,,,,,,,,,,,,,,,,,,,,,,,,,,,,,,,,,,,,,,,,,,,,,,,,,,,,,,,,,,,,,,,,,,,,,,,,,,,,,,,,,,,,,,,,,,,,,,,,,,,,,,,,,,,,,,,,,,,,,,,,,,,,,,,,,,,,,,,,,,,,,,,,,,,,,,,,,,,,,,,,,,,,,,,,,,,,,,,,,,,,,,,,,,,,,,
121-4239,"High Altitude Kit (Above 4,000 Feet)",T,0,T,0,TORO, , ,T,T,T,PartsAccessories,T, ,10.99,, , , ,0,0,T,,,,,0,,,748,, , ,T, ,, , , , , , , , , , , ,,,,,,,,,,,,,,,,,,,,,,,,,,,,,,,,,,,,,,,,,,,,,,,,,,,,,,,,,,,,,,,,,,,,,,,,,,,,,,,,,,,,,,,,,,,,,,,,,,,,,,,,,,,,,,,,,,,,,,,,,,,,,,,,,,,,,,,,,,,,,,,,,,,,,,,,,,,,,,,,,,,,,,,,,,,,,,,,,,,,,,,,,,,,,,,,,,,,,,,,,,,,,,,,,,,,,,,
121-6395,15W-40 Engine Oil (5 Gallon),T,0,T,0,TORO, , ,T,T,T,PartsAccessories,T, ,107.48,, , , ,0,0,T,,,,,0,,,749,, , ,T, ,, , , , , , , , , , , ,,,,,,,,,,,,,,,,,,,,,,,,,,,,,,,,,,,,,,,,,,,,,,,,,,,,,,,,,,,,,,,,,,,,,,,,,,,,,,,,,,,,,,,,,,,,,,,,,,,,,,,,,,,,,,,,,,,,,,,,,,,,,,,,,,,,,,,,,,,,,,,,,,,,,,,,,,,,,,,,,,,,,,,,,,,,,,,,,,,,,,,,,,,,,,,,,,,,,,,,,,,,,,,,,,,,,,,
125-1104,Use:  38212,T,0,T,0,TORO, , ,T,T,T,PartsAccessories,T, ,0,, , , ,0,0,T,,,,,0,,,750,, , ,T, ,, , , , , , , , , , , ,,,,,,,,,,,,,,,,,,,,,,,,,,,,,,,,,,,,,,,,,,,,,,,,,,,,,,,,,,,,,,,,,,,,,,,,,,,,,,,,,,,,,,,,,,,,,,,,,,,,,,,,,,,,,,,,,,,,,,,,,,,,,,,,,,,,,,,,,,,,,,,,,,,,,,,,,,,,,,,,,,,,,,,,,,,,,,,,,,,,,,,,,,,,,,,,,,,,,,,,,,,,,,,,,,,,,,,
127-1646,"MVP Filter, Belt and Blade Kit",T,0,T,0,TORO, , ,T,T,T,PartsAccessories,T, ,158.99,, , , ,0,0,T,,,,,0,,,751,, , ,T, ,, , , , , , , , , , , ,,,,,,,,,,,,,,,,,,,,,,,,,,,,,,,,,,,,,,,,,,,,,,,,,,,,,,,,,,,,,,,,,,,,,,,,,,,,,,,,,,,,,,,,,,,,,,,,,,,,,,,,,,,,,,,,,,,,,,,,,,,,,,,,,,,,,,,,,,,,,,,,,,,,,,,,,,,,,,,,,,,,,,,,,,,,,,,,,,,,,,,,,,,,,,,,,,,,,,,,,,,,,,,,,,,,,,,
127-3200,No-Spill Gas Can (1-1/4 Gallon),T,0,T,0,TORO, , ,T,T,T,PartsAccessories,T, ,32.99,, , , ,0,0,T,,,,,0,,,752,, , ,T, ,, , , , , , , , , , , ,,,,,,,,,,,,,,,,,,,,,,,,,,,,,,,,,,,,,,,,,,,,,,,,,,,,,,,,,,,,,,,,,,,,,,,,,,,,,,,,,,,,,,,,,,,,,,,,,,,,,,,,,,,,,,,,,,,,,,,,,,,,,,,,,,,,,,,,,,,,,,,,,,,,,,,,,,,,,,,,,,,,,,,,,,,,,,,,,,,,,,,,,,,,,,,,,,,,,,,,,,,,,,,,,,,,,,,
127-3201,No-Spill Gas Can (2-1/2 Gallon),T,0,T,0,TORO, , ,T,T,T,PartsAccessories,T, ,38.99,, , , ,0,0,T,,,,,0,,,753,, , ,T, ,, , , , , , , , , , , ,,,,,,,,,,,,,,,,,,,,,,,,,,,,,,,,,,,,,,,,,,,,,,,,,,,,,,,,,,,,,,,,,,,,,,,,,,,,,,,,,,,,,,,,,,,,,,,,,,,,,,,,,,,,,,,,,,,,,,,,,,,,,,,,,,,,,,,,,,,,,,,,,,,,,,,,,,,,,,,,,,,,,,,,,,,,,,,,,,,,,,,,,,,,,,,,,,,,,,,,,,,,,,,,,,,,,,,
127-3202,No-Spill Gas Can (5 Gallon),T,0,T,0,TORO, , ,T,T,T,PartsAccessories,T, ,54.99,, , , ,0,0,T,,,,,0,,,754,, , ,T, ,, , , , , , , , , , , ,,,,,,,,,,,,,,,,,,,,,,,,,,,,,,,,,,,,,,,,,,,,,,,,,,,,,,,,,,,,,,,,,,,,,,,,,,,,,,,,,,,,,,,,,,,,,,,,,,,,,,,,,,,,,,,,,,,,,,,,,,,,,,,,,,,,,,,,,,,,,,,,,,,,,,,,,,,,,,,,,,,,,,,,,,,,,,,,,,,,,,,,,,,,,,,,,,,,,,,,,,,,,,,,,,,,,,,
127-3203,No-Spill Kerosene Can (5 Gallon),T,0,T,0,TORO, , ,T,T,T,PartsAccessories,T, ,56.99,, , , ,0,0,T,,,,,0,,,755,, , ,T, ,, , , , , , , , , , , ,,,,,,,,,,,,,,,,,,,,,,,,,,,,,,,,,,,,,,,,,,,,,,,,,,,,,,,,,,,,,,,,,,,,,,,,,,,,,,,,,,,,,,,,,,,,,,,,,,,,,,,,,,,,,,,,,,,,,,,,,,,,,,,,,,,,,,,,,,,,,,,,,,,,,,,,,,,,,,,,,,,,,,,,,,,,,,,,,,,,,,,,,,,,,,,,,,,,,,,,,,,,,,,,,,,,,,,
127-3204,No-Spill Diesel Can (5 Gallon),T,0,T,0,TORO, , ,T,T,T,PartsAccessories,T, ,56.99,, , , ,0,0,T,,,,,0,,,756,, , ,T, ,, , , , , , , , , , , ,,,,,,,,,,,,,,,,,,,,,,,,,,,,,,,,,,,,,,,,,,,,,,,,,,,,,,,,,,,,,,,,,,,,,,,,,,,,,,,,,,,,,,,,,,,,,,,,,,,,,,,,,,,,,,,,,,,,,,,,,,,,,,,,,,,,,,,,,,,,,,,,,,,,,,,,,,,,,,,,,,,,,,,,,,,,,,,,,,,,,,,,,,,,,,,,,,,,,,,,,,,,,,,,,,,,,,,
130-2393,Fuel Treatment (1/2 Ounce),T,0,T,0,TORO, , ,T,T,T,PartsAccessories,T, ,1.49,, , , ,0,0,T,,,,,0,,,757,, , ,T, ,, , , , , , , , , , , ,,,,,,,,,,,,,,,,T,,,,,,,,,,,,,,,,,,,,,,,,,,,,,,,,,,,,,,,,,,,,,,,,,,,,,,,,,,,,,,,,,,,,,,,,,,,,,,,,,,,,,,,,,,,,,,,,,,,,,,,,,,,,,,,,,,,,,,,,,,,,,,,,,,,,,,,,,,,,,,,,,,,,,,,,,,,,,,,,,,,,,,,,,,,,,,,,,,,,,,,,,,,,,,,,,,,,,,,
130-8134,Engine Maintenance Kit,T,0,T,0,TORO, , ,T,T,T,PartsAccessories,T, ,30.99,, , , ,0,0,T,,,,,0,,,758,, , ,T, ,, , , , , , , , , , , ,,,,,,,,,,,,,,,,,,,,,,,,,,,,,,,,,,,,,,,,,,,,,,,,,,,,,,,,,,,,,,,,,,,,,,,,,,,,,,,,,,,,,,,,,,,,,,,,,,,,,,,,,,,,,,,,,,,,,,,,,,,,,,,,,,,,,,,,,,,,,,,,,,,,,,,,,,,,,,,,,,,,,,,,,,,,,,,,,,,,,,,,,,,,,,,,,,,,,,,,,,,,,,,,,,,,,,,
130-8146,Use:  20301,T,0,T,0,TORO, , ,T,T,T,PartsAccessories,T, ,0,, , , ,0,0,T,,,,,0,,,759,, , ,T, ,, , , , , , , , , , , ,,,,,,,,,,,,,,,,,,,,,,,,,,,,,,,,,,,,,,,,,,,,,,,,,,,,,,,,,,,,,,,,,,,,,,,,,,,,,,,,,,,,,,,,,,,,,,,,,,,,,,,,,,,,,,,,,,,,,,,,,,,,,,,,,,,,,,,,,,,,,,,,,,,,,,,,,,,,,,,,,,,,,,,,,,,,,,,,,,,,,,,,,,,,,,,,,,,,,,,,,,,,,,,,,,,,,,,
130-8148,Use:  20298,T,0,T,0,TORO, , ,T,T,T,PartsAccessories,T, ,0,, , , ,0,0,T,,,,,0,,,760,, , ,T, ,, , , , , , , , , , , ,,,,,,,,,,,,,,,,,,,,,,,,,,,,,,,,,,,,,,,,,,,,,,,,,,,,,,,,,,,,,,,,,,,,,,,,,,,,,,,,,,,,,,,,,,,,,,,,,,,,,,,,,,,,,,,,,,,,,,,,,,,,,,,,,,,,,,,,,,,,,,,,,,,,,,,,,,,,,,,,,,,,,,,,,,,,,,,,,,,,,,,,,,,,,,,,,,,,,,,,,,,,,,,,,,,,,,,
130-9569P,Center Paddle Kit,T,0,T,0,TORO, , ,T,T,T,PartsAccessories,T, ,54.99,, , , ,0,0,T,,,,,0,,,761,, , ,T, ,, , , , , , , , , , , ,,,,,,,,,,,,,,,,,,,,,,,,,,,,,,,,,,,,,,,,,,,,,,,,,,,,,,,,,,,,,,,,,,,,,,,,,,,,,,,,,,,,,,,,,,,,,,,,,,,,,,,,,,,,,,,,,,,,,,,,,,,,,,,,,,,,,,,,,,,,,,,,,,,,,,,,,,,,,,,,,,,,,,,,,,,,,,,,,,,,,,,,,,,,,,,,,,,,,,,,,,,,,,,,,,,,,,,
130-9619P,Skid Replacement Kit,T,0,T,0,TORO, , ,T,T,T,PartsAccessories,T, ,54.99,, , , ,0,0,T,,,,,0,,,762,, , ,T, ,, , , , , , , , , , , ,,,,,,,,,,,,,,,,,,,,,,,,,,,,,,,,,,,,,,,,,,,,,,,,,,,,,,,,,,,,,,,,,,,,,,,,,,,,,,,,,,,,,,,,,,,,,,,,,,,,,,,,,,,,,,,,,,,,,,,,,,,,,,,,,,,,,,,,,,,,,,,,,,,,,,,,,,,,,,,,,,,,,,,,,,,,,,,,,,,,,,,,,,,,,,,,,,,,,,,,,,,,,,,,,,,,,,,
130-9628P,Scraper Kit,T,0,T,0,TORO, , ,T,T,T,PartsAccessories,T, ,50.99,, , , ,0,0,T,,,,,0,,,763,, , ,T, ,, , , , , , , , , , , ,,,,,,,,,,,,,,,,,,,,,,,,,,,,,,,,,,,,,,,,,,,,,,,,,,,,,,,,,,,,,,,,,,,,,,,,,,,,,,,,,,,,,,,,,,,,,,,,,,,,,,,,,,,,,,,,,,,,,,,,,,,,,,,,,,,,,,,,,,,,,,,,,,,,,,,,,,,,,,,,,,,,,,,,,,,,,,,,,,,,,,,,,,,,,,,,,,,,,,,,,,,,,,,,,,,,,,,
131-3823,4-Cycle Fuel (Quart),T,0,T,0,TORO, , ,T,T,T,PartsAccessories,T, ,7.99,, , , ,0,0,T,,,,,0,,,764,, , ,T, ,, , , , , , , , , , , ,,,,,,,,,,,,,,T,,,,,,,,,,,,,,,,,,,,,,,,,,,,,,,,,,,,,,,,,,,,,,,,,,,,,,,,,,,,,,,,,,,,,,,,,,,,,,,,,,,,,,,,,,,,,,,,,,,,,,,,,,,,,,,,,,,,,,,,,,,,,,,,,,,,,,,,,,,,,,,,,,,,,,,,,,,,,,,,,,,,,,,,,,,,,,,,,,,,,,,,,,,,,,,,,,,,,,,,,
131-5967P,Poly Drive Belt,T,0,T,0,TORO, , ,T,T,T,PartsAccessories,T, ,29.99,, , , ,0,0,T,,,,,0,,,765,, , ,T, ,, , , , , , , , , , , ,,,,,,,,,,,,,,,,,,,,,,,,,,,,,,,,,,,,,,,,,,,,,,,,,,,,,,,,,,,,,,,,,,,,,,,,,,,,,,,,,,,,,,,,,,,,,,,,,,,,,,,,,,,,,,,,,,,,,,,,,,,,,,,,,,,,,,,,,,,,,,,,,,,,,,,,,,,,,,,,,,,,,,,,,,,,,,,,,,,,,,,,,,,,,,,,,,,,,,,,,,,,,,,,,,,,,,,
131-6572,Fuel Treatment (12 Ounce),T,0,T,0,TORO, , ,T,T,T,PartsAccessories,T, ,9.99,, , , ,0,0,T,,,,,0,,,766,, , ,T, ,, , , , , , , , , , , ,,,,,,,,,,,,,,T,,,,,,,,,,,,,,,,,,,,,,,,,,,,,,,,,,,,,,,,,,,,,,,,,,,,,,,,,,,,,,,,,,,,,,,,,,,,,,,,,,,,,,,,,,,,,,,,,,,,,,,,,,,,,,,,,,,,,,,,,,,,,,,,,,,,,,,,,,,,,,,,,,,,,,,,,,,,,,,,,,,,,,,,,,,,,,,,,,,,,,,,,,,,,,,,,,,,,,,,,
132-7595,Speed Setting Tool,T,50,T,0.5,TORO, , ,T,T,T,PartsAccessories,T, ,126.99,, , , ,0,0,T,,,,,0,,,767,, , ,T, ,, , , , , , , , , , , ,,,,,,,,,,,,,,,,,,,,,,,,,,,,,,,,,,,,,,,,,,,,,,,,,,,,,,,,,,,,,,,,,,,,,,,,,,,,,,,,,,,,,,,,,,,,,,,,,,,,,,,,,,,,,,,,,,,,,,,,,,,,,,,,,,,,,,,,,,,,,,,,,,,,,,,,,,,,,,,,,,,,,,,,,,,,,,,,,,,,,,,,,,,,,,,,,,,,,,,,,,,,,,,,,,,,,,,
133-1457,Hydraulic Filter Kit,T,0,T,0,TORO, , ,T,T,T,PartsAccessories,T, ,87.99,, , , ,0,0,T,,,,,0,,,768,, , ,T, ,, , , , , , , , , , , ,,,,,,,,,,,,,,,,,,,,,,,,,,,,,,,,,,,,,,,,,,,,,,,,,,,,,,,,,,,,,,,,,,,,,,,,,,,,,,,,,,,,,,,,,,,,,,,,,,,,,,,,,,,,,,,,,,,,,,,,,,,,,,,,,,,,,,,,,,,,,,,,,,,,,,,,,,,,,,,,,,,,,,,,,,,,,,,,,,,,,,,,,,,,,,,,,,,,,,,,,,,,,,,,,,,,,,,
136-7148,Spacer/ Grommet,T,0,T,0,TORO, , ,T,T,T,PartsAccessories,T, ,0.39,, , , ,0,0,T,,,,,0,,,769,, , ,T, ,, , , , , , , , , , , ,,,,,,,,,,,,T,T,,,,,,,,,,,,,,,,,,,,,,,,,,,,,,,,,,,,,,,,,,,,,,,,,,,,,,,,,,,,,,,,,,,,,,,,,,,,,,,,,,,,,,,,,,,,,,,,,,,,,,,,,,,,,,,,,,,,,,,,,,,,,,,,,,,,,,,,,,,,,,,,,,,,,,,,,,,,,,,,,,,,,,,,,,,,,,,,,,,,,,,,,,,,,,,,,,,,,,,,,,
136-7488,Use: 148-1279,T,0,T,0,TORO, , ,T,T,T,PartsAccessories,T, ,0,, , , ,0,0,T,,,,,0,,,770,, , ,T, ,, , , , , , , , , , , ,,,,,,,,,,,,,,,,,,,,,,,,,,,,,,,,,,,,,,,,,,,,,,,,,,,,,,,,,,,,,,,,,,,,,,,,,,,,,,,,,,,,,,,,,,,,,,,,,,,,,,,,,,,,,,,,,,,,,,,,,,,,,,,,,,,,,,,,,,,,,,,,,,,,,,,,,,,,,,,,,,,,,,,,,,,,,,,,,,,,,,,,,,,,,,,,,,,,,,,,,,,,,,,,,,,,,,,
136-7489,Use: 148-1280,T,0,T,0,TORO, , ,T,T,T,PartsAccessories,T, ,0,, , , ,0,0,T,,,,,0,,,771,, , ,T, ,, , , , , , , , , , , ,,,,,,,,,,,,,,,,,,,,,,,,,,,,,,,,,,,,,,,,,,,,,,,,,,,,,,,,,,,,,,,,,,,,,,,,,,,,,,,,,,,,,,,,,,,,,,,,,,,,,,,,,,,,,,,,,,,,,,,,,,,,,,,,,,,,,,,,,,,,,,,,,,,,,,,,,,,,,,,,,,,,,,,,,,,,,,,,,,,,,,,,,,,,,,,,,,,,,,,,,,,,,,,,,,,,,,,
136-7848,Oil Filter,T,200,T,2,TORO, , ,T,T,T,PartsAccessories,T, ,16.99,, , , ,0,0,T,,,,,0,,,772,, , ,T, ,, , , , , , , , , , , ,,,,,,,,,,,,,,,,,,,,,,,,,,,,,,,,,,,,,,,,,,,,,,,,,,,,,,,,,,,,,,,,,,,,,,,,,,,,,,,,,,,,,,,,,,,,,,,,,,,,,,,,,,,,,,,,,,,,,,,,,,,,,,,,,,,,,,,,,,,,,,,,,,,,,,,,,,,,,,,,,,,,,,,,,,,,,,,,,,,,,,,,,,,,,,,,,,,,,,,,,,,,,,,,,,,,,,,
137-3032,Hex Head Screw,T,0,T,0,TORO, , ,T,T,T,PartsAccessories,T, ,1.59,, , , ,0,0,T,,,,,0,,,773,, , ,T, ,, , , , , , , , , , , ,,,,,,,,,,,,T,T,,,,,,,,,,,,,,,,,,,,,,,,,,,,,,,,,,,,,,,,,,,,,,,,,,,,,,,,,,,,,,,,,,,,,,,,,,,,,,,,,,,,,,,,,,,,,,,,,,,,,,,,,,,,,,,,,,,,,,,,,,,,,,,,,,,,,,,,,,,,,,,,,,,,,,,,,,,,,,,,,,,,,,,,,,,,,,,,,,,,,,,,,,,,,,,,,,,,,,,,,,
137-3088,Hex Nut,T,0,T,0,TORO, , ,T,T,T,PartsAccessories,T, ,0.39,, , , ,0,0,T,,,,,0,,,774,, , ,T, ,, , , , , , , , , , , ,,,,,,,,,,,,T,T,,,,,,,,,,,,,,,,,,,,,,,,,,,,,,,,,,,,,,,,,,,,,,,,,,,,,,,,,,,,,,,,,,,,,,,,,,,,,,,,,,,,,,,,,,,,,,,,,,,,,,,,,,,,,,,,,,,,,,,,,,,,,,,,,,,,,,,,,,,,,,,,,,,,,,,,,,,,,,,,,,,,,,,,,,,,,,,,,,,,,,,,,,,,,,,,,,,,,,,,,,
138-0698,Use:  20299,T,0,T,0,TORO, , ,T,T,T,PartsAccessories,T, ,0,, , , ,0,0,T,,,,,0,,,775,, , ,T, ,, , , , , , , , , , , ,,,,,,,,,,,,,,,,,,,,,,,,,,,,,,,,,,,,,,,,,,,,,,,,,,,,,,,,,,,,,,,,,,,,,,,,,,,,,,,,,,,,,,,,,,,,,,,,,,,,,,,,,,,,,,,,,,,,,,,,,,,,,,,,,,,,,,,,,,,,,,,,,,,,,,,,,,,,,,,,,,,,,,,,,,,,,,,,,,,,,,,,,,,,,,,,,,,,,,,,,,,,,,,,,,,,,,,
138-0699,Engine Maintenance Kit (20300),T,0,T,0,TORO, , ,T,T,T,PartsAccessories,T, ,0,, , , ,0,0,T,,,,,0,,,776,, , ,T, ,, , , , , , , , , , , ,,,,,,,,,,,,,,,,,,,,,,,,,,,,,,,,,,,,,,,,,,,,,,,,,,,,,,,,,,,,,,,,,,,,,,,,,,,,,,,,,,,,,,,,,,,,,,,,,,,,,,,,,,,,,,,,,,,,,,,,,,,,,,,,,,,,,,,,,,,,,,,,,,,,,,,,,,,,,,,,,,,,,,,,,,,,,,,,,,,,,,,,,,,,,,,,,,,,,,,,,,,,,,,,,,,,,,,
138-0702,Engine Maintenance Kit (Discontinued),T,0,T,0,TORO, , ,T,T,T,PartsAccessories,T, ,0,, , , ,0,0,T,,,,,0,,,777,, , ,T, ,, , , , , , , , , , , ,,,,,,,,T,T,T,,,,,,,,,,,,,,,,,,,,,,,,,,,,,,,,,,,,,,,,,,,,,,,,,,,,,,,,,,,,,,,,,,,,,,,,,,,,,,,,,,,,,,,,,,,,,,,,,,,,,,,,,,,,,,,,,,,,,,,,,,,,,,,,,,,,,,,,,,,,,,,,,,,,,,,,,,,,,,,,,,,,,,,,,,,,,,,,,,,,,,,,,,,,,,,,,,,,,,,,,,,,,
138-0704,Engine Maintenance Kit (20309),T,0,T,0,TORO, , ,T,T,T,PartsAccessories,T, ,0,, , , ,0,0,T,,,,,0,,,778,, , ,T, ,, , , , , , , , , , , ,,,,,,,,,,, ,,,,,,,,,,,,,,,,,,,,,,,,,,,,,,,,,,,,,,,,,,,,,,,,,,,,,,,,,,,,,,,,,,,,,,,,,,,,,,,,,,,,,,,,,,,,,,,,,,,,,,,,,,,,,,,,,,,,,,,,,,,,,,,,,,,,,,,,,,,,,,,,,,,,,,,,,,,,,,,,,,,,,,,,,,,,,,,,,,,,,,,,,,,,,,,,,,,,,,,,,,,,
138-6053,10W-30 Synthetic Engine Oil (Quart),T,0,T,0,TORO, , ,T,T,T,PartsAccessories,T, ,11.99,, , , ,0,0,T,,,,,0,,,779,, , ,T, ,, , , , , , , , , , , ,,,,,,,,,,,,,,T,,,,,,,,,,,,,,,,,,,,,,,,,,,,,,,,,,,,,,,,,,,,,,,,,,,,,,,,,,,,,,,,,,,,,,,,,,,,,,,,,,,,,,,,,,,,,,,,,,,,,,,,,,,,,,,,,,,,,,,,,,,,,,,,,,,,,,,,,,,,,,,,,,,,,,,,,,,,,,,,,,,,,,,,,,,,,,,,,,,,,,,,,,,,,,,,,,,,,,,,,
138-8883-03,"Mulch Blade (36"" Deck)",T,0,T,0,TORO, , ,T,T,T,PartsAccessories,T, ,31.99,, , , ,0,0,T,,,,,0,,,780,, , ,T, ,, , , , , , , , , , , ,,,,,,,,,,,,,,,,,,,,,,,,,,,,,,,,,,,,,,,,,,,,,,,,,,,,,,,,,,,,,,,,,,,,,,,,,,,,,,,,,,,,,,,,,,,,,,,,,,,,,,,,,,,,,,,,,,,,,,,,,,,,,,,,,,,,,,,,,,,,,,,,,,,,,,,,,,,,,,,,,,,,,,,,,,,,,,,,,,,,,,,,,,,,,,,,,,,,,,,,,,,,,,,,,,,,,,,
138-8884-03,"Mulch Blade (48"" Deck)",T,50,T,0.5,TORO, , ,T,T,T,PartsAccessories,T, ,30.99,, , , ,0,0,T,,,,,0,,,781,, , ,T, ,, , , , , , , , , , , ,,,,,,,,,,,,,,,,,,,,,,,,,,,,,,,,,,,,,,,,,,,,,,,,,,,,,,,,,,,,,,,,,,,,,,,,,,,,,,,,,,,,,,,,,,,,,,,,,,,,,,,,,,,,,,,,,,,,,,,,,,,,,,,,,,,,,,,,,,,,,,,,,,,,,,,,,,,,,,,,,,,,,,,,,,,,,,,,,,,,,,,,,,,,,,,,,,,,,,,,,,,,,,,,,,,,,,,
138-8885-03,"Mulch Blade (54"" Deck)",T,50,T,0.5,TORO, , ,T,T,T,PartsAccessories,T, ,26.99,, , , ,0,0,T,,,,,0,,,782,, , ,T, ,, , , , , , , , , , , ,,,,,,,,,,,,,,,,,,,,,,,,,,,,,,,,,,,,,,,,,,,,,,,,,,,,,,,,,,,,,,,,,,,,,,,,,,,,,,,,,,,,,,,,,,,,,,,,,,,,,,,,,,,,,,,,,,,,,,,,,,,,,,,,,,,,,,,,,,,,,,,,,,,,,,,,,,,,,,,,,,,,,,,,,,,,,,,,,,,,,,,,,,,,,,,,,,,,,,,,,,,,,,,,,,,,,,,
138-8886-03,"Mulch Blade (60"" Deck)",T,0,T,0,TORO, , ,T,T,T,PartsAccessories,T, ,29.99,, , , ,0,0,T,,,,,0,,,783,, , ,T, ,, , , , , , , , , , , ,,,,,,,,,,,,,,,,,,,,,,,,,,,,,,,,,,,,,,,,,,,,,,,,,,,,,,,,,,,,,,,,,,,,,,,,,,,,,,,,,,,,,,,,,,,,,,,,,,,,,,,,,,,,,,,,,,,,,,,,,,,,,,,,,,,,,,,,,,,,,,,,,,,,,,,,,,,,,,,,,,,,,,,,,,,,,,,,,,,,,,,,,,,,,,,,,,,,,,,,,,,,,,,,,,,,,,,
138-8887-03,"Hi-Flow Blade (36"" Deck)",T,50,T,0.5,TORO, , ,T,T,T,PartsAccessories,T, ,39.99,, , , ,0,0,T,,,,,0,,,784,, , ,T, ,, , , , , , , , , , , ,,,,,,,,,,,,,,,,,,,,,,,,,,,,,,,,,,,,,,,,,,,,,,,,,,,,,,,,,,,,,,,,,,,,,,,,,,,,,,,,,,,,,,,,,,,,,,,,,,,,,,,,,,,,,,,,,,,,,,,,,,,,,,,,,,,,,,,,,,,,,,,,,,,,,,,,,,,,,,,,,,,,,,,,,,,,,,,,,,,,,,,,,,,,,,,,,,,,,,,,,,,,,,,,,,,,,,,
138-8888-03,"Hi-Flow Blade (48"" Deck)",T,50,T,0.5,TORO, , ,T,T,T,PartsAccessories,T, ,29.99,, , , ,0,0,T,,,,,0,,,785,, , ,T, ,, , , , , , , , , , , ,,,,,,,,,,,,,,,,,,,,,,,,,,,,,,,,,,,,,,,,,,,,,,,,,,,,,,,,,,,,,,,,,,,,,,,,,,,,,,,,,,,,,,,,,,,,,,,,,,,,,,,,,,,,,,,,,,,,,,,,,,,,,,,,,,,,,,,,,,,,,,,,,,,,,,,,,,,,,,,,,,,,,,,,,,,,,,,,,,,,,,,,,,,,,,,,,,,,,,,,,,,,,,,,,,,,,,,
138-8889-03,"Hi-Flow Blade (54"" Deck)",T,0,T,0,TORO, , ,T,T,T,PartsAccessories,T, ,32.99,, , , ,0,0,T,,,,,0,,,786,, , ,T, ,, , , , , , , , , , , ,,,,,,,,,,,,,,,,,,,,,,,,,,,,,,,,,,,,,,,,,,,,,,,,,,,,,,,,,,,,,,,,,,,,,,,,,,,,,,,,,,,,,,,,,,,,,,,,,,,,,,,,,,,,,,,,,,,,,,,,,,,,,,,,,,,,,,,,,,,,,,,,,,,,,,,,,,,,,,,,,,,,,,,,,,,,,,,,,,,,,,,,,,,,,,,,,,,,,,,,,,,,,,,,,,,,,,,
138-8890-03,"Hi-Flow Blade (60"" Deck)",T,50,T,0.5,TORO, , ,T,T,T,PartsAccessories,T, ,34.99,, , , ,0,0,T,,,,,0,,,787,, , ,T, ,, , , , , , , , , , , ,,,,,,,,,,,,,,,,,,,,,,,,,,,,,,,,,,,,,,,,,,,,,,,,,,,,,,,,,,,,,,,,,,,,,,,,,,,,,,,,,,,,,,,,,,,,,,,,,,,,,,,,,,,,,,,,,,,,,,,,,,,,,,,,,,,,,,,,,,,,,,,,,,,,,,,,,,,,,,,,,,,,,,,,,,,,,,,,,,,,,,,,,,,,,,,,,,,,,,,,,,,,,,,,,,,,,,,
138-8891-03,"High Lift Blade (48"" Deck)",T,0,T,0,TORO, , ,T,T,T,PartsAccessories,T, ,28.99,, , , ,0,0,T,,,,,0,,,788,, , ,T, ,, , , , , , , , , , , ,,,,,,,,,,,,,,,,,,,,,,,,,,,,,,,,,,,,,,,,,,,,,,,,,,,,,,,,,,,,,,,,,,,,,,,,,,,,,,,,,,,,,,,,,,,,,,,,,,,,,,,,,,,,,,,,,,,,,,,,,,,,,,,,,,,,,,,,,,,,,,,,,,,,,,,,,,,,,,,,,,,,,,,,,,,,,,,,,,,,,,,,,,,,,,,,,,,,,,,,,,,,,,,,,,,,,,,
138-8892-03,"High Lift Blade (54"" Deck)",T,50,T,0.5,TORO, , ,T,T,T,PartsAccessories,T, ,28.99,, , , ,0,0,T,,,,,0,,,789,, , ,T, ,, , , , , , , , , , , ,,,,,,,,,,,,,,,,,,,,,,,,,,,,,,,,,,,,,,,,,,,,,,,,,,,,,,,,,,,,,,,,,,,,,,,,,,,,,,,,,,,,,,,,,,,,,,,,,,,,,,,,,,,,,,,,,,,,,,,,,,,,,,,,,,,,,,,,,,,,,,,,,,,,,,,,,,,,,,,,,,,,,,,,,,,,,,,,,,,,,,,,,,,,,,,,,,,,,,,,,,,,,,,,,,,,,,,
138-8893-03,"High Lift Blade (60"" Deck)",T,50,T,0.5,TORO, , ,T,T,T,PartsAccessories,T, ,28.99,, , , ,0,0,T,,,,,0,,,790,, , ,T, ,, , , , , , , , , , , ,,,,,,,,,,,,,,,,,,,,,,,,,,,,,,,,,,,,,,,,,,,,,,,,,,,,,,,,,,,,,,,,,,,,,,,,,,,,,,,,,,,,,,,,,,,,,,,,,,,,,,,,,,,,,,,,,,,,,,,,,,,,,,,,,,,,,,,,,,,,,,,,,,,,,,,,,,,,,,,,,,,,,,,,,,,,,,,,,,,,,,,,,,,,,,,,,,,,,,,,,,,,,,,,,,,,,,,
138-8894-03,"High Lift Blade (36"" Deck)",T,50,T,0.5,TORO, , ,T,T,T,PartsAccessories,T, ,26.99,, , , ,0,0,T,,,,,0,,,791,, , ,T, ,, , , , , , , , , , , ,,,,,,,,,,,,,,,,,,,,,,,,,,,,,,,,,,,,,,,,,,,,,,,,,,,,,,,,,,,,,,,,,,,,,,,,,,,,,,,,,,,,,,,,,,,,,,,,,,,,,,,,,,,,,,,,,,,,,,,,,,,,,,,,,,,,,,,,,,,,,,,,,,,,,,,,,,,,,,,,,,,,,,,,,,,,,,,,,,,,,,,,,,,,,,,,,,,,,,,,,,,,,,,,,,,,,,,
139-0627,20W-50 Synthetic Engine Oil (Quart),T,0,T,0,TORO, , ,T,T,T,PartsAccessories,T, ,12.99,, , , ,0,0,T,,,,,0,,,792,, , ,T, ,, , , , , , , , , , , ,,,,,,,,,,,,,,,,,,,,,,,,,,,,,,,,,,,,,,,,,,,,,,,,,,,,,,,,,,,,,,,,,,,,,,,,,,,,,,,,,,,,,,,,,,,,,,,,,,,,,,,,,,,,,,,,,,,,,,,,,,,,,,,,,,,,,,,,,,,,,,,,,,,,,,,,,,,,,,,,,,,,,,,,,,,,,,,,,,,,,,,,,,,,,,,,,,,,,,,,,,,,,,,,,,,,,,,
139-0646,Use:  20294,T,0,T,0,TORO, , ,T,T,T,PartsAccessories,T, ,74.99,, , , ,0,0,T,,,,,0,,,793,, , ,T, ,, , , , , , , , , , , ,,,,,,,,,,,,,,,,,,,,,,,,,,,,,,,,,,,,,,,,,,,,,,,,,,,,,,,,,,,,,,,,,,,,,,,,,,,,,,,,,,,,,,,,,,,,,,,,,,,,,,,,,,,,,,,,,,,,,,,,,,,,,,,,,,,,,,,,,,,,,,,,,,,,,,,,,,,,,,,,,,,,,,,,,,,,,,,,,,,,,,,,,,,,,,,,,,,,,,,,,,,,,,,,,,,,,,,
139-0649,Use:  20295,T,0,T,0,TORO, , ,T,T,T,PartsAccessories,T, ,0,, , , ,0,0,T,,,,,0,,,794,, , ,T, ,, , , , , , , , , , , ,,,,,,,,,,,,,,,,,,,,,,,,,,,,,,,,,,,,,,,,,,,,,,,,,,,,,,,,,,,,,,,,,,,,,,,,,,,,,,,,,,,,,,,,,,,,,,,,,,,,,,,,,,,,,,,,,,,,,,,,,,,,,,,,,,,,,,,,,,,,,,,,,,,,,,,,,,,,,,,,,,,,,,,,,,,,,,,,,,,,,,,,,,,,,,,,,,,,,,,,,,,,,,,,,,,,,,,
139-1546,Idler Kit,T,50,T,0.5,TORO, , ,T,T,T,PartsAccessories,T, ,260.99,, , , ,0,0,T,,,,,0,,,795,, , ,T, ,, , , , , , , , , , , ,,,,,,,,,,,,,,,,,,,,,,,,,,,,,,,,,,,,,,,,,,,,,,,,,,,,,,,,,,,,,,,,,,,,,,,,,,,,,,,,,,,,,,,,,,,,,,,,,,,,,,,,,,,,,,,,,,,,,,,,,,,,,,,,,,,,,,,,,,,,,,,,,,,,,,,,,,,,,,,,,,,,,,,,,,,,,,,,,,,,,,,,,,,,,,,,,,,,,,,,,,,,,,,,,,,,,,,
139-3235,Use: 148-1293,T,0,T,0,TORO, , ,T,T,T,PartsAccessories,T, ,0,, , , ,0,0,T,,,,,0,,,796,, , ,T, ,, , , , , , , , , , , ,,,,,,,,,,,,,,,,,,,,,,,,,,,,,,,,,,,,,,,,,,,,,,,,,,,,,,,,,,,,,,,,,,,,,,,,,,,,,,,,,,,,,,,,,,,,,,,,,,,,,,,,,,,,,,,,,,,,,,,,,,,,,,,,,,,,,,,,,,,,,,,,,,,,,,,,,,,,,,,,,,,,,,,,,,,,,,,,,,,,,,,,,,,,,,,,,,,,,,,,,,,,,,,,,,,,,,,
139-3265,Use: 148-1292,T,0,T,0,TORO, , ,T,T,T,PartsAccessories,T, ,0,, , , ,0,0,T,,,,,0,,,797,, , ,T, ,, , , , , , , , , , , ,,,,,,,,,,,,,,,,,,,,,,,,,,,,,,,,,,,,,,,,,,,,,,,,,,,,,,,,,,,,,,,,,,,,,,,,,,,,,,,,,,,,,,,,,,,,,,,,,,,,,,,,,,,,,,,,,,,,,,,,,,,,,,,,,,,,,,,,,,,,,,,,,,,,,,,,,,,,,,,,,,,,,,,,,,,,,,,,,,,,,,,,,,,,,,,,,,,,,,,,,,,,,,,,,,,,,,,
139-7478,Use: 161-4521,T,0,T,0,TORO, , ,T,T,T,PartsAccessories,T, ,0,, , , ,0,0,T,,,,,0,,,798,, , ,T, ,, , , , , , , , , , , ,,,,,,,,,,,,,,,,,,,,,,,,,,,,,,,,,,,,,,,,,,,,,,,,,,,,,,,,,,,,,,,,,,,,,,,,,,,,,,,,,,,,,,,,,,,,,,,,,,,,,,,,,,,,,,,,,,,,,,,,,,,,,,,,,,,,,,,,,,,,,,,,,,,,,,,,,,,,,,,,,,,,,,,,,,,,,,,,,,,,,,,,,,,,,,,,,,,,,,,,,,,,,,,,,,,,,,,
140-1240,Blade,T,50,T,0.5,TORO, , ,T,T,T,PartsAccessories,T, ,24.99,, , , ,0,0,T,,,,,0,,,799,, , ,T, ,, , , , , , , , , , , ,,,,,,,,,,,,,,,,,,,,,,,,,,,,,,,,,,,,,,,,,,,,,,,,,,,,,,,,,,,,,,,,,,,,,,,,,,,,,,,,,,,,,,,,,,,,,,,,,,,,,,,,,,,,,,,,,,,,,,,,,,,,,,,,,,,,,,,,,,,,,,,,,,,,,,,,,,,,,,,,,,,,,,,,,,,,,,,,,,,,,,,,,,,,,,,,,,,,,,,,,,,,,,,,,,,,,,,
140-1241,Blade - Atomic,T,50,T,0.5,TORO, , ,T,T,T,PartsAccessories,T, ,29.99,, , , ,0,0,T,,,,,0,,,800,, , ,T, ,, , , , , , , , , , , ,,,,,,,,,,,,,,,,,,,,,,,,,,,,,,,,,,,,,,,,,,,,,,,,,,,,,,,,,,,,,,,,,,,,,,,,,,,,,,,,,,,,,,,,,,,,,,,,,,,,,,,,,,,,,,,,,,,,,,,,,,,,,,,,,,,,,,,,,,,,,,,,,,,,,,,,,,,,,,,,,,,,,,,,,,,,,,,,,,,,,,,,,,,,,,,,,,,,,,,,,,,,,,,,,,,,,,,
140-2051,Use: 161-4525,T,0,T,0,TORO, , ,T,T,T,PartsAccessories,T, ,0,, , , ,0,0,T,,,,,0,,,801,, , ,T, ,, , , , , , , , , , , ,,,,,,,,,,,,,,,,,,,,,,,,,,,,,,,,,,,,,,,,,,,,,,,,,,,,,,,,,,,,,,,,,,,,,,,,,,,,,,,,,,,,,,,,,,,,,,,,,,,,,,,,,,,,,,,,,,,,,,,,,,,,,,,,,,,,,,,,,,,,,,,,,,,,,,,,,,,,,,,,,,,,,,,,,,,,,,,,,,,,,,,,,,,,,,,,,,,,,,,,,,,,,,,,,,,,,,,
140-2059,Use: 161-4527,T,0,T,0,TORO, , ,T,T,T,PartsAccessories,T, ,0,, , , ,0,0,T,,,,,0,,,802,, , ,T, ,, , , , , , , , , , , ,,,,,,,,,,,,,,,,,,,,,,,,,,,,,,,,,,,,,,,,,,,,,,,,,,,,,,,,,,,,,,,,,,,,,,,,,,,,,,,,,,,,,,,,,,,,,,,,,,,,,,,,,,,,,,,,,,,,,,,,,,,,,,,,,,,,,,,,,,,,,,,,,,,,,,,,,,,,,,,,,,,,,,,,,,,,,,,,,,,,,,,,,,,,,,,,,,,,,,,,,,,,,,,,,,,,,,,
140-2060,Use: 161-4528,T,0,T,0,TORO, , ,T,T,T,PartsAccessories,T, ,0,, , , ,0,0,T,,,,,0,,,803,, , ,T, ,, , , , , , , , , , , ,,,,,,,,,,,,,,,,,,,,,,,,,,,,,,,,,,,,,,,,,,,,,,,,,,,,,,,,,,,,,,,,,,,,,,,,,,,,,,,,,,,,,,,,,,,,,,,,,,,,,,,,,,,,,,,,,,,,,,,,,,,,,,,,,,,,,,,,,,,,,,,,,,,,,,,,,,,,,,,,,,,,,,,,,,,,,,,,,,,,,,,,,,,,,,,,,,,,,,,,,,,,,,,,,,,,,,,
140-4853,Blade - Medium Flow,T,50,T,0.5,TORO, , ,T,T,T,PartsAccessories,T, ,32.99,, , , ,0,0,T,,,,,0,,,804,, , ,T, ,, , , , , , , , , , , ,,,,,,,,,,,,,,,,,,,,,,,,,,,,,,,,,,,,,,,,,,,,,,,,,,,,,,,,,,,,,,,,,,,,,,,,,,,,,,,,,,,,,,,,,,,,,,,,,,,,,,,,,,,,,,,,,,,,,,,,,,,,,,,,,,,,,,,,,,,,,,,,,,,,,,,,,,,,,,,,,,,,,,,,,,,,,,,,,,,,,,,,,,,,,,,,,,,,,,,,,,,,,,,,,,,,,,,
140-4854,Blade - Low Flow,T,50,T,0.5,TORO, , ,T,T,T,PartsAccessories,T, ,32.99,, , , ,0,0,T,,,,,0,,,805,, , ,T, ,, , , , , , , , , , , ,,,,,,,,,,,,,,,,,,,,,,,,,,,,,,,,,,,,,,,,,,,,,,,,,,,,,,,,,,,,,,,,,,,,,,,,,,,,,,,,,,,,,,,,,,,,,,,,,,,,,,,,,,,,,,,,,,,,,,,,,,,,,,,,,,,,,,,,,,,,,,,,,,,,,,,,,,,,,,,,,,,,,,,,,,,,,,,,,,,,,,,,,,,,,,,,,,,,,,,,,,,,,,,,,,,,,,,
140-4855,Blade - Recycler,T,50,T,0.5,TORO, , ,T,T,T,PartsAccessories,T, ,29.99,, , , ,0,0,T,,,,,0,,,806,, , ,T, ,, , , , , , , , , , , ,,,,,,,,,,,,,,,,,,,,,,,,,,,,,,,,,,,,,,,,,,,,,,,,,,,,,,,,,,,,,,,,,,,,,,,,,,,,,,,,,,,,,,,,,,,,,,,,,,,,,,,,,,,,,,,,,,,,,,,,,,,,,,,,,,,,,,,,,,,,,,,,,,,,,,,,,,,,,,,,,,,,,,,,,,,,,,,,,,,,,,,,,,,,,,,,,,,,,,,,,,,,,,,,,,,,,,,
140-4877,Blade - High Flow (Pack of 6),T,50,T,0.5,TORO, , ,T,T,T,PartsAccessories,T, ,147.99,, , , ,0,0,T,,,,,0,,,807,, , ,T, ,, , , , , , , , , , , ,,,,,,,,,,,,,,,,,,,,,,,,,,,,,,,,,,,,,,,,,,,,,,,,,,,,,,,,,,,,,,,,,,,,,,,,,,,,,,,,,,,,,,,,,,,,,,,,,,,,,,,,,,,,,,,,,,,,,,,,,,,,,,,,,,,,,,,,,,,,,,,,,,,,,,,,,,,,,,,,,,,,,,,,,,,,,,,,,,,,,,,,,,,,,,,,,,,,,,,,,,,,,,,,,,,,,,,
140-4878,Blade - Medium Flow (Pack of 6),T,50,T,0.5,TORO, , ,T,T,T,PartsAccessories,T, ,197.99,, , , ,0,0,T,,,,,0,,,808,, , ,T, ,, , , , , , , , , , , ,,,,,,,,,,,,,,,,,,,,,,,,,,,,,,,,,,,,,,,,,,,,,,,,,,,,,,,,,,,,,,,,,,,,,,,,,,,,,,,,,,,,,,,,,,,,,,,,,,,,,,,,,,,,,,,,,,,,,,,,,,,,,,,,,,,,,,,,,,,,,,,,,,,,,,,,,,,,,,,,,,,,,,,,,,,,,,,,,,,,,,,,,,,,,,,,,,,,,,,,,,,,,,,,,,,,,,,
140-4879,Blade - Low Flow (Pack of 6),T,50,T,0.5,TORO, , ,T,T,T,PartsAccessories,T, ,197.99,, , , ,0,0,T,,,,,0,,,809,, , ,T, ,, , , , , , , , , , , ,,,,,,,,,,,,,,,,,,,,,,,,,,,,,,,,,,,,,,,,,,,,,,,,,,,,,,,,,,,,,,,,,,,,,,,,,,,,,,,,,,,,,,,,,,,,,,,,,,,,,,,,,,,,,,,,,,,,,,,,,,,,,,,,,,,,,,,,,,,,,,,,,,,,,,,,,,,,,,,,,,,,,,,,,,,,,,,,,,,,,,,,,,,,,,,,,,,,,,,,,,,,,,,,,,,,,,,
140-4880,Blade - Atomic (Pack of 6),T,50,T,0.5,TORO, , ,T,T,T,PartsAccessories,T, ,178.99,, , , ,0,0,T,,,,,0,,,810,, , ,T, ,, , , , , , , , , , , ,,,,,,,,,,,,,,,,,,,,,,,,,,,,,,,,,,,,,,,,,,,,,,,,,,,,,,,,,,,,,,,,,,,,,,,,,,,,,,,,,,,,,,,,,,,,,,,,,,,,,,,,,,,,,,,,,,,,,,,,,,,,,,,,,,,,,,,,,,,,,,,,,,,,,,,,,,,,,,,,,,,,,,,,,,,,,,,,,,,,,,,,,,,,,,,,,,,,,,,,,,,,,,,,,,,,,,,
140-4881,Blade - Recycler (Pack of 6),T,50,T,0.5,TORO, , ,T,T,T,PartsAccessories,T, ,178.99,, , , ,0,0,T,,,,,0,,,811,, , ,T, ,, , , , , , , , , , , ,,,,,,,,,,,,,,,,,,,,,,,,,,,,,,,,,,,,,,,,,,,,,,,,,,,,,,,,,,,,,,,,,,,,,,,,,,,,,,,,,,,,,,,,,,,,,,,,,,,,,,,,,,,,,,,,,,,,,,,,,,,,,,,,,,,,,,,,,,,,,,,,,,,,,,,,,,,,,,,,,,,,,,,,,,,,,,,,,,,,,,,,,,,,,,,,,,,,,,,,,,,,,,,,,,,,,,,
140-5054,Use: 161-4522,T,0,T,0,TORO, , ,T,T,T,PartsAccessories,T, ,0,, , , ,0,0,T,,,,,0,,,812,, , ,T, ,, , , , , , , , , , , ,,,,,,,,,,,,,,,,,,,,,,,,,,,,,,,,,,,,,,,,,,,,,,,,,,,,,,,,,,,,,,,,,,,,,,,,,,,,,,,,,,,,,,,,,,,,,,,,,,,,,,,,,,,,,,,,,,,,,,,,,,,,,,,,,,,,,,,,,,,,,,,,,,,,,,,,,,,,,,,,,,,,,,,,,,,,,,,,,,,,,,,,,,,,,,,,,,,,,,,,,,,,,,,,,,,,,,,
140-5159,Use: 161-4523,T,0,T,0,TORO, , ,T,T,T,PartsAccessories,T, ,0,, , , ,0,0,T,,,,,0,,,813,, , ,T, ,, , , , , , , , , , , ,,,,,,,,,,,,,,,,,,,,,,,,,,,,,,,,,,,,,,,,,,,,,,,,,,,,,,,,,,,,,,,,,,,,,,,,,,,,,,,,,,,,,,,,,,,,,,,,,,,,,,,,,,,,,,,,,,,,,,,,,,,,,,,,,,,,,,,,,,,,,,,,,,,,,,,,,,,,,,,,,,,,,,,,,,,,,,,,,,,,,,,,,,,,,,,,,,,,,,,,,,,,,,,,,,,,,,,
140-5161,Use: 161-4524,T,0,T,0,TORO, , ,T,T,T,PartsAccessories,T, ,0,, , , ,0,0,T,,,,,0,,,814,, , ,T, ,, , , , , , , , , , , ,,,,,,,,,,,,,,,,,,,,,,,,,,,,,,,,,,,,,,,,,,,,,,,,,,,,,,,,,,,,,,,,,,,,,,,,,,,,,,,,,,,,,,,,,,,,,,,,,,,,,,,,,,,,,,,,,,,,,,,,,,,,,,,,,,,,,,,,,,,,,,,,,,,,,,,,,,,,,,,,,,,,,,,,,,,,,,,,,,,,,,,,,,,,,,,,,,,,,,,,,,,,,,,,,,,,,,,
140-7733,"Hi-Flow Blade (36"" Deck) 6-Pack",T,50,T,0.5,TORO, , ,T,T,T,PartsAccessories,T, ,240.99,, , , ,0,0,T,,,,,0,,,815,, , ,T, ,, , , , , , , , , , , ,,,,,,,,,,,,,,,,,,,,,,,,,,,,,,,,,,,,,,,,,,,,,,,,,,,,,,,,,,,,,,,,,,,,,,,,,,,,,,,,,,,,,,,,,,,,,,,,,,,,,,,,,,,,,,,,,,,,,,,,,,,,,,,,,,,,,,,,,,,,,,,,,,,,,,,,,,,,,,,,,,,,,,,,,,,,,,,,,,,,,,,,,,,,,,,,,,,,,,,,,,,,,,,,,,,,,,,
140-7737,"High Lift Blade (36"" Deck) 6-Pack",T,50,T,0.5,TORO, , ,T,T,T,PartsAccessories,T, ,160.99,, , , ,0,0,T,,,,,0,,,816,, , ,T, ,, , , , , , , , , , , ,,,,,,,,,,,,,,,,,,,,,,,,,,,,,,,,,,,,,,,,,,,,,,,,,,,,,,,,,,,,,,,,,,,,,,,,,,,,,,,,,,,,,,,,,,,,,,,,,,,,,,,,,,,,,,,,,,,,,,,,,,,,,,,,,,,,,,,,,,,,,,,,,,,,,,,,,,,,,,,,,,,,,,,,,,,,,,,,,,,,,,,,,,,,,,,,,,,,,,,,,,,,,,,,,,,,,,,
140-7730,"Recycler Blade (48"" Deck) 6-Pack",T,0,T,0,TORO, , ,T,T,T,PartsAccessories,T, ,184.99,, , , ,0,0,T,,,,,0,,,817,, , ,T, ,, , , , , , , , , , , ,,,,,,,,,,,,,,,,,,,,,,,,,,,,,,,,,,,,,,,,,,,,,,,,,,,,,,,,,,,,,,,,,,,,,,,,,,,,,,,,,,,,,,,,,,,,,,,,,,,,,,,,,,,,,,,,,,,,,,,,,,,,,,,,,,,,,,,,,,,,,,,,,,,,,,,,,,,,,,,,,,,,,,,,,,,,,,,,,,,,,,,,,,,,,,,,,,,,,,,,,,,,,,,,,,,,,,,
140-7734,"Hi-Flow Blade (48"" Deck) 6-Pack",T,50,T,0.5,TORO, , ,T,T,T,PartsAccessories,T, ,178.99,, , , ,0,0,T,,,,,0,,,818,, , ,T, ,, , , , , , , , , , , ,,,,,,,,,,,,,,,,,,,,,,,,,,,,,,,,,,,,,,,,,,,,,,,,,,,,,,,,,,,,,,,,,,,,,,,,,,,,,,,,,,,,,,,,,,,,,,,,,,,,,,,,,,,,,,,,,,,,,,,,,,,,,,,,,,,,,,,,,,,,,,,,,,,,,,,,,,,,,,,,,,,,,,,,,,,,,,,,,,,,,,,,,,,,,,,,,,,,,,,,,,,,,,,,,,,,,,,
140-7738,"High Lift Blade (48"" Deck) 6-Pack",T,50,T,0.5,TORO, , ,T,T,T,PartsAccessories,T, ,172.99,, , , ,0,0,T,,,,,0,,,819,, , ,T, ,, , , , , , , , , , , ,,,,,,,,,,,,,,,,,,,,,,,,,,,,,,,,,,,,,,,,,,,,,,,,,,,,,,,,,,,,,,,,,,,,,,,,,,,,,,,,,,,,,,,,,,,,,,,,,,,,,,,,,,,,,,,,,,,,,,,,,,,,,,,,,,,,,,,,,,,,,,,,,,,,,,,,,,,,,,,,,,,,,,,,,,,,,,,,,,,,,,,,,,,,,,,,,,,,,,,,,,,,,,,,,,,,,,,
140-7731,"Recycler Blade (54"" Deck) 6-Pack",T,0,T,0,TORO, , ,T,T,T,PartsAccessories,T, ,160.99,, , , ,0,0,T,,,,,0,,,820,, , ,T, ,, , , , , , , , , , , ,,,,,,,,,,,,,,,,,,,,,,,,,,,,,,,,,,,,,,,,,,,,,,,,,,,,,,,,,,,,,,,,,,,,,,,,,,,,,,,,,,,,,,,,,,,,,,,,,,,,,,,,,,,,,,,,,,,,,,,,,,,,,,,,,,,,,,,,,,,,,,,,,,,,,,,,,,,,,,,,,,,,,,,,,,,,,,,,,,,,,,,,,,,,,,,,,,,,,,,,,,,,,,,,,,,,,,,
140-7735,"Hi-Flow Blade (54"" Deck) 6-Pack",T,50,T,0.5,TORO, , ,T,T,T,PartsAccessories,T, ,197.99,, , , ,0,0,T,,,,,0,,,821,, , ,T, ,, , , , , , , , , , , ,,,,,,,,,,,,,,,,,,,,,,,,,,,,,,,,,,,,,,,,,,,,,,,,,,,,,,,,,,,,,,,,,,,,,,,,,,,,,,,,,,,,,,,,,,,,,,,,,,,,,,,,,,,,,,,,,,,,,,,,,,,,,,,,,,,,,,,,,,,,,,,,,,,,,,,,,,,,,,,,,,,,,,,,,,,,,,,,,,,,,,,,,,,,,,,,,,,,,,,,,,,,,,,,,,,,,,,
140-7739,"High Lift Blade (54"" Deck) 6-Pack",T,0,T,0,TORO, , ,T,T,T,PartsAccessories,T, ,172.99,, , , ,0,0,T,,,,,0,,,822,, , ,T, ,, , , , , , , , , , , ,,,,,,,,,,,,,,,,,,,,,,,,,,,,,,,,,,,,,,,,,,,,,,,,,,,,,,,,,,,,,,,,,,,,,,,,,,,,,,,,,,,,,,,,,,,,,,,,,,,,,,,,,,,,,,,,,,,,,,,,,,,,,,,,,,,,,,,,,,,,,,,,,,,,,,,,,,,,,,,,,,,,,,,,,,,,,,,,,,,,,,,,,,,,,,,,,,,,,,,,,,,,,,,,,,,,,,,
140-7732,"Recycler Blade (60"" Deck) 6-Pack",T,50,T,0.5,TORO, , ,T,T,T,PartsAccessories,T, ,178.99,, , , ,0,0,T,,,,,0,,,823,, , ,T, ,, , , , , , , , , , , ,,,,,,,,,,,,,,,,,,,,,,,,,,,,,,,,,,,,,,,,,,,,,,,,,,,,,,,,,,,,,,,,,,,,,,,,,,,,,,,,,,,,,,,,,,,,,,,,,,,,,,,,,,,,,,,,,,,,,,,,,,,,,,,,,,,,,,,,,,,,,,,,,,,,,,,,,,,,,,,,,,,,,,,,,,,,,,,,,,,,,,,,,,,,,,,,,,,,,,,,,,,,,,,,,,,,,,,
140-7736,"Hi-Flow Blade (60"" Deck) 6-Pack",T,50,T,0.5,TORO, , ,T,T,T,PartsAccessories,T, ,209.99,, , , ,0,0,T,,,,,0,,,824,, , ,T, ,, , , , , , , , , , , ,,,,,,,,,,,,,,,,,,,,,,,,,,,,,,,,,,,,,,,,,,,,,,,,,,,,,,,,,,,,,,,,,,,,,,,,,,,,,,,,,,,,,,,,,,,,,,,,,,,,,,,,,,,,,,,,,,,,,,,,,,,,,,,,,,,,,,,,,,,,,,,,,,,,,,,,,,,,,,,,,,,,,,,,,,,,,,,,,,,,,,,,,,,,,,,,,,,,,,,,,,,,,,,,,,,,,,,
140-7740,"High Lift Blade (60"" Deck) 6-Pack",T,50,T,0.5,TORO, , ,T,T,T,PartsAccessories,T, ,172.99,, , , ,0,0,T,,,,,0,,,825,, , ,T, ,, , , , , , , , , , , ,,,,,,,,,,,,,,,,,,,,,,,,,,,,,,,,,,,,,,,,,,,,,,,,,,,,,,,,,,,,,,,,,,,,,,,,,,,,,,,,,,,,,,,,,,,,,,,,,,,,,,,,,,,,,,,,,,,,,,,,,,,,,,,,,,,,,,,,,,,,,,,,,,,,,,,,,,,,,,,,,,,,,,,,,,,,,,,,,,,,,,,,,,,,,,,,,,,,,,,,,,,,,,,,,,,,,,,
144-1603,Red Heated Grips Kit,T,50,T,0.5,TORO, , ,T,T,T,PartsAccessories,T, ,114.99,, , , ,0,0,T,,,,,0,,,826,, , ,T, ,, , , , , , , , , , , ,,,,,,,,,,, ,,,,,,,,,,,,,,,,,,,,,,,,,,,,,,,,,,,,,,,,,,,,,,,,,,,,,,,,,,,,,,,,,,,,,,,,,,,,,,,,,,,,,,,,,,,,,,,,,,,,,,,,,,,,,,,,,,,,,,,,,,,,,,,,,,,,,,,,,,,,,,,,,,,,,,,,,,,,,,,,,,,,,,,,,,,,,,,,,,,,,,,,,,,,,,,,,,,,,,,,,,,,
144-3842,Hydraulic Filter Kit,T,0,T,0,TORO, , ,T,T,T,PartsAccessories,T, ,94.99,, , , ,0,0,T,,,,,0,,,827,, , ,T, ,, , , , , , , , , , , ,,,,,,,,,,,,,,,,,,,,,,,,,,,,,,,,,,,,,,,,,,,,,,,,,,,,,,,,,,,,,,,,,,,,,,,,,,,,,,,,,,,,,,,,,,,,,,,,,,,,,,,,,,,,,,,,,,,,,,,,,,,,,,,,,,,,,,,,,,,,,,,,,,,,,,,,,,,,,,,,,,,,,,,,,,,,,,,,,,,,,,,,,,,,,,,,,,,,,,,,,,,,,,,,,,,,,,,
144-5347,Hydro Service Kit,T,0,T,0,TORO, , ,T,T,T,PartsAccessories,T, ,129.99,, , , ,0,0,T,,,,,0,,,828,, , ,T, ,, , , , , , , , , , , ,,,,,,,,,,,,,,,,,,,,,,,,,,,,,,,,,,,,,,,,,,,,,,,,,,,,,,,,,,,,,,,,,,,,,,,,,,,,,,,,,,,,,,,,,,,,,,,,,,,,,,,,,,,,,,,,,,,,,,,,,,,,,,,,,,,,,,,,,,,,,,,,,,,,,,,,,,,,,,,,,,,,,,,,,,,,,,,,,,,,,,,,,,,,,,,,,,,,,,,,,,,,,,,,,,,,,,,
144-6607,Wheel and Tire Assembly,T,0,T,0,TORO, , ,T,T,T,PartsAccessories,T, ,288.99,, , , ,0,0,T,,,,,0,,,829,, , ,T, ,, , , , , , , , , , , ,,,,,,,,,,,,,,,,,,,,,,,,,,,,,,,,,,,,,,,,,,,,,,,,,,,,,,,,,,,,,,,,,,,,,,,,,,,,,,,,,,,,,,,,,,,,,,,,,,,,,,,,,,,,,,,,,,,,,,,,,,,,,,,,,,,,,,,,,,,,,,,,,,,,,,,,,,,,,,,,,,,,,,,,,,,,,,,,,,,,,,,,,,,,,,,,,,,,,,,,,,,,,,,,,,,,,,,
144-6598,Transaxle Oil Filter Kit,T,0,T,0,TORO, , ,T,T,T,PartsAccessories,T, ,41.99,, , , ,0,0,T,,,,,0,,,830,, , ,T, ,, , , , , , , , , , , ,,,,,,,,,,,,,,,,,,,,,,,,,,,,,,,,,,,,,,,,,,,,,,,,,,,,,,,,,,,,,,,,,,,,,,,,,,,,,,,,,,,,,,,,,,,,,,,,,,,,,,,,,,,,,,,,,,,,,,,,,,,,,,,,,,,,,,,,,,,,,,,,,,,,,,,,,,,,,,,,,,,,,,,,,,,,,,,,,,,,,,,,,,,,,,,,,,,,,,,,,,,,,,,,,,,,,,,
144-6603,Transaxle Oil Filter Kit,T,0,T,0,TORO, , ,T,T,T,PartsAccessories,T, ,41.99,, , , ,0,0,T,,,,,0,,,831,, , ,T, ,, , , , , , , , , , , ,,,,,,,,,,,,,,,,,,,,,,,,,,,,,,,,,,,,,,,,,,,,,,,,,,,,,,,,,,,,,,,,,,,,,,,,,,,,,,,,,,,,,,,,,,,,,,,,,,,,,,,,,,,,,,,,,,,,,,,,,,,,,,,,,,,,,,,,,,,,,,,,,,,,,,,,,,,,,,,,,,,,,,,,,,,,,,,,,,,,,,,,,,,,,,,,,,,,,,,,,,,,,,,,,,,,,,,
144-6986,Use: 147-5031,T,0,T,0,TORO, , ,T,T,T,PartsAccessories,T, ,0,, , , ,0,0,T,,,,,0,,,832,, , ,T, ,, , , , , , , , , , , ,,,,,,,,,,,,,,,,,,,,,,,,,,,,,,,,,,,,,,,,,,,,,,,,,,,,,,,,,,,,,,,,,,,,,,,,,,,,,,,,,,,,,,,,,,,,,,,,,,,,,,,,,,,,,,,,,,,,,,,,,,,,,,,,,,,,,,,,,,,,,,,,,,,,,,,,,,,,,,,,,,,,,,,,,,,,,,,,,,,,,,,,,,,,,,,,,,,,,,,,,,,,,,,,,,,,,,,
145-0475,Use: 161-4530,T,0,T,0,TORO, , ,T,T,T,PartsAccessories,T, ,0,, , , ,0,0,T,,,,,0,,,833,, , ,T, ,, , , , , , , , , , , ,,,,,,,,,,,,,,,,,,,,,,,,,,,,,,,,,,,,,,,,,,,,,,,,,,,,,,,,,,,,,,,,,,,,,,,,,,,,,,,,,,,,,,,,,,,,,,,,,,,,,,,,,,,,,,,,,,,,,,,,,,,,,,,,,,,,,,,,,,,,,,,,,,,,,,,,,,,,,,,,,,,,,,,,,,,,,,,,,,,,,,,,,,,,,,,,,,,,,,,,,,,,,,,,,,,,,,,
145-0488,Use: 161-4531,T,0,T,0,TORO, , ,T,T,T,PartsAccessories,T, ,0,, , , ,0,0,T,,,,,0,,,834,, , ,T, ,, , , , , , , , , , , ,,,,,,,,,,,,,,,,,,,,,,,,,,,,,,,,,,,,,,,,,,,,,,,,,,,,,,,,,,,,,,,,,,,,,,,,,,,,,,,,,,,,,,,,,,,,,,,,,,,,,,,,,,,,,,,,,,,,,,,,,,,,,,,,,,,,,,,,,,,,,,,,,,,,,,,,,,,,,,,,,,,,,,,,,,,,,,,,,,,,,,,,,,,,,,,,,,,,,,,,,,,,,,,,,,,,,,,
145-0489,Hollowmatic Caster Wheel Kit,T,50,T,0.5,TORO, , ,T,T,T,PartsAccessories,T, ,484.99,, , , ,0,0,T,,,,,0,,,835,, , ,T, ,, , , , , , , , , , , ,,,,,,,,,,,,,,,,,,,,,,,,,,,,,,,,,,,,,,,,,,,,,,,,,,,,,,,,,,,,,,,,,,,,,,,,,,,,,,,,,,,,,,,,,,,,,,,,,,,,,,,,,,,,,,,,,,,,,,,,,,,,,,,,,,,,,,,,,,,,,,,,,,,,,,,,,,,,,,,,,,,,,,,,,,,,,,,,,,,,,,,,,,,,,,,,,,,,,,,,,,,,,,,,,,,,,,,
145-1919,Semi-Pneumatic Wheel,T,25,T,0.25,TORO, , ,T,T,T,PartsAccessories,T, ,280.99,, , , ,0,0,T,,,,,0,,,836,, , ,T, ,, , , , , , , , , , , ,,,,,,,,,,,,,,,,,,,,,,,,,,,,,,,,,,,,,,,,,,,,,,,,,,,,,,,,,,,,,,,,,,,,,,,,,,,,,,,,,,,,,,,,,,,,,,,,,,,,,,,,,,,,,,,,,,,,,,,,,,,,,,,,,,,,,,,,,,,,,,,,,,,,,,,,,,,,,,,,,,,,,,,,,,,,,,,,,,,,,,,,,,,,,,,,,,,,,,,,,,,,,,,,,,,,,,,
146-3408,Blade - Medium Flow,T,0,T,0,TORO, , ,T,T,T,PartsAccessories,T, ,26.99,, , , ,0,0,T,,,,,0,,,837,, , ,T, ,, , , , , , , , , , , ,,,,,,,,,,,,,,,,,,,,,,,,,,,,,,,,,,,,,,,,,,,,,,,,,,,,,,,,,,,,,,,,,,,,,,,,,,,,,,,,,,,,,,,,,,,,,,,,,,,,,,,,,,,,,,,,,,,,,,,,,,,,,,,,,,,,,,,,,,,,,,,,,,,,,,,,,,,,,,,,,,,,,,,,,,,,,,,,,,,,,,,,,,,,,,,,,,,,,,,,,,,,,,,,,,,,,,,
146-3408P6,Blade - Medium Flow (Pack of 6),T,0,T,0,TORO, , ,T,T,T,PartsAccessories,T, ,26.99,, , , ,0,0,T,,,,,0,,,838,, , ,T, ,, , , , , , , , , , , ,,,,,,,,,,,,,,,,,,,,,,,,,,,,,,,,,,,,,,,,,,,,,,,,,,,,,,,,,,,,,,,,,,,,,,,,,,,,,,,,,,,,,,,,,,,,,,,,,,,,,,,,,,,,,,,,,,,,,,,,,,,,,,,,,,,,,,,,,,,,,,,,,,,,,,,,,,,,,,,,,,,,,,,,,,,,,,,,,,,,,,,,,,,,,,,,,,,,,,,,,,,,,,,,,,,,,,,
146-3409,Blade - Low Flow,T,0,T,0,TORO, , ,T,T,T,PartsAccessories,T, ,26.99,, , , ,0,0,T,,,,,0,,,839,, , ,T, ,, , , , , , , , , , , ,,,,,,,,,,,,,,,,,,,,,,,,,,,,,,,,,,,,,,,,,,,,,,,,,,,,,,,,,,,,,,,,,,,,,,,,,,,,,,,,,,,,,,,,,,,,,,,,,,,,,,,,,,,,,,,,,,,,,,,,,,,,,,,,,,,,,,,,,,,,,,,,,,,,,,,,,,,,,,,,,,,,,,,,,,,,,,,,,,,,,,,,,,,,,,,,,,,,,,,,,,,,,,,,,,,,,,,
146-3409P6,Blade - Low Flow (Pack of 6),T,0,T,0,TORO, , ,T,T,T,PartsAccessories,T, ,26.99,, , , ,0,0,T,,,,,0,,,840,, , ,T, ,, , , , , , , , , , , ,,,,,,,,,,,,,,,,,,,,,,,,,,,,,,,,,,,,,,,,,,,,,,,,,,,,,,,,,,,,,,,,,,,,,,,,,,,,,,,,,,,,,,,,,,,,,,,,,,,,,,,,,,,,,,,,,,,,,,,,,,,,,,,,,,,,,,,,,,,,,,,,,,,,,,,,,,,,,,,,,,,,,,,,,,,,,,,,,,,,,,,,,,,,,,,,,,,,,,,,,,,,,,,,,,,,,,,
146-3410,Blade - Recycler,T,0,T,0,TORO, , ,T,T,T,PartsAccessories,T, ,26.99,, , , ,0,0,T,,,,,0,,,841,, , ,T, ,, , , , , , , , , , , ,,,,,,,,,,,,,,,,,,,,,,,,,,,,,,,,,,,,,,,,,,,,,,,,,,,,,,,,,,,,,,,,,,,,,,,,,,,,,,,,,,,,,,,,,,,,,,,,,,,,,,,,,,,,,,,,,,,,,,,,,,,,,,,,,,,,,,,,,,,,,,,,,,,,,,,,,,,,,,,,,,,,,,,,,,,,,,,,,,,,,,,,,,,,,,,,,,,,,,,,,,,,,,,,,,,,,,,
146-3410P6,Blade - Recycler (Pack 0f 6),T,0,T,0,TORO, , ,T,T,T,PartsAccessories,T, ,26.99,, , , ,0,0,T,,,,,0,,,842,, , ,T, ,, , , , , , , , , , , ,,,,,,,,,,,,,,,,,,,,,,,,,,,,,,,,,,,,,,,,,,,,,,,,,,,,,,,,,,,,,,,,,,,,,,,,,,,,,,,,,,,,,,,,,,,,,,,,,,,,,,,,,,,,,,,,,,,,,,,,,,,,,,,,,,,,,,,,,,,,,,,,,,,,,,,,,,,,,,,,,,,,,,,,,,,,,,,,,,,,,,,,,,,,,,,,,,,,,,,,,,,,,,,,,,,,,,,
146-3411,Blade - High Flow,T,0,T,0,TORO, , ,T,T,T,PartsAccessories,T, ,26.99,, , , ,0,0,T,,,,,0,,,843,, , ,T, ,, , , , , , , , , , , ,,,,,,,,,,,,,,,,,,,,,,,,,,,,,,,,,,,,,,,,,,,,,,,,,,,,,,,,,,,,,,,,,,,,,,,,,,,,,,,,,,,,,,,,,,,,,,,,,,,,,,,,,,,,,,,,,,,,,,,,,,,,,,,,,,,,,,,,,,,,,,,,,,,,,,,,,,,,,,,,,,,,,,,,,,,,,,,,,,,,,,,,,,,,,,,,,,,,,,,,,,,,,,,,,,,,,,,
146-3411P6,Blade - High Flow (Pack of 6),T,0,T,0,TORO, , ,T,T,T,PartsAccessories,T, ,26.99,, , , ,0,0,T,,,,,0,,,844,, , ,T, ,, , , , , , , , , , , ,,,,,,,,,,,,,,,,,,,,,,,,,,,,,,,,,,,,,,,,,,,,,,,,,,,,,,,,,,,,,,,,,,,,,,,,,,,,,,,,,,,,,,,,,,,,,,,,,,,,,,,,,,,,,,,,,,,,,,,,,,,,,,,,,,,,,,,,,,,,,,,,,,,,,,,,,,,,,,,,,,,,,,,,,,,,,,,,,,,,,,,,,,,,,,,,,,,,,,,,,,,,,,,,,,,,,,,
146-3413,Blade - Atomic,T,0,T,0,TORO, , ,T,T,T,PartsAccessories,T, ,26.99,, , , ,0,0,T,,,,,0,,,845,, , ,T, ,, , , , , , , , , , , ,,,,,,,,,,,,,,,,,,,,,,,,,,,,,,,,,,,,,,,,,,,,,,,,,,,,,,,,,,,,,,,,,,,,,,,,,,,,,,,,,,,,,,,,,,,,,,,,,,,,,,,,,,,,,,,,,,,,,,,,,,,,,,,,,,,,,,,,,,,,,,,,,,,,,,,,,,,,,,,,,,,,,,,,,,,,,,,,,,,,,,,,,,,,,,,,,,,,,,,,,,,,,,,,,,,,,,,
146-3413P6,Blade - Atomic (Pack of 6),T,0,T,0,TORO, , ,T,T,T,PartsAccessories,T, ,26.99,, , , ,0,0,T,,,,,0,,,846,, , ,T, ,, , , , , , , , , , , ,,,,,,,,,,,,,,,,,,,,,,,,,,,,,,,,,,,,,,,,,,,,,,,,,,,,,,,,,,,,,,,,,,,,,,,,,,,,,,,,,,,,,,,,,,,,,,,,,,,,,,,,,,,,,,,,,,,,,,,,,,,,,,,,,,,,,,,,,,,,,,,,,,,,,,,,,,,,,,,,,,,,,,,,,,,,,,,,,,,,,,,,,,,,,,,,,,,,,,,,,,,,,,,,,,,,,,,
147-4600,Turf Wheel,T,50,T,0.5,TORO, , ,T,T,T,PartsAccessories,T, ,987.99,, , , ,0,0,T,,,,,0,,,847,, , ,T, ,, , , , , , , , , , , ,,,,,,,,,,,,,,,,,,,,,,,,,,,,,,,,,,,,,,,,,,,,,,,,,,,,,,,,,,,,,,,,,,,,,,,,,,,,,,,,,,,,,,,,,,,,,,,,,,,,,,,,,,,,,,,,,,,,,,,,,,,,,,,,,,,,,,,,,,,,,,,,,,,,,,,,,,,,,,,,,,,,,,,,,,,,,,,,,,,,,,,,,,,,,,,,,,,,,,,,,,,,,,,,,,,,,,,
147-6252,Blade - High Flow,T,0,T,0,TORO, , ,T,T,T,PartsAccessories,T, ,29.99,, , , ,0,0,T,,,,,0,,,848,, , ,T, ,, , , , , , , , , , , ,,,,,,,,,,,,,,,,,,,,,,,,,,,,,,,,,,,,,,,,,,,,,,,,,,,,,,,,,,,,,,,,,,,,,,,,,,,,,,,,,,,,,,,,,,,,,,,,,,,,,,,,,,,,,,,,,,,,,,,,,,,,,,,,,,,,,,,,,,,,,,,,,,,,,,,,,,,,,,,,,,,,,,,,,,,,,,,,,,,,,,,,,,,,,,,,,,,,,,,,,,,,,,,,,,,,,,,
147-6256,Blade - High Flow (Pack of 6),T,50,T,0.5,TORO, , ,T,T,T,PartsAccessories,T, ,178.99,, , , ,0,0,T,,,,,0,,,849,, , ,T, ,, , , , , , , , , , , ,,,,,,,,,,,,,,,,,,,,,,,,,,,,,,,,,,,,,,,,,,,,,,,,,,,,,,,,,,,,,,,,,,,,,,,,,,,,,,,,,,,,,,,,,,,,,,,,,,,,,,,,,,,,,,,,,,,,,,,,,,,,,,,,,,,,,,,,,,,,,,,,,,,,,,,,,,,,,,,,,,,,,,,,,,,,,,,,,,,,,,,,,,,,,,,,,,,,,,,,,,,,,,,,,,,,,,,
147-8772,Caster Wheel Kit,T,50,T,0.5,TORO, , ,T,T,T,PartsAccessories,T, ,308.99,, , , ,0,0,T,,,,,0,,,850,, , ,T, ,, , , , , , , , , , , ,,,,,,,,,,,,,,T,,,,,,,,,,,,,,,,,,,,,,,,,,,,,,,,,,,,,,,,,,,,,,,,,,,,,,,,,,,,,,,,,,,,,,,,,,,,,,,,,,,,,,,,,,,,,,,,,,,,,,,,,,,,,,,,,,,,,,,,,,,,,,,,,,,,,,,,,,,,,,,,,,,,,,,,,,,,,,,,,,,,,,,,,,,,,,,,,,,,,,,,,,,,,,,,,,,,,,,,,
161-0963P,Scraper Replacement Kit,T,0,T,0,TORO, , ,T,T,T,PartsAccessories,T, ,32.99,, , , ,0,0,T,,,,,0,,,851,, , ,T, ,, , , , , , , , , , , ,,,,,,,,,,,,,,,,,,,,,,,,,,,,,,,,,,,,,,,,,,,,,,,,,,,,,,,,,,,,,,,,,,,,,,,,,,,,,,,,,,,,,,,,,,,,,,,,,,,,,,,,,,,,,,,,,,,,,,,,,,,,,,,,,,,,,,,,,,,,,,,,,,,,,,,,,,,,,,,,,,,,,,,,,,,,,,,,,,,,,,,,,,,,,,,,,,,,,,,,,,,,,,,,,,,,,,,
161-3470,Pneumatic Caster Tire Kit,T,0,T,0,TORO, , ,T,T,T,PartsAccessories,T, ,329.99,, , , ,0,0,T,,,,,0,,,852,, , ,T, ,, , , , , , , , , , , ,,,,,,,,,,,,,,,,,,,,,,,,,,,,,,,,,,,,,,,,,,,,,,,,,,,,,,,,,,,,,,,,,,,,,,,,,,,,,,,,,,,,,,,,,,,,,,,,,,,,,,,,,,,,,,,,,,,,,,,,,,,,,,,,,,,,,,,,,,,,,,,,,,,,,,,,,,,,,,,,,,,,,,,,,,,,,,,,,,,,,,,,,,,,,,,,,,,,,,,,,,,,,,,,,,,,,,,
161-3471,Semi-Pneumatic Caster Tire Kit,T,0,T,0,TORO, , ,T,T,T,PartsAccessories,T, ,384.99,, , , ,0,0,T,,,,,0,,,853,, , ,T, ,, , , , , , , , , , , ,,,,,,,,,,,,,,,,,,,,,,,,,,,,,,,,,,,,,,,,,,,,,,,,,,,,,,,,,,,,,,,,,,,,,,,,,,,,,,,,,,,,,,,,,,,,,,,,,,,,,,,,,,,,,,,,,,,,,,,,,,,,,,,,,,,,,,,,,,,,,,,,,,,,,,,,,,,,,,,,,,,,,,,,,,,,,,,,,,,,,,,,,,,,,,,,,,,,,,,,,,,,,,,,,,,,,,,
161-3549,Actuator Replement Kit,T,0,T,0,TORO, , ,T,T,T,PartsAccessories,T, ,582.99,, , , ,0,0,T,,,,,0,,,854,, , ,T, ,, , , , , , , , , , , ,,,,,,,,,,,,,,,,,,,,,,,,,,,,,,,,,,,,,,,,,,,,,,,,,,,,,,,,,,,,,,,,,,,,,,,,,,,,,,,,,,,,,,,,,,,,,,,,,,,,,,,,,,,,,,,,,,,,,,,,,,,,,,,,,,,,,,,,,,,,,,,,,,,,,,,,,,,,,,,,,,,,,,,,,,,,,,,,,,,,,,,,,,,,,,,,,,,,,,,,,,,,,,,,,,,,,,,
161-4521,Use: 148-1287,T,0,T,0,TORO, , ,T,T,T,PartsAccessories,T, ,0,, , , ,0,0,T,,,,,0,,,855,, , ,T, ,, , , , , , , , , , , ,,,,,,,,,,,,,,,,,,,,,,,,,,,,,,,,,,,,,,,,,,,,,,,,,,,,,,,,,,,,,,,,,,,,,,,,,,,,,,,,,,,,,,,,,,,,,,,,,,,,,,,,,,,,,,,,,,,,,,,,,,,,,,,,,,,,,,,,,,,,,,,,,,,,,,,,,,,,,,,,,,,,,,,,,,,,,,,,,,,,,,,,,,,,,,,,,,,,,,,,,,,,,,,,,,,,,,,
161-4530,Caster Wheel Kit,T,50,T,0.5,TORO, , ,T,T,T,PartsAccessories,T, ,308.99,, , , ,0,0,T,,,,,0,,,856,, , ,T, ,, , , , , , , , , , , ,,,,,,,,,,,,,,,,,,,,,,,,,,,,,,,,,,,,,,,,,,,,,,,,,,,,,,,,,,,,,,,,,,,,,,,,,,,,,,,,,,,,,,,,,,,,,,,,,,,,,,,,,,,,,,,,,,,,,,,,,,,,,,,,,,,,,,,,,,,,,,,,,,,,,,,,,,,,,,,,,,,,,,,,,,,,,,,,,,,,,,,,,,,,,,,,,,,,,,,,,,,,,,,,,,,,,,,
161-4531,Caster Wheel Kit,T,50,T,0.5,TORO, , ,T,T,T,PartsAccessories,T, ,346.99,, , , ,0,0,T,,,,,0,,,857,, , ,T, ,, , , , , , , , , , , ,,,,,,,,,,,,,,,,,,,,,,,,,,,,,,,,,,,,,,,,,,,,,,,,,,,,,,,,,,,,,,,,,,,,,,,,,,,,,,,,,,,,,,,,,,,,,,,,,,,,,,,,,,,,,,,,,,,,,,,,,,,,,,,,,,,,,,,,,,,,,,,,,,,,,,,,,,,,,,,,,,,,,,,,,,,,,,,,,,,,,,,,,,,,,,,,,,,,,,,,,,,,,,,,,,,,,,,
161-6806,Fuel Pickup with Screen,T,50,T,0.5,TORO, , ,T,T,T,PartsAccessories,T, ,79.99,, , , ,0,0,T,,,,,0,,,858,, , ,T, ,, , , , , , , , , , , ,,,,,,,,,,,,,,,,,,,,,,,,,,,,,,,,,,,,,,,,,,,,,,,,,,,,,,,,,,,,,,,,,,,,,,,,,,,,,,,,,,,,,,,,,,,,,,,,,,,,,,,,,,,,,,,,,,,,,,,,,,,,,,,,,,,,,,,,,,,,,,,,,,,,,,,,,,,,,,,,,,,,,,,,,,,,,,,,,,,,,,,,,,,,,,,,,,,,,,,,,,,,,,,,,,,,,,,
163-7457,Kit-Caster Tire (11 x 6.5 - 5) Pneumatic,T,0,T,0,TORO, , ,T,T,T,PartsAccessories,T, ,308.99,, , , ,0,0,T,,,,,0,,,859,, , ,T, ,, , , , , , , , , , , ,,,,,,,,,,,,,,,,,,,,,,,,,,,,,,,,,,,,,,,,,,,,,,,,,,,,,,,,,,,,,,,,,,,,,,,,,,,,,,,,,,,,,,,,,,,,,,,,,,,,,,,,,,,,,,,,,,,,,,,,,,,,,,,,,,,,,,,,,,,,,,,,,,,,,,,,,,,,,,,,,,,,,,,,,,,,,,,,,,,,,,,,,,,,,,,,,,,,,,,,,,,,,,,,,,,,,,,
20122P,Hi-Lift Replacement Blade Kit,T,0,T,0,TORO, , ,T,T,T,PartsAccessories,T, ,42.99,, , , ,0,0,T,,,,,0,,,860,, , ,T, ,, , , , , , , , , , , ,,,,,,,,,,,,,,,,,,,,,,,,,,,,,,,,,,,,,,,,,,,,,,,,,,,,,,,,,,,,,,,,,,,,,,,,,,,,,,,,,,,,,,,,,,,,,,,,,,,,,,,,,,,,,,,,,,,,,,,,,,,,,,,,,,,,,,,,,,,,,,,,,,,,,,,,,,,,,,,,,,,,,,,,,,,,,,,,,,,,,,,,,,,,,,,,,,,,,,,,,,,,,,,,,,,,,,,
20234,Engine Maintenance Kit,T,0,T,0,TORO, , ,T,T,T,PartsAccessories,T, ,20.99,, , , ,0,0,T,,,,,0,,,861,, , ,T, ,, , , , , , , , , , , ,,,,,,,,,,,,,,,,,,,,,,,,,,,,,,,,,,,,,,,,,,,,,,,,,,,,,,,,,,,,,,,,,,,,,,,,,,,,,,,,,,,,,,,,,,,,,,,,,,,,,,,,,,,,,,,,,,,,,,,,,,,,,,,,,,,,,,,,,,,,,,,,,,,,,,,,,,,,,,,,,,,,,,,,,,,,,,,,,,,,,,,,,,,,,,,,,,,,,,,,,,,,,,,,,,,,,,,
20240,Engine Maintenance Kit,T,0,T,0,TORO, , ,T,T,T,PartsAccessories,T, ,22.99,, , , ,0,0,T,,,,,0,,,862,, , ,T, ,, , , , , , , , , , , ,,,,,,,,,,,,,,,,,,,,,,,,,,,,,,,,,,,,,,,,,,,,,,,,,,,,,,,,,,,,,,,,,,,,,,,,,,,,,,,,,,,,,,,,,,,,,,,,,,,,,,,,,,,,,,,,,,,,,,,,,,,,,,,,,,,,,,,,,,,,,,,,,,,,,,,,,,,,,,,,,,,,,,,,,,,,,,,,,,,,,,,,,,,,,,,,,,,,,,,,,,,,,,,,,,,,,,,
20294,Engine Maintenance Kit,T,0,T,0,TORO, , ,T,T,T,PartsAccessories,T, ,76.99,, , , ,0,0,T,,,,,0,,,863,, , ,T, ,, , , , , , , , , , , ,,,,,,,,,,,,,,,,,,,,,,,,,,,,,,,,,,,,,,,,,,,,,,,,,,,,,,,,,,,,,,,,,,,,,,,,,,,,,,,,,,,,,,,,,,,,,,,,,,,,,,,,,,,,,,,,,,,,,,,,,,,,,,,,,,,,,,,,,,,,,,,,,,,,,,,,,,,,,,,,,,,,,,,,,,,,,,,,,,,,,,,,,,,,,,,,,,,,,,,,,,,,,,,,,,,,,,,
20295,Engine Maintenance Kit,T,0,T,0,TORO, , ,T,T,T,PartsAccessories,T, ,76.99,, , , ,0,0,T,,,,,0,,,864,, , ,T, ,, , , , , , , , , , , ,,,,,,,,,,,,,,,,,,,,,,,,,,,,,,,,,,,,,,,,,,,,,,,,,,,,,,,,,,,,,,,,,,,,,,,,,,,,,,,,,,,,,,,,,,,,,,,,,,,,,,,,,,,,,,,,,,,,,,,,,,,,,,,,,,,,,,,,,,,,,,,,,,,,,,,,,,,,,,,,,,,,,,,,,,,,,,,,,,,,,,,,,,,,,,,,,,,,,,,,,,,,,,,,,,,,,,,
20296,Engine Maintenance Kit,T,0,T,0,TORO, , ,T,T,T,PartsAccessories,T, ,66.99,, , , ,0,0,T,,,,,0,,,865,, , ,T, ,, , , , , , , , , , , ,,,,,,,,,,,,,,,,,,,,,,,,,,,,,,,,,,,,,,,,,,,,,,,,,,,,,,,,,,,,,,,,,,,,,,,,,,,,,,,,,,,,,,,,,,,,,,,,,,,,,,,,,,,,,,,,,,,,,,,,,,,,,,,,,,,,,,,,,,,,,,,,,,,,,,,,,,,,,,,,,,,,,,,,,,,,,,,,,,,,,,,,,,,,,,,,,,,,,,,,,,,,,,,,,,,,,,,
20297,Engine Maintenance Kit,T,0,T,0,TORO, , ,T,T,T,PartsAccessories,T, ,50.99,, , , ,0,0,T,,,,,0,,,866,, , ,T, ,, , , , , , , , , , , ,,,,,,,,,,,,,,,,,,,,,,,,,,,,,,,,,,,,,,,,,,,,,,,,,,,,,,,,,,,,,,,,,,,,,,,,,,,,,,,,,,,,,,,,,,,,,,,,,,,,,,,,,,,,,,,,,,,,,,,,,,,,,,,,,,,,,,,,,,,,,,,,,,,,,,,,,,,,,,,,,,,,,,,,,,,,,,,,,,,,,,,,,,,,,,,,,,,,,,,,,,,,,,,,,,,,,,,
20298,Engine Maintenance Kit,T,0,T,0,TORO, , ,T,T,T,PartsAccessories,T, ,50.99,, , , ,0,0,T,,,,,0,,,867,, , ,T, ,, , , , , , , , , , , ,,,,,,,,,,,,,,,,,,,,,,,,,,,,,,,,,,,,,,,,,,,,,,,,,,,,,,,,,,,,,,,,,,,,,,,,,,,,,,,,,,,,,,,,,,,,,,,,,,,,,,,,,,,,,,,,,,,,,,,,,,,,,,,,,,,,,,,,,,,,,,,,,,,,,,,,,,,,,,,,,,,,,,,,,,,,,,,,,,,,,,,,,,,,,,,,,,,,,,,,,,,,,,,,,,,,,,,
20299,Engine Maintenance Kit,T,0,T,0,TORO, , ,T,T,T,PartsAccessories,T, ,20.99,, , , ,0,0,T,,,,,0,,,868,, , ,T, ,, , , , , , , , , , , ,,,,,,,,,,,,,,,,,,,,,,,,,,,,,,,,,,,,,,,,,,,,,,,,,,,,,,,,,,,,,,,,,,,,,,,,,,,,,,,,,,,,,,,,,,,,,,,,,,,,,,,,,,,,,,,,,,,,,,,,,,,,,,,,,,,,,,,,,,,,,,,,,,,,,,,,,,,,,,,,,,,,,,,,,,,,,,,,,,,,,,,,,,,,,,,,,,,,,,,,,,,,,,,,,,,,,,,
20300,Engine Maintenance Kit,T,0,T,0,TORO, , ,T,T,T,PartsAccessories,T, ,14.99,, , , ,0,0,T,,,,,0,,,869,, , ,T, ,, , , , , , , , , , , ,,,,,,,,,,,,,,,,,,,,,,,,,,,,,,,,,,,,,,,,,,,,,,,,,,,,,,,,,,,,,,,,,,,,,,,,,,,,,,,,,,,,,,,,,,,,,,,,,,,,,,,,,,,,,,,,,,,,,,,,,,,,,,,,,,,,,,,,,,,,,,,,,,,,,,,,,,,,,,,,,,,,,,,,,,,,,,,,,,,,,,,,,,,,,,,,,,,,,,,,,,,,,,,,,,,,,,,
20301,Engine Maintenance Kit,T,0,T,0,TORO, , ,T,T,T,PartsAccessories,T, ,50.99,, , , ,0,0,T,,,,,0,,,870,, , ,T, ,, , , , , , , , , , , ,,,,,,,,,,,,,,,,,,,,,,,,,,,,,,,,,,,,,,,,,,,,,,,,,,,,,,,,,,,,,,,,,,,,,,,,,,,,,,,,,,,,,,,,,,,,,,,,,,,,,,,,,,,,,,,,,,,,,,,,,,,,,,,,,,,,,,,,,,,,,,,,,,,,,,,,,,,,,,,,,,,,,,,,,,,,,,,,,,,,,,,,,,,,,,,,,,,,,,,,,,,,,,,,,,,,,,,
20309,Engine Maintenance Kit,T,0,T,0,TORO, , ,T,T,T,PartsAccessories,T, ,18.99,, , , ,0,0,T,,,,,0,,,871,, , ,T, ,, , , , , , , , , , , ,,,,,,,,,,,,,,,,,,,,,,,,,,,,,,,,,,,,,,,,,,,,,,,,,,,,,,,,,,,,,,,,,,,,,,,,,,,,,,,,,,,,,,,,,,,,,,,,,,,,,,,,,,,,,,,,,,,,,,,,,,,,,,,,,,,,,,,,,,,,,,,,,,,,,,,,,,,,,,,,,,,,,,,,,,,,,,,,,,,,,,,,,,,,,,,,,,,,,,,,,,,,,,,,,,,,,,,
321-10,Hex Head Screw,T,0,T,0,TORO, , ,T,T,T,PartsAccessories,T, ,1.29,, , , ,0,0,T,,,,,0,,,872,, , ,T, ,, , , , , , , , , , , ,,,,,,,,T,T,T,T,,,,,,,,,,,,,,,,,,,,,,,,,,,,,,,,,,,,,,,,,,,,,,,,,,,,,,,,,,,,,,,,,,,,,,,,,,,,,,,,,,,,,,,,,,,,,,,,,,,,,,,,,,,,,,,,,,,,,,,,,,,,,,,,,,,,,,,,,,,,,,,,,,,,,,,,,,,,,,,,,,,,,,,,,,,,,,,,,,,,,,,,,,,,,,,,,,,,,,,,,,,,
3296-42,Lock Nut,T,0,T,0,TORO, , ,T,T,T,PartsAccessories,T, ,0.29,, , , ,0,0,T,,,,,0,,,873,, , ,T, ,, , , , , , , , , , , ,,,,,,,,T,T,T,T,,,,,,,,,,,,,,,,,,,,,,,,,,,,,,,,,,,,,,,,,,,,,,,,,,,,,,,,,,,,,,,,,,,,,,,,,,,,,,,,,,,,,,,,,,,,,,,,,,,,,,,,,,,,,,,,,,,,,,,,,,,,,,,,,,,,,,,,,,,,,,,,,,,,,,,,,,,,,,,,,,,,,,,,,,,,,,,,,,,,,,,,,,,,,,,,,,,,,,,,,,,,
361-10,Red Spray Paint,T,0,T,0,TORO, , ,T,T,T,PartsAccessories,T, ,18.99,, , , ,0,0,T,,,,,0,,,874,, , ,T, ,, , , , , , , , , , , ,,,,,,,,,,,,,,,,,,,,,,,,,,,,,,,,,,,,,,,,,,,,,,,,,,,,,,,,,,,,,,,,,,,,,,,,,,,,,,,,,,,,,,,,,,,,,,,,,,,,,,,,,,,,,,,,,,,,,,,,,,,,,,,,,,,,,,,,,,,,,,,,,,,,,,,,,,,,,,,,,,,,,,,,,,,,,,,,,,,,,,,,,,,,,,,,,,,,,,,,,,,,,,,,,,,,,,,
38205,Extended Wear Paddle Kit,T,100,T,1,TORO, , ,T,T,T,PartsAccessories,T, ,114.99,, , , ,0,0,T,,,,,0,,,875,, , ,T, ,, , , , , , , , , , , ,,,,,,,,,,,,,,,,,,,,,,,,,,,,,,,,,,,,,,,,,,,,,,,,,,,,,,,,,,,,,,,,,,,,,,,,,,,,,,,,,,,,,,,,,,,,,,,,,,,,,,,,,,,,,,,,,,,,,,,,,,,,,,,,,,,,,,,,,,,,,,,,,,,,,,,,,,,,,,,,,,,,,,,,,,,,,,,,,,,,,,,,,,,,,,,,,,,,,,,,,,,,,,,,,,,,,,,
38261,Replacement Paddles,T,100,T,1,TORO, , ,T,T,T,PartsAccessories,T, ,86.99,, , , ,0,0,T,,,,,0,,,876,, , ,T, ,, , , , , , , , , , , ,,,,,,,,,,,,,,,,,,,,,,,,,,,,,,,,,,,,,,,,,,,,,,,,,,,,,,,,,,,,,,,,,,,,,,,,,,,,,,,,,,,,,,,,,,,,,,,,,,,,,,,,,,,,,,,,,,,,,,,,,,,,,,,,,,,,,,,,,,,,,,,,,,,,,,,,,,,,,,,,,,,,,,,,,,,,,,,,,,,,,,,,,,,,,,,,,,,,,,,,,,,,,,,,,,,,,,,
38266,Paddle Replacement Kit,T,75,T,0.75,TORO, , ,T,T,T,PartsAccessories,T, ,73.99,, , , ,0,0,T,,,,,0,,,877,, , ,T, ,, , , , , , , , , , , ,,,,,,,,,,,,,,,,,,,,,,,,,,,,,,,,,,,,,,,,,,,,,,,,,,,,,,,,,,,,,,,,,,,,,,,,,,,,,,,,,,,,,,,,,,,,,,,,,,,,,,,,,,,,,,,,,,,,,,,,,,,,,,,,,,,,,,,,,,,,,,,,,,,,,,,,,,,,,,,,,,,,,,,,,,,,,,,,,,,,,,,,,,,,,,,,,,,,,,,,,,,,,,,,,,,,,,,
38280,10W-30 Engine Oil (Quart),T,0,T,0,TORO, , ,T,T,T,PartsAccessories,T, ,9.99,, , , ,0,0,T,,,,,0,,,878,, , ,T, ,, , , , , , , , , , , ,,,,,,,,,,,,,,T,,,,,,,,,,,,,,,,,,,,,,,,,,,,,,,,,,,,,,,,,,,,,,,,,,,,,,,,,,,,,,,,,,,,,,,,,,,,,,,,,,,,,,,,,,,,,,,,,,,,,,,,,,,,,,,,,,,,,,,,,,,,,,,,,,,,,,,,,,,,,,,,,,,,,,,,,,,,,,,,,,,,,,,,,,,,,,,,,,,,,,,,,,,,,,,,,,,,,,,,,
38901,2-Cycle Oil (2.6 Ounce),T,0,T,0,TORO, , ,T,T,T,PartsAccessories,T, ,2.39,, , , ,0,0,T,,,,,0,,,879,, , ,T, ,, , , , , , , , , , , ,,,,,,,,,,,,,,,,,,,,,,,,,,,,,,,,,,,,,,,,,,,,,,,,,,,,,,,,,,,,,,,,,,,,,,,,,,,,,,,,,,,,,,,,,,,,,,,,,,,,,,,,,,,,,,,,,,,,,,,,,,,,,,,,,,,,,,,,,,,,,,,,,,,,,,,,,,,,,,,,,,,,,,,,,,,,,,,,,,,,,,,,,,,,,,,,,,,,,,,,,,,,,,,,,,,,,,,
38902,2-Cycle Oil (5.2 Ounce),T,0,T,0,TORO, , ,T,T,T,PartsAccessories,T, ,2.99,, , , ,0,0,T,,,,,0,,,880,, , ,T, ,, , , , , , , , , , , ,,,,,,,,,,,,,,,,,,,,,,,,,,,,,,,,,,,,,,,,,,,,,,,,,,,,,,,,,,,,,,,,,,,,,,,,,,,,,,,,,,,,,,,,,,,,,,,,,,,,,,,,,,,,,,,,,,,,,,,,,,,,,,,,,,,,,,,,,,,,,,,,,,,,,,,,,,,,,,,,,,,,,,,,,,,,,,,,,,,,,,,,,,,,,,,,,,,,,,,,,,,,,,,,,,,,,,,
38903,SAE 30 Engine Oil (Quart),T,0,T,0,TORO, , ,T,T,T,PartsAccessories,T, ,9.99,, , , ,0,0,T,,,,,0,,,881,, , ,T, ,, , , , , , , , , , , ,,,,,,,,,,,,,,T,,,,,,,,,,,,,,,,,,,,,,,,,,,,,,,,,,,,,,,,,,,,,,,,,,,,,,,,,,,,,,,,,,,,,,,,,,,,,,,,,,,,,,,,,,,,,,,,,,,,,,,,,,,,,,,,,,,,,,,,,,,,,,,,,,,,,,,,,,,,,,,,,,,,,,,,,,,,,,,,,,,,,,,,,,,,,,,,,,,,,,,,,,,,,,,,,,,,,,,,,
38907,5W-30 Engine Oil (12 Ounce),T,0,T,0,TORO, , ,T,T,T,PartsAccessories,T, ,5.09,, , , ,0,0,T,,,,,0,,,882,, , ,T, ,, , , , , , , , , , , ,,,,,,,,,,,,,,,,,,,,,,,,,,,,,,,,,,,,,,,,,,,,,,,,,,,,,,,,,,,,,,,,,,,,,,,,,,,,,,,,,,,,,,,,,,,,,,,,,,,,,,,,,,,,,,,,,,,,,,,,,,,,,,,,,,,,,,,,,,,,,,,,,,,,,,,,,,,,,,,,,,,,,,,,,,,,,,,,,,,,,,,,,,,,,,,,,,,,,,,,,,,,,,,,,,,,,,,
38908,5W-30 Engine Oil (20 Ounce),T,0,T,0,TORO, , ,T,T,T,PartsAccessories,T, ,7.19,, , , ,0,0,T,,,,,0,,,883,, , ,T, ,, , , , , , , , , , , ,,,,,,,,,,,,,,,,,,,,,,,,,,,,,,,,,,,,,,,,,,,,,,,,,,,,,,,,,,,,,,,,,,,,,,,,,,,,,,,,,,,,,,,,,,,,,,,,,,,,,,,,,,,,,,,,,,,,,,,,,,,,,,,,,,,,,,,,,,,,,,,,,,,,,,,,,,,,,,,,,,,,,,,,,,,,,,,,,,,,,,,,,,,,,,,,,,,,,,,,,,,,,,,,,,,,,,,
38910,5W-30 Engine Oil (Quart),T,0,T,0,TORO, , ,T,T,T,PartsAccessories,T, ,11.99,, , , ,0,0,T,,,,,0,,,884,, , ,T, ,, , , , , , , , , , , ,,,,,,,,,,,,,,,,,,,,,,,,,,,,,,,,,,,,,,,,,,,,,,,,,,,,,,,,,,,,,,,,,,,,,,,,,,,,,,,,,,,,,,,,,,,,,,,,,,,,,,,,,,,,,,,,,,,,,,,,,,,,,,,,,,,,,,,,,,,,,,,,,,,,,,,,,,,,,,,,,,,,,,,,,,,,,,,,,,,,,,,,,,,,,,,,,,,,,,,,,,,,,,,,,,,,,,,
38913,0W-30 Synthetic Oil (20 Ounce),T,0,T,0,TORO, , ,T,T,T,PartsAccessories,T, ,7.89,, , , ,0,0,T,,,,,0,,,885,, , ,T, ,, , , , , , , , , , , ,,,,,,,,T,T,T, , , ,,,,,,,,,,,,,,,,,,,,,,,,,,,,,,,,,,,,,,,,,,,,,,,,,,,,,,,,,,,,,,,,,,,,,,,,,,,,,,,,,,,,,,,,,,,,,,,,,,,,,,,,,,,,,,,,,,,,,,,,,,,,,,,,,,,,,,,,,,,,,,,,,,,,,,,,,,,,,,,,,,,,,,,,,,,,,,,,,,,,,,,,,,,,,,,,,,,,,,,,,,
38916,SAE 30 Engine Oil (18 Ounce),T,0,T,0,TORO, , ,T,T,T,PartsAccessories,T, ,7.99,, , , ,0,0,T,,,,,0,,,886,, , ,T, ,, , , , , , , , , , , ,,,,,,,,,,,,,,,,,,,,,,,,,,,,,,,,,,,,,,,,,,,,,,,,,,,,,,,,,,,,,,,,,,,,,,,,,,,,,,,,,,,,,,,,,,,,,,,,,,,,,,,,,,,,,,,,,,,,,,,,,,,,,,,,,,,,,,,,,,,,,,,,,,,,,,,,,,,,,,,,,,,,,,,,,,,,,,,,,,,,,,,,,,,,,,,,,,,,,,,,,,,,,,,,,,,,,,,
44-2500,Hydraulic Oil Dye (Red),T,0,T,0,TORO, , ,T,T,T,PartsAccessories,T, ,19.99,, , , ,0,0,T,,,,,0,,,887,, , ,T, ,, , , , , , , , , , , ,,,,,,,,,,,,,,,,,,,,,,,,,,,,,,,,,,,,,,,,,,,,,,,,,,,,,,,,,,,,,,,,,,,,,,,,,,,,,,,,,,,,,,,,,,,,,,,,,,,,,,,,,,,,,,,,,,,,,,,,,,,,,,,,,,,,,,,,,,,,,,,,,,,,,,,,,,,,,,,,,,,,,,,,,,,,,,,,,,,,,,,,,,,,,,,,,,,,,,,,,,,,,,,,,,,,,,,
505-101,Lubriplate Mag-1 Grease,T,0,T,0,TORO, , ,T,T,T,PartsAccessories,T, ,35.99,, , , ,0,0,T,,,,,0,,,888,, , ,T, ,, , , , , , , , , , , ,,,,,,,,,,,,,,,,,,,,,,,,,,,,,,,,,,,,,,,,,,,,,,,,,,,,,,,,,,,,,,,,,,,,,,,,,,,,,,,,,,,,,,,,,,,,,,,,,,,,,,,,,,,,,,,,,,,,,,,,,,,,,,,,,,,,,,,,,,,,,,,,,,,,,,,,,,,,,,,,,,,,,,,,,,,,,,,,,,,,,,,,,,,,,,,,,,,,,,,,,,,,,,,,,,,,,,,
55-9370,Spacer,T,0,T,0,TORO, , ,T,T,T,PartsAccessories,T, ,2.69,, , , ,0,0,T,,,,,0,,,889,, , ,T, ,, , , , , , , , , , , ,,,,,,,,T,T,T,T,,,,,,,,,,,,,,,,,,,,,,,,,,,,,,,,,,,,,,,,,,,,,,,,,,,,,,,,,,,,,,,,,,,,,,,,,,,,,,,,,,,,,,,,,,,,,,,,,,,,,,,,,,,,,,,,,,,,,,,,,,,,,,,,,,,,,,,,,,,,,,,,,,,,,,,,,,,,,,,,,,,,,,,,,,,,,,,,,,,,,,,,,,,,,,,,,,,,,,,,,,,,
59534P,"Atomic Blade - 22""",T,0,T,0,TORO, , ,T,T,T,PartsAccessories,T, ,21.99,, , , ,0,0,T,,,,,0,,,890,, , ,T, ,, , , , , , , , , , , ,,,,,,,,,,,,,,,,,,,,,,,,,,,,,,,,,,,,,,,,,,,,,,,,,,,,,,,,,,,,,,,,,,,,,,,,,,,,,,,,,,,,,,,,,,,,,,,,,,,,,,,,,,,,,,,,,,,,,,,,,,,,,,,,,,,,,,,,,,,,,,,,,,,,,,,,,,,,,,,,,,,,,,,,,,,,,,,,,,,,,,,,,,,,,,,,,,,,,,,,,,,,,,,,,,,,,,,
79006,Deck Belt,T,200,T,2,TORO, , ,T,T,T,PartsAccessories,T, ,66.99,, , , ,0,0,T,,,,,0,,,891,, , ,T, ,, , , , , , , , , , , ,,,,,,,,,,,,,,T,,,,,,,,,,,,,,,,,,,,,,,,,,,,,,,,,,,,,,,,,,,,,,,,,,,,,,,,,,,,,,,,,,,,,,,,,,,,,,,,,,,,,,,,,,,,,,,,,,,,,,,,,,,,,,,,,,,,,,,,,,,,,,,,,,,,,,,,,,,,,,,,,,,,,,,,,,,,,,,,,,,,,,,,,,,,,,,,,,,,,,,,,,,,,,,,,,,,,,,,,
79016P,Blade Kit,T,200,T,2,TORO, , ,T,T,T,PartsAccessories,T, ,58.99,, , , ,0,0,T,,,,,0,,,892,, , ,T, ,, , , , , , , , , , , ,,,,,,,,,,,,,,T,,,,,,,,,,,,,,,,,,,,,,,,,,,,,,,,,,,,,,,,,,,,,,,,,,,,,,,,,,,,,,,,,,,,,,,,,,,,,,,,,,,,,,,,,,,,,,,,,,,,,,,,,,,,,,,,,,,,,,,,,,,,,,,,,,,,,,,,,,,,,,,,,,,,,,,,,,,,,,,,,,,,,,,,,,,,,,,,,,,,,,,,,,,,,,,,,,,,,,,,,
98020,Oil Filter (Kohler 12 050 01-S),T,400,T,4,TORO, , ,T,T,T,PartsAccessories,T, ,22.99,, , , ,0,0,T,,,,,0,,,893,, , ,T, ,, , , , , , , , , , , ,,,,,,,,,,,,,,,,,,,,,,,,,,,,,,,,,,,,,,,,,,,,,,,,,,,,,,,,,,,,,,,,,,,,,,,,,,,,,,,,,,,,,,,,,,,,,,,,,,,,,,,,,,,,,,,,,,,,,,,,,,,,,,,,,,,,,,,,,,,,,,,,,,,,,,,,,,,,,,,,,,,,,,,,,,,,,,,,,,,,,,,,,,,,,,,,,,,,,,,,,,,,,,,,,,,,,,,
