Active,SortOrder,APR,TermMonths,MinAmount,MaxAmount,RebateCompatible,StartDate,EndDate,Public,Display,BrandID,GROUP_YZ200,GROUP_YZ300,GROUP_YZ400,GROUP_SA223,GROUP_SA325,GROUP_SA425,GROUP_SA425DHX,GROUP_YT235,GROUP_YT235C,GROUP_YT347,GROUP_YT347C,GROUP_YT359,GROUP_YT359C,GROUP_YM225,GROUP_YM232,GROUP_YM238,GROUP_YM342,GROUP_YM347,GROUP_YM359,GROUP_SM240,GROUP_SM240H,GROUP_SM475,GROUP_BULL,GROUP_LONGHORN,GROUP_BRAHMA
T,1,0,36,,,F,2026-08-01,2026-09-30,T,T,YANMAR,,,,T,T,T,T,T,T,T,T,T,T,T,T,T,T,T,T,T,T,T,,,
T,2,0.0149,48,,,F,2026-08-01,2026-09-30,T,T,YANMAR,,,,T,T,T,T,T,T,T,T,T,T,T,T,T,T,T,T,T,T,T,,,
T,3,0.0199,60,,,F,2026-08-01,2026-09-30,T,T,YANMAR,,,,T,T,T,T,T,T,T,T,T,T,T,T,T,T,T,T,T,T,T,,,
T,4,0.0299,72,,,F,2026-08-01,2026-09-30,T,T,YANMAR,,,,T,T,T,T,T,T,T,T,T,T,T,T,T,T,T,T,T,T,T,,,
T,5,0.0349,84,,,F,2026-08-01,2026-09-30,T,T,YANMAR,,,,T,T,T,T,T,T,T,T,T,T,T,T,T,T,T,T,T,T,T,,,
T,6,0.0449,120,15000,,F,2026-08-01,2026-09-30,T,T,YANMAR,,,,T,T,T,T,T,T,T,T,T,T,T,T,T,T,T,T,T,T,T,,,
T,7,0.0099,36,,,F,2026-08-01,2026-09-30,T,T,YANMAR,,,,T,T,T,T,T,T,T,T,T,T,T,T,T,T,T,T,T,T,T,,,
T,8,0.0249,48,,,F,2026-08-01,2026-09-30,T,T,YANMAR,,,,T,T,T,T,T,T,T,T,T,T,T,T,T,T,T,T,T,T,T,,,
T,9,0.0349,60,,,F,2026-08-01,2026-09-30,T,T,YANMAR,,,,T,T,T,T,T,T,T,T,T,T,T,T,T,T,T,T,T,T,T,,,
T,10,0.0399,72,,,F,2026-08-01,2026-09-30,T,T,YANMAR,,,,T,T,T,T,T,T,T,T,T,T,T,T,T,T,T,T,T,T,T,,,
T,11,0.0449,84,,,F,2026-08-01,2026-09-30,T,T,YANMAR,,,,T,T,T,T,T,T,T,T,T,T,T,T,T,T,T,T,T,T,T,,,
T,12,0.0549,120,15000,,F,2026-08-01,2026-09-30,T,T,YANMAR,,,,T,T,T,T,T,T,T,T,T,T,T,T,T,T,T,T,T,T,T,,,
T,13,0,60,,,F,2026-08-01,2026-09-30,T,T,YANMAR,,,,T,T,T,T,T,T,T,T,T,T,T,T,T,T,T,T,T,T,T,,,
T,14,0,72,,,F,2026-08-01,2026-09-30,T,T,YANMAR,,,,T,T,T,T,T,T,T,T,T,T,T,T,T,T,T,T,T,T,T,,,
T,15,0,84,,,F,2026-08-01,2026-09-30,T,T,YANMAR,,,,T,T,T,T,T,T,T,T,T,T,T,T,T,T,T,T,T,T,T,,,
T,16,0.0099,84,,,F,2026-08-01,2026-09-30,T,T,YANMAR,,,,T,T,T,T,T,T,T,T,T,T,T,T,T,T,T,T,T,T,T,,,
T,17,0.0299,120,15000,,F,2026-08-01,2026-09-30,T,T,YANMAR,,,,T,T,T,T,T,T,T,T,T,T,T,T,T,T,T,T,T,T,T,,,
T,18,0.0399,120,15000,,F,2026-08-01,2026-09-30,T,T,YANMAR,,,,T,T,T,T,T,T,T,T,T,T,T,T,T,T,T,T,T,T,T,,,
T,19,0.0099,60,,,F,2026-08-01,2026-09-30,T,T,YANMAR,,,,T,T,T,T,T,T,T,T,T,T,T,T,T,T,T,T,T,T,T,,,
T,20,0.0099,72,,,F,2026-08-01,2026-09-30,T,T,YANMAR,,,,T,T,T,T,T,T,T,T,T,T,T,T,T,T,T,T,T,T,T,,,
T,21,0.0099,84,,,F,2026-08-01,2026-09-30,T,T,YANMAR,,,,T,T,T,T,T,T,T,T,T,T,T,T,T,T,T,T,T,T,T,,,
T,22,0.0199,84,,,F,2026-08-01,2026-09-30,T,T,YANMAR,,,,T,T,T,T,T,T,T,T,T,T,T,T,T,T,T,T,T,T,T,,,
T,23,0.0399,120,15000,,F,2026-08-01,2026-09-30,T,T,YANMAR,,,,T,T,T,T,T,T,T,T,T,T,T,T,T,T,T,T,T,T,T,,,
T,24,0.0499,120,15000,,F,2026-08-01,2026-09-30,T,T,YANMAR,,,,T,T,T,T,T,T,T,T,T,T,T,T,T,T,T,T,T,T,T,,,
T,26,0,60,,,F,2026-08-01,2026-09-30,T,T,YANMAR,,,,,,,,,,,,,,,,,,,,,,,T,T,T
T,27,0,72,,,F,2026-08-01,2026-09-30,T,T,YANMAR,,,,,,,,,,,,,,,,,,,,,,,T,T,T
T,28,0,84,,,F,2026-08-01,2026-09-30,T,T,YANMAR,,,,,,,,,,,,,,,,,,,,,,,T,T,T
T,29,0.0449,120,15000,,F,2026-08-01,2026-09-30,T,T,YANMAR,,,,,,,,,,,,,,,,,,,,,,,T,T,T
T,30,0,48,,,F,2026-08-01,2026-09-30,T,T,YANMAR,,,,,,,,,,,,,,,,,,,,,,,T,T,T
T,31,0.0199,60,,,F,2026-08-01,2026-09-30,T,T,YANMAR,,,,,,,,,,,,,,,,,,,,,,,T,T,T
T,32,0.0299,72,,,F,2026-08-01,2026-09-30,T,T,YANMAR,,,,,,,,,,,,,,,,,,,,,,,T,T,T
T,33,0.0399,84,,,F,2026-08-01,2026-09-30,T,T,YANMAR,,,,,,,,,,,,,,,,,,,,,,,T,T,T
T,34,0.0449,96,,,F,2026-08-01,2026-09-30,T,T,YANMAR,,,,,,,,,,,,,,,,,,,,,,,T,T,T
T,35,0,36,,,F,2026-08-01,2026-09-30,T,T,YANMAR,T,T,T,,,,,,,,,,,,,,,,,,,, , ,
T,36,0.0099,36,,,F,2026-08-01,2026-09-30,T,T,YANMAR,T,T,T,,,,,,,,,,,,,,,,,,,, , ,
T,37,0.0199,36,,,F,2026-08-01,2026-09-30,T,T,YANMAR,T,T,T,,,,,,,,,,,,,,,,,,,, , ,
T,38,0.0299,36,,,F,2026-08-01,2026-09-30,T,T,YANMAR,T,T,T,,,,,,,,,,,,,,,,,,,, , ,
T,39,0.0399,36,,,F,2026-08-01,2026-09-30,T,T,YANMAR,T,T,T,,,,,,,,,,,,,,,,,,,, , ,
T,40,0.0499,36,,,F,2026-08-01,2026-09-30,T,T,YANMAR,T,T,T,,,,,,,,,,,,,,,,,,,, , ,
T,41,0,48,,,F,2026-08-01,2026-09-30,T,T,YANMAR,T,T,T,,,,,,,,,,,,,,,,,,,, , ,
T,42,0.0099,48,,,F,2026-08-01,2026-09-30,T,T,YANMAR,T,T,T,,,,,,,,,,,,,,,,,,,, , ,
T,43,0.0199,48,,,F,2026-08-01,2026-09-30,T,T,YANMAR,T,T,T,,,,,,,,,,,,,,,,,,,, , ,
T,44,0.0299,48,,,F,2026-08-01,2026-09-30,T,T,YANMAR,T,T,T,,,,,,,,,,,,,,,,,,,,,,
T,45,0.0399,48,,,F,2026-08-01,2026-09-30,T,T,YANMAR,T,T,T,,,,,,,,,,,,,,,,,,,,,,
T,46,0.0499,48,,,F,2026-08-01,2026-09-30,T,T,YANMAR,T,T,T,,,,,,,,,,,,,,,,,,,,,,
T,47,0,60,,,F,2026-08-01,2026-09-30,T,T,YANMAR,T,T,T,,,,,,,,,,,,,,,,,,,, , ,
T,48,0.0099,60,,,F,2026-08-01,2026-09-30,T,T,YANMAR,T,T,T,,,,,,,,,,,,,,,,,,,, , ,
T,49,0.0199,60,,,F,2026-08-01,2026-09-30,T,T,YANMAR,T,T,T,,,,,,,,,,,,,,,,,,,, , ,
T,50,0.0299,60,,,F,2026-08-01,2026-09-30,T,T,YANMAR,T,T,T,,,,,,,,,,,,,,,,,,,,,,
T,51,0.0399,60,,,F,2026-08-01,2026-09-30,T,T,YANMAR,T,T,T,,,,,,,,,,,,,,,,,,,,,,
T,52,0.0499,60,,,F,2026-08-01,2026-09-30,T,T,YANMAR,T,T,T,,,,,,,,,,,,,,,,,,,,,,
T,53,0,72,,,F,2026-08-01,2026-09-30,T,T,YANMAR,T,T,T,,,,,,,,,,,,,,,,,,,, , ,
T,54,0.0099,72,,,F,2026-08-01,2026-09-30,T,T,YANMAR,T,T,T,,,,,,,,,,,,,,,,,,,, , ,
T,55,0.0199,72,,,F,2026-08-01,2026-09-30,T,T,YANMAR,T,T,T,,,,,,,,,,,,,,,,,,,, , ,
T,56,0.0299,72,,,F,2026-08-01,2026-09-30,T,T,YANMAR,T,T,T,,,,,,,,,,,,,,,,,,,,,,
T,57,0.0399,72,,,F,2026-08-01,2026-09-30,T,T,YANMAR,T,T,T,,,,,,,,,,,,,,,,,,,,,,
T,58,0.0499,72,,,F,2026-08-01,2026-09-30,T,T,YANMAR,T,T,T,,,,,,,,,,,,,,,,,,,,,,
T,59,0,84,,,F,2026-08-01,2026-09-30,T,T,YANMAR,T,T,T,,,,,,,,,,,,,,,,,,,, , ,
T,60,0.0099,84,,,F,2026-08-01,2026-09-30,T,T,YANMAR,T,T,T,,,,,,,,,,,,,,,,,,,, , ,
T,61,0.0199,84,,,F,2026-08-01,2026-09-30,T,T,YANMAR,T,T,T,,,,,,,,,,,,,,,,,,,, , ,
T,62,0.0299,84,,,F,2026-08-01,2026-09-30,T,T,YANMAR,T,T,T,,,,,,,,,,,,,,,,,,,,,,
T,63,0.0399,84,,,F,2026-08-01,2026-09-30,T,T,YANMAR,T,T,T,,,,,,,,,,,,,,,,,,,,,,
T,64,0.0499,84,,,F,2026-08-01,2026-09-30,T,T,YANMAR,T,T,T,,,,,,,,,,,,,,,,,,,,,,
T,65,0,36,,,F,2026-08-01,2026-09-30,T,T,YANMAR,T,T,T,,,,,,,,,,,,,,,,,,,, , ,
T,66,0.0099,36,,,F,2026-08-01,2026-09-30,T,T,YANMAR,T,T,T,,,,,,,,,,,,,,,,,,,, , ,
T,67,0.0199,36,,,F,2026-08-01,2026-09-30,T,T,YANMAR,T,T,T,,,,,,,,,,,,,,,,,,,, , ,
T,68,0.0299,36,,,F,2026-08-01,2026-09-30,T,T,YANMAR,T,T,T,,,,,,,,,,,,,,,,,,,, , ,
T,69,0.0399,36,,,F,2026-08-01,2026-09-30,T,T,YANMAR,T,T,T,,,,,,,,,,,,,,,,,,,, , ,
T,70,0.0499,36,,,F,2026-08-01,2026-09-30,T,T,YANMAR,T,T,T,,,,,,,,,,,,,,,,,,,, , ,
T,71,0,48,,,F,2026-08-01,2026-09-30,T,T,YANMAR,T,T,T,,,,,,,,,,,,,,,,,,,, , ,
T,72,0.0099,48,,,F,2026-08-01,2026-09-30,T,T,YANMAR,T,T,T,,,,,,,,,,,,,,,,,,,, , ,
T,73,0.0199,48,,,F,2026-08-01,2026-09-30,T,T,YANMAR,T,T,T,,,,,,,,,,,,,,,,,,,, , ,
T,74,0.0299,48,,,F,2026-08-01,2026-09-30,T,T,YANMAR,T,T,T,,,,,,,,,,,,,,,,,,,,,,
T,75,0.0399,48,,,F,2026-08-01,2026-09-30,T,T,YANMAR,T,T,T,,,,,,,,,,,,,,,,,,,,,,
T,76,0.0499,48,,,F,2026-08-01,2026-09-30,T,T,YANMAR,T,T,T,,,,,,,,,,,,,,,,,,,,,,
T,77,0,60,,,F,2026-08-01,2026-09-30,T,T,YANMAR,T,T,T,,,,,,,,,,,,,,,,,,,, , ,
T,78,0.0099,60,,,F,2026-08-01,2026-09-30,T,T,YANMAR,T,T,T,,,,,,,,,,,,,,,,,,,, , ,
T,79,0.0199,60,,,F,2026-08-01,2026-09-30,T,T,YANMAR,T,T,T,,,,,,,,,,,,,,,,,,,, , ,
T,80,0.0299,60,,,F,2026-08-01,2026-09-30,T,T,YANMAR,T,T,T,,,,,,,,,,,,,,,,,,,,,,
T,81,0.0399,60,,,F,2026-08-01,2026-09-30,T,T,YANMAR,T,T,T,,,,,,,,,,,,,,,,,,,,,,
T,82,0.0499,60,,,F,2026-08-01,2026-09-30,T,T,YANMAR,T,T,T,,,,,,,,,,,,,,,,,,,,,,
T,83,0,72,,,F,2026-08-01,2026-09-30,T,T,YANMAR,T,T,T,,,,,,,,,,,,,,,,,,,, , ,
T,84,0.0099,72,,,F,2026-08-01,2026-09-30,T,T,YANMAR,T,T,T,,,,,,,,,,,,,,,,,,,, , ,
T,85,0.0199,72,,,F,2026-08-01,2026-09-30,T,T,YANMAR,T,T,T,,,,,,,,,,,,,,,,,,,, , ,
T,86,0.0299,72,,,F,2026-08-01,2026-09-30,T,T,YANMAR,T,T,T,,,,,,,,,,,,,,,,,,,,,,
T,87,0.0399,72,,,F,2026-08-01,2026-09-30,T,T,YANMAR,T,T,T,,,,,,,,,,,,,,,,,,,,,,
T,88,0.0499,72,,,F,2026-08-01,2026-09-30,T,T,YANMAR,T,T,T,,,,,,,,,,,,,,,,,,,,,,
T,89,0,84,,,F,2026-08-01,2026-09-30,T,T,YANMAR,T,T,T,,,,,,,,,,,,,,,,,,,, , ,
T,90,0.0099,84,,,F,2026-08-01,2026-09-30,T,T,YANMAR,T,T,T,,,,,,,,,,,,,,,,,,,, , ,
T,91,0.0199,84,,,F,2026-08-01,2026-09-30,T,T,YANMAR,T,T,T,,,,,,,,,,,,,,,,,,,, , ,
T,92,0.0299,84,,,F,2026-08-01,2026-09-30,T,T,YANMAR,T,T,T,,,,,,,,,,,,,,,,,,,,,,
T,93,0.0399,84,,,F,2026-08-01,2026-09-30,T,T,YANMAR,T,T,T,,,,,,,,,,,,,,,,,,,,,,
T,94,0.0499,84,,,F,2026-08-01,2026-09-30,T,T,YANMAR,T,T,T,,,,,,,,,,,,,,,,,,,,,,
T,95,0.0699,120,15000,,F,2026-08-01,2026-09-30,T,T,YANMAR,T,T,T,,,,,,,,,,,,,,,,,,,,,,
T,96,0.0599,36,,,T,2026-08-01,2026-09-30,T,T,YANMAR,,,,T,,,,,,,,,,,,,,,,,,,,,
T,97,0.0599,48,,,T,2026-08-01,2026-09-30,T,T,YANMAR,,,,T,,,,,,,,,,,,,,,,,,,,,
T,98,0.0599,60,,,T,2026-08-01,2026-09-30,T,T,YANMAR,,,,T,,,,,,,,,,,,,,,,,,,,,
T,99,0.0599,72,,,T,2026-08-01,2026-09-30,T,T,YANMAR,,,,T,,,,,,,,,,,,,,,,,,,,,
T,100,0.0699,84,,,T,2026-08-01,2026-09-30,T,T,YANMAR,,,,T,,,,,,,,,,,,,,,,,,,,,
T,101,0.0699,96,,,T,2026-08-01,2026-09-30,T,T,YANMAR,,,,T,,,,,,,,,,,,,,,,,,,,,
T,102,0.0699,120,15000,,T,2026-08-01,2026-09-30,T,T,YANMAR,,,,T,,,,,,,,,,,,,,,,,,,,,
T,103,0.0599,36,,,T,2026-08-01,2026-09-30,T,T,YANMAR,,,,T,,,,,,,,,,,,,,,,,,,,,
T,104,0.0599,48,,,T,2026-08-01,2026-09-30,T,T,YANMAR,,,,T,,,,,,,,,,,,,,,,,,,,,
T,105,0.0599,60,,,T,2026-08-01,2026-09-30,T,T,YANMAR,,,,T,,,,,,,,,,,,,,,,,,,,,
T,106,0.0599,72,,,T,2026-08-01,2026-09-30,T,T,YANMAR,,,,T,,,,,,,,,,,,,,,,,,,,,
T,107,0.0699,84,,,T,2026-08-01,2026-09-30,T,T,YANMAR,,,,T,,,,,,,,,,,,,,,,,,,,,
T,108,0.0699,96,,,T,2026-08-01,2026-09-30,T,T,YANMAR,,,,T,,,,,,,,,,,,,,,,,,,,,
T,109,0.0699,120,15000,,T,2026-08-01,2026-09-30,T,T,YANMAR,,,,T,,,,,,,,,,,,,,,,,,,,,
T,110,0.0599,36,,,T,2026-08-01,2026-09-30,T,T,YANMAR,,,,T,,,,,,,,,,,,,,,,,,,,,
T,111,0.0599,48,,,T,2026-08-01,2026-09-30,T,T,YANMAR,,,,T,,,,,,,,,,,,,,,,,,,,,
T,112,0.0599,60,,,T,2026-08-01,2026-09-30,T,T,YANMAR,,,,T,,,,,,,,,,,,,,,,,,,,,
T,113,0.0599,72,,,T,2026-08-01,2026-09-30,T,T,YANMAR,,,,T,,,,,,,,,,,,,,,,,,,,,
T,114,0.0699,84,,,T,2026-08-01,2026-09-30,T,T,YANMAR,,,,T,,,,,,,,,,,,,,,,,,,,,
T,115,0.0699,96,,,T,2026-08-01,2026-09-30,T,T,YANMAR,,,,T,,,,,,,,,,,,,,,,,,,,,
T,116,0.0699,120,15000,,T,2026-08-01,2026-09-30,T,T,YANMAR,,,,T,,,,,,,,,,,,,,,,,,,,,
T,117,0.0699,36,,,T,2026-08-01,2026-09-30,T,T,YANMAR,,,,T,,,,,,,,,,,,,,,,,,,,,
T,118,0.0699,48,,,T,2026-08-01,2026-09-30,T,T,YANMAR,,,,T,,,,,,,,,,,,,,,,,,,,,
T,119,0.0699,60,,,T,2026-08-01,2026-09-30,T,T,YANMAR,,,,T,,,,,,,,,,,,,,,,,,,,,
T,120,0.0699,72,,,T,2026-08-01,2026-09-30,T,T,YANMAR,,,,T,,,,,,,,,,,,,,,,,,,,,
T,121,0.0899,84,,,T,2026-08-01,2026-09-30,T,T,YANMAR,,,,T,,,,,,,,,,,,,,,,,,,,,
T,122,0.0899,96,,,T,2026-08-01,2026-09-30,T,T,YANMAR,,,,T,,,,,,,,,,,,,,,,,,,,,
T,123,0.0899,120,15000,,T,2026-08-01,2026-09-30,T,T,YANMAR,,,,T,,,,,,,,,,,,,,,,,,,,,
T,124,0.0999,36,,,T,2026-08-01,2026-09-30,T,T,YANMAR,,,,T,,,,,,,,,,,,,,,,,,,,,
T,125,0.0999,48,,,T,2026-08-01,2026-09-30,T,T,YANMAR,,,,T,,,,,,,,,,,,,,,,,,,,,
T,126,0.0999,60,,,T,2026-08-01,2026-09-30,T,T,YANMAR,,,,T,,,,,,,,,,,,,,,,,,,,,
T,127,0.0999,72,,,T,2026-08-01,2026-09-30,T,T,YANMAR,,,,T,,,,,,,,,,,,,,,,,,,,,
T,128,0.1099,84,,,T,2026-08-01,2026-09-30,T,T,YANMAR,,,,T,,,,,,,,,,,,,,,,,,,,,
T,129,0.1099,96,,,T,2026-08-01,2026-09-30,T,T,YANMAR,,,,T,,,,,,,,,,,,,,,,,,,,,
T,130,0.1099,120,15000,,T,2026-08-01,2026-09-30,T,T,YANMAR,,,,T,,,,,,,,,,,,,,,,,,,,,
