SKU,Description,Active,AssemblyAmount,AssemblyOption,AssemblyTime,BrandID,Category,DeliveryGroup,DisplayAvailability,FinancingEligible,FreightGroup,LocalDelivery,Model,MSRP,PowerType,ProductType,PromoName,QtyDanbury,QtyNewMilford,RebateEligible,RebateEndDate,RebateStartDate,RebateToCustomer,SaleEndDate,SalePrice,SaleStartDate,Series,SortOrder,SpecialFinancingEligible,SubCategory,System,Taxable,AllowBackorder,BuyOnlineEligible,MaximumOnLineQty,AvailabilityRequestEligible,ShippingEligible,ShippingRateType,ShipWeight,ShipLength,ShipWidth,ShipHeight,ShippingCarrierRule,ShippingRestriction,ShipsSeparately,WB01 011 3600 US,WB01 011 3605 US,WB02 011 3610 US,WB03 011 3600 US,WB03 011 3610 US,WB03 011 3611 US,WB04 011 3600 US,WB04 011 3607 US,WB04 011 3605 US,WB04 011 3610 US,WB04 011 3615 US,WB05 011 3600 US,WB05 011 3605 US,WB05 011 3610 US,WB05 011 3616 US,WB05 011 3615 US,WA81 011 8400 US,WA81 011 8410 US,WA81 011 8420 US,WA04 011 8600 US,WA04 011 8610 US,WA04 011 8620 US,RequiredModel1,RequiredSKU1,RequiredQty1,RequiredDescription1,RequiredModel2,RequiredSKU2,RequiredQty2,RequiredDescription2
0000 000 0000,,,,,,,,,,,,,,,,,,,,,,,,,,,,1,,,,,,,,,,,,,,,,,,RZ 142,RZ 152,RZ 261,RZ 552,RZ 560,RZ 560 K,RZ 752 i,RZ 752 K,RZ 752 Ki,RZ 760 i,RZ 760 Ki,RZ 960 i,RZ 960 Ki,RZ 972 i,RZ 972 K,RZ 972 Ki,AZA 748,AZA 752,AZA 760,RZA 748,RZA 752,RZA 760,,,,,,,,
0000 710 7102,"KM Carbon Fiber Shaft Extension (37"")",T,0,T,0,STIHL,Attachments,,T,T,,,"KM Carbon Fiber Shaft Extension (37"")",175.99,,,,0,1,T,,,,,,,,919,,Attachment,KombiSystem,T,,T,,,,,,,,,,,,,,,,,,,,,,,,,,,,,,,,,,,,,,,,,
4180 200 0471 US,FS-KM Straight Shaft Trimmer,T,0,T,0,STIHL,Attachments,,T,T,,,FS-KM Straight Shaft Trimmer,117.99,,,,0,1,T,,,,,,,,922,,Attachment,KombiSystem,T,,T,,,,,,,,,,,,,,,,,,,,,,,,,,,,,,,,,,,,,,,,,
4180 200 0472 US,FS-KM 4-Tooth Grass Blade,T,0,T,0,STIHL,Attachments,,T,T,,,FS-KM 4-Tooth Grass Blade,117.99,,,,0,1,T,,,,,,,,923,,Attachment,KombiSystem,T,,T,,,,,,,,,,,,,,,,,,,,,,,,,,,,,,,,,,,,,,,,,
4180 740 5000 US,FBD-KM Bed Redefiner,T,0,T,0,STIHL,Attachments,,T,T,,,FBD-KM Bed Redefiner,289.99,,,,0,1,T,,,,,,,,924,,Attachment,KombiSystem,T,,T,,,,,,,,,,,,,,,,,,,,,,,,,,,,,,,,,,,,,,,,,
4180 740 5003 US,FCB-KM Curved Lawn Edger,T,0,T,0,STIHL,Attachments,,T,T,,,FCB-KM Curved Lawn Edger,117.99,,,,0,0,T,,,,,,,,925,,Attachment,KombiSystem,T,,T,,,,,,,,,,,,,,,,,,,,,,,,,,,,,,,,,,,,,,,,,
4180 740 5007 US,RG-KM Reciprocator,T,0,T,0,STIHL,Attachments,,T,T,,,RG-KM Reciprocator,459.99,,,,0,0,T,,,,,,,,926,,Attachment,KombiSystem,T,,T,,,,,,,,,,,,,,,,,,,,,,,,,,,,,,,,,,,,,,,,,
4180 740 5009 US,FCS-KM Straight Lawn Edger,T,0,T,0,STIHL,Attachments,,T,T,,,FCS-KM Straight Lawn Edger,214.99,,,,0,1,T,,,,,,,,927,,Attachment,KombiSystem,T,,T,,,,,,,,,,,,,,,,,,,,,,,,,,,,,,,,,,,,,,,,,
4182 200 0210 US,"HT-KM Pruner - 12"" Bar",T,0,T,0,STIHL,Attachments,,T,T,,,"HT-KM Pruner - 12"" Bar",214.99,,,,0,1,T,,,,,,,,928,,Attachment,KombiSystem,T,,T,,,,,,,,,,,,,,,,,,,,,,,,,,,,,,,,,,,,,,,,,
4182 200 0219 US,"HT-KM Pruner - 10"" Bar",T,0,T,0,STIHL,Attachments,,T,T,,,"HT-KM Pruner - 10"" Bar",204.99,,,,0,0,T,,,,,,,,929,,Attachment,KombiSystem,T,,T,,,,,,,,,,,,,,,,,,,,,,,,,,,,,,,,,,,,,,,,,
4243 740 5001 US,"HL-KM Straight Hedge Trimmer - 20"" ",T,0,T,0,STIHL,Attachments,,T,T,,,"HL-KM Straight Hedge Trimmer - 20"" ",204.99,,,,0,1,T,,,,,,,,930,,Attachment,KombiSystem,T,,T,,,,,,,,,,,,,,,,,,,,,,,,,,,,,,,,,,,,,,,,,
4243 740 5004 US,"HL-KM Adjustable Hedge Trimmer - 20""",T,0,T,0,STIHL,Attachments,,T,T,,,"HL-KM Adjustable Hedge Trimmer - 20""",299.99,,,,0,1,T,,,,,,,,931,,Attachment,KombiSystem,T,,T,,,,,,,,,,,,,,,,,,,,,,,,,,,,,,,,,,,,,,,,,
4243 740 5007 US,FH-KM Adjustable Power Scythe,T,0,T,0,STIHL,Attachments,,T,T,,,FH-KM Adjustable Power Scythe,289.99,,,,0,0,T,,,,,,,,932,,Attachment,KombiSystem,T,,T,,,,,,,,,,,,,,,,,,,,,,,,,,,,,,,,,,,,,,,,,
4243 740 5009 US,"HL-KM Adjustable Hedge Trimmer - 24""",T,0,T,0,STIHL,Attachments,,T,T,,,"HL-KM Adjustable Hedge Trimmer - 24""",319.99,,,,0,1,T,,,,,,,,933,,Attachment,KombiSystem,T,,T,,,,,,,,,,,,,,,,,,,,,,,,,,,,,,,,,,,,,,,,,
4243 740 5010 US,"HL-KM Straight Hedge Trimmer - 24"" ",T,0,T,0,STIHL,Attachments,,T,T,,,"HL-KM Straight Hedge Trimmer - 24"" ",215.99,,,,0,1,T,,,,,,,,934,,Attachment,KombiSystem,T,,T,,,,,,,,,,,,,,,,,,,,,,,,,,,,,,,,,,,,,,,,,
4601 740 4900 US,KW-KM PowerSweep,T,0,T,0,STIHL,Attachments,,T,T,,,KW-KM PowerSweep,379.99,,,,0,1,T,,,,,,,,948,,Attachment,KombiSystem,T,,T,,,,,,,,,,,,,,,,,,,,,,,,,,,,,,,,,,,,,,,,,
4601 740 4901 US,KB-KM Bristle Brush,T,0,T,0,STIHL,Attachments,,T,T,,,KB-KM Bristle Brush,319.99,,,,0,1,T,,,,,,,,949,,Attachment,KombiSystem,T,,T,,,,,,,,,,,,,,,,,,,,,,,,,,,,,,,,,,,,,,,,,
4601 740 5001 US,BF-KM Mini-Culitvator,T,0,T,0,STIHL,Attachments,,T,T,,,BF-KM Mini-Culitvator,224.99,,,,0,1,T,,,,,,,,950,,Attachment,KombiSystem,T,,T,,,,,,,,,,,,,,,,,,,,,,,,,,,,,,,,,,,,,,,,,
4606 740 5001 US,BG-KM Blower,T,0,T,0,STIHL,Attachments,,T,T,,,BG-KM Blower,159.99,,,,0,0,T,,,,,,,,951,,Attachment,KombiSystem,T,,T,,,,,,,,,,,,,,,,,,,,,,,,,,,,,,,,,,,,,,,,,
FA03 200 0021 US,FSS-KM Hi-Torque Trimmer Attachment,T,0,T,0,STIHL,Attachments,,T,T,,,FSS-KM Hi-Torque Trimmer Attachment,129.99,,,,0,1,T,,,,,,,,960,,Attachment,KombiSystem,T,,T,,,,,,,,,,,,,,,,,,,,,,,,,,,,,,,,,,,,,,,,,
WA00 007 1000,"Mulching Kit (48"" Deck)",T,100,T,1,STIHL,Attachments,,T,T,,,"Mulching Kit (48"" Deck)",213.99,,,,0,0,T,,,,,,,,892,,Attachment,Attachment,T,,F,,,,,,,,,,,,,,,,,,,,,,,,,,,,T,,,T,,,,,,,,,,
WA00 007 1005,"Mulching Kit (52"" Deck)",T,100,T,1,STIHL,Attachments,,T,T,,,"Mulching Kit (52"" Deck)",235.99,,,,0,0,T,,,,,,,,894,,Attachment,Attachment,T,,F,,,,,,,,,,,,,,,,,,,,,,,,,,,,,T,,,T,,,,,,,,,
WA00 007 1011,"Mulching Kit (60"" Deck)",T,100,T,1,STIHL,Attachments,,T,T,,,"Mulching Kit (60"" Deck)",256.99,,,,0,0,T,,,,,,,,897,,Attachment,Attachment,T,,F,,,,,,,,,,,,,,,,,,,,,,,,,,,,,,,,,,,,,,,,,
WA00 007 1030,"Striping Kit (48"" / 52"" Deck)",T,100,T,1,STIHL,Attachments,,T,T,,,"Striping Kit (48"" / 52"" Deck)",213.99,,,,0,0,T,,,,,,,,898,,Attachment,Attachment,T,,F,,,,,,,,,,,,,,,,,,,,,,,,,,,,T,,,,,,,,,,,,,
WA00 011 1700,Leaf Blower Attachment,T,0,T,0,STIHL,Attachments,RIDING,T,T,Handheld,F,Leaf Blower Attachment,2249.99,,,,0,0,T,,,,,,,,875,,Attachment,Attachment,T,,F,,,,,,,,,,,,,,,,,,,,,,,,,,,,T,T,T,T,T,T,,,,,,,,
WA00 700 9700,12 Bushel 3-Bag Hard Top M.C.S. w/Blower,T,300,T,3,STIHL,Attachments,RIDING,T,T,Handheld,F,12 Bushel 3-Bag Hard Top M.C.S. w/Blower,3999.99,,,,0,0,T,,,,,,,,876,,Attachment,Attachment,T,,F,,,,,,,,,,,,,,,,,,,,,,,,,,,,,,,T,T,T,,,,,,,,
WB00 007 1005,"Mulching Kit (42"" Deck)",T,100,T,1,STIHL,Attachments,,T,T,,,"Mulching Kit (42"" Deck)",213.99,,,,0,0,T,,,,,,,,902,,Attachment,Attachment,T,,F,,,,,,,,,,,,T,,,,,,,,,,,,,,,,,,,,,,,,,,,,,
WB00 007 1010,LED Light Kit,T,100,T,1,STIHL,Attachments,,T,T,,,LED Light Kit,69.99,,,,0,0,T,,,,,,,,903,,Attachment,Attachment,T,,F,,,,,,,,,,,,T,T,T,,,,,,,,,,,,,,,,,,,,,,,,,,,
WB00 007 1015,"Mulching Kit (52"" Deck)",T,100,T,1,STIHL,Attachments,,T,T,,,"Mulching Kit (52"" Deck)",246.99,,,,0,0,T,,,,,,,,904,,Attachment,Attachment,T,,F,,,,,,,,,,,,,T,,,,,,,,,,,,,,,,,,,,,,,,,,,,
WB00 007 1020,"Mulching Kit (61"" Deck)",T,100,T,1,STIHL,Attachments,,T,T,,,"Mulching Kit (61"" Deck)",213.99,,,,0,0,T,,,,,,,,905,,Attachment,Attachment,T,,F,,,,,,,,,,,,,,T,,,,,,,,,,,,,,,,,,,,,,,,,,,
WB00 007 1025,"Mulching Kit (52"" Deck)",T,100,T,1,STIHL,Attachments,,T,T,,,"Mulching Kit (52"" Deck)",213.99,,,,0,0,T,,,,,,,,906,,Attachment,Attachment,T,,F,,,,,,,,,,,,,,,T,,,T,T,T,,,,,,,,,,,,,,,,,,,,,
WB00 007 1030,"Striping Kit (52"" Deck)",T,100,T,1,STIHL,Attachments,,T,T,,,"Striping Kit (52"" Deck)",42.99,,,,0,0,T,,,,,,,,907,,Attachment,Attachment,T,,F,,,,,,,,,,,,,,,T,,,T,T,T,,,,,,,,,,,,,,,,,,,,,
WB00 007 1035,"Mulching Kit (60"" Deck)",T,100,T,1,STIHL,Attachments,,T,T,,,"Mulching Kit (60"" Deck)",213.99,,,,0,0,T,,,,,,,,908,,Attachment,Attachment,T,,F,,,,,,,,,,,,,,,,T,T,,,,T,T,T,T,,,,,,,,,,,,,,,,,
WB00 007 1040,"Striping Kit (60"" Deck)",T,100,T,1,STIHL,Attachments,,T,T,,,"Striping Kit (60"" Deck)",42.99,,,,0,0,T,,,,,,,,909,,Attachment,Attachment,T,,F,,,,,,,,,,,,,,,,T,T,,,,T,T,,,,,,,,,,,,,,,,,,,
WB00 007 1045,"Striping Kit (60"" Deck)",T,100,T,1,STIHL,Attachments,,T,T,,,"Striping Kit (60"" Deck)",42.99,,,,0,0,T,,,,,,,,910,,Attachment,Attachment,T,,F,,,,,,,,,,,,,,,,,,,,,,,T,T,,,,,,,,,,,,,,,,,
WB00 007 1050,"Mulching Kit (72"" Deck)",T,100,T,1,STIHL,Attachments,,T,T,,,"Mulching Kit (72"" Deck)",213.99,,,,0,0,T,,,,,,,,911,,Attachment,Attachment,T,,F,,,,,,,,,,,,,,,,,,,,,,,,,T,T,T,,,,,,,,,,,,,,
WB00 007 1055,"Striping Kit (72"" Deck)",T,100,T,1,STIHL,Attachments,,T,T,,,"Striping Kit (72"" Deck)",53.99,,,,0,0,T,,,,,,,,912,,Attachment,Attachment,T,,F,,,,,,,,,,,,,,,,,,,,,,,,,T,T,T,,,,,,,,,,,,,,
WB00 007 1060,Service Jack Mounting Kit,T,25,T,0.25,STIHL,Attachments,,T,T,,,Service Jack Mounting Kit,32.99,,,,0,0,T,,,,,,,,913,,Attachment,Attachment,T,,F,,,,,,,,,,,,,,,T,T,T,T,T,T,T,T,T,T,T,T,T,,,,,,,,,,,,,,
WB00 007 1090,Suspension Seat Kit,T,100,T,1,STIHL,Attachments,,T,T,,,Suspension Seat Kit,641.99,,,,0,0,T,,,,,,,,914,,Attachment,Attachment,T,,F,,,,,,,,,,,,,,,,,,,,,,,,,,,,,,,,,,,,,,,,,
WB00 700 9700,6.5 Bushel 2-Bag M.C.S. w/Front Weights,T,100,T,1,STIHL,Attachments,RIDING,T,T,Handheld,F,6.5 Bushel 2-Bag M.C.S. w/Front Weights,748.99,,,,0,0,T,,,,,,,,879,,Attachment,Attachment,T,,F,,,,,,,,,,,,T,T,,,,,,,,,,,,,,,,,,,,,WB01 011 3600 US,WB00 710 7600,1,Mower Boot Kit,WB01 011 3605 US,WB00 760 0500,1,Bagging Blower
WB00 700 9706,6.5 Bushel 2-Bag Collection System,T,100,T,1,STIHL,Attachments,RIDING,T,T,Handheld,F,6.5 Bushel 2-Bag Collection System,534.99,,,,0,0,T,,,,,,,,880,,Attachment,Attachment,T,,F,,,,,,,,,,,,,,T,,,,,,,,,,,,,,,,,,,,,WB00 760 0505,1,Bagging Blower,,,,
WB00 700 9711,6.5 Bushel 2-Bag Hard Top M.C.S. w/Blower,T,150,T,1.5,STIHL,Attachments,RIDING,T,T,Handheld,F,6.5 Bushel 2-Bag Hard Top M.C.S. w/Blower,2139.99,,,,0,0,T,,,,,,,,881,,Attachment,Attachment,T,,F,,,,,,,,,,,,,,,T,,,,,,,,,,,,,,,,,,,,,,,,,,
WB00 700 9716,10 Bushel 3-Bag Hard Top M.C.S. w/Blower,T,150,T,1.5,STIHL,Attachments,RIDING,T,T,Handheld,F,10 Bushel 3-Bag Hard Top M.C.S. w/Blower,2139.99,,,,0,0,T,,,,,,,,882,,Attachment,Attachment,T,,F,,,,,,,,,,,,,,,,T,T,,,,,,,,,,,,,,,,,,,,,,,,
WB00 700 9720,10 Bushel 3-Bag Soft Top M.C.S. w/Blower,T,150,T,1.5,STIHL,Attachments,RIDING,T,T,Handheld,F,10 Bushel 3-Bag Soft Top M.C.S. w/Blower,2674.99,,,,0,0,T,,,,,,,,883,,Attachment,Attachment,T,,F,,,,,,,,,,,,,,,,,,T,T,T,,,,,,,,,,,,,,,,,,,,,
WB00 700 9725,10 Bushel 3-Bag Soft Top M.C.S. w/Blower,T,150,T,1.5,STIHL,Attachments,RIDING,T,T,Handheld,F,10 Bushel 3-Bag Soft Top M.C.S. w/Blower,2674.99,,,,0,0,T,,,,,,,,884,,Attachment,Attachment,T,,F,,,,,,,,,,,,,,,,,,,,,T,T,,,,,,,,,,,,,,,,,,,
WB00 700 9730,10 Bushel 3-Bag Soft Top M.C.S. w/Blower,T,150,T,1.5,STIHL,Attachments,RIDING,T,T,Handheld,F,10 Bushel 3-Bag Soft Top M.C.S. w/Blower,2674.99,,,,0,0,T,,,,,,,,885,,Attachment,Attachment,T,,F,,,,,,,,,,,,,,,,,,,,,,,T,T,,,,,,,,,,,,,,,,,
WB00 710 7600,Mower Boot Kit,T,0,T,0,STIHL,Attachments,RIDING,T,T,Handheld,F,Mower Boot Kit,160.99,,,,0,0,T,,,,,,,,886,,Attachment,Attachment,T,,F,,,,,,,,,,,,T,,,,,,,,,,,,,,,,,,,,,,,,,,,,,
WB00 760 0500,Bagging Blower,T,100,T,1,STIHL,Attachments,RIDING,T,T,Handheld,F,Bagging Blower,641.99,,,,0,0,T,,,,,,,,887,,Attachment,Attachment,T,,F,,,,,,,,,,,,,T,,,,,,,,,,,,,,,,,,,,,,,,,,,,
WB00 760 0505,Bagging Blower,T,100,T,1,STIHL,Attachments,RIDING,T,T,Handheld,F,Bagging Blower,641.99,,,,0,0,T,,,,,,,,888,,Attachment,Attachment,T,,F,,,,,,,,,,,,,,T,,,,,,,,,,,,,,,,,,,,,,,,,,,
WB00 780 2700,Armrests,T,50,T,0.5,STIHL,Attachments,,T,T,,,Armrests,90.99,,,,0,0,T,,,,,,,,915,,Attachment,Attachment,T,,F,,,,,,,,,,,,T,T,T,,,,,,,,,,,,,,,,,,,,,,,,,,,
WB00 780 6200,Service Jack,T,0,T,0,STIHL,Attachments,,T,T,,,Service Jack,74.99,,,,0,0,T,,,,,,,,916,,Attachment,Attachment,T,,F,,,,,,,,,,,,,,,T,T,T,T,T,T,T,T,T,T,T,T,T,,,,,,,,WB00 007 1060,1,Service Jack Mounting Kit,,,,
4137 740 5009 US,FSB-KM Curved Shaft Trimmer,T,0,T,0,STIHL,Attachments,,T,T,,,FSB-KM Curved Shaft Trimmer,79.99,,,,0,0,T,,,,,,,,920,,Attachment,KombiSystem,T,,T,,,,,,,,,,,,,0,,,,,,,,,,,,,,,,,,,,,,,,,,,,
4140 710 7143,"HT-KM Steel Shaft Extension (37"")",T,0,T,0,STIHL,Attachments,,T,T,,,"HT-KM Steel Shaft Extension (37"")",95.99,,,,0,1,T,,,,,,,,921,,Attachment,KombiSystem,T,,T,,,,,,,,,,,,,0,,,,,,,,,,,,,,,,,,,,,,,,,,,,
4601 007 1008,MM56 Wheel Kit,T,0,T,0,STIHL,Attachments,,T,T,,,MM56 Wheel Kit,74.99,,,,0,1,T,,,,,,,,939,,Attachment,Yard Boss,T,,T,,,,,,,,,,,,,0,,,,,,,,,,,,,,,,,,,,,,,,,,,,
4601 740 4600 US,MM56 Lawn Aerator,T,0,T,0,STIHL,Attachments,,T,T,,,MM56 Lawn Aerator,79.99,,,,0,0,T,,,,,,,,940,,Attachment,Yard Boss,T,,T,,,,,,,,,,,,,0,,,,,,,,,,,,,,,,,,,,,,,,,,,,
4601 740 4603 US,MM56 Bed Edger,T,0,T,0,STIHL,Attachments,,T,T,,,MM56 Bed Edger,59.99,,,,0,1,T,,,,,,,,941,,Attachment,Yard Boss,T,,T,,,,,,,,,,,,,0,,,,,,,,,,,,,,,,,,,,,,,,,,,,
4601 740 4604 US,MM56 PowerSweep,T,0,T,0,STIHL,Attachments,,T,T,,,MM56 PowerSweep,219.99,,,,0,0,T,,,,,,,,942,,Attachment,Yard Boss,T,,T,,,,,,,,,,,,,0,,,,,,,,,,,,,,,,,,,,,,,,,,,,
4601 740 4605 US,MM56 Pick Tines,T,0,T,0,STIHL,Attachments,,T,T,,,MM56 Pick Tines,69.99,,,,0,0,T,,,,,,,,943,,Attachment,Yard Boss,T,,T,,,,,,,,,,,,,0,,,,,,,,,,,,,,,,,,,,,,,,,,,,
4601 740 4606 US,MM56 Bolo Tines,T,0,T,0,STIHL,Attachments,,T,T,,,MM56 Bolo Tines,69.99,,,,0,0,T,,,,,,,,944,,Attachment,Yard Boss,T,,T,,,,,,,,,,,,,0,,,,,,,,,,,,,,,,,,,,,,,,,,,,
4601 740 4607 US,MM56 Dethatcher,T,0,T,0,STIHL,Attachments,,T,T,,,MM56 Dethatcher,279.99,,,,0,0,T,,,,,,,,945,,Attachment,Yard Boss,T,,T,,,,,,,,,,,,,0,,,,,,,,,,,,,,,,,,,,,,,,,,,,
4601 740 4608 US,MM56 Bristle Brush ,T,0,T,0,STIHL,Attachments,,T,T,,,MM56 Bristle Brush ,159.99,,,,0,0,T,,,,,,,,946,,Attachment,Yard Boss,T,,T,,,,,,,,,,,,,0,,,,,,,,,,,,,,,,,,,,,,,,,,,,
4601 740 4609 US,MM56 Trimmer,T,0,T,0,STIHL,Attachments,,T,T,,,MM56 Trimmer,117.99,,,,0,0,T,,,,,,,,947,,Attachment,Yard Boss,T,,T,,,,,,,,,,,,,0,,,,,,,,,,,,,,,,,,,,,,,,,,,,
GA01 820 5001,GTA26 - 5' Extension,T,0,T,0,STIHL,Attachments,,T,T,,,GTA26 - 5' Extension,95.99,,,,0,1,T,,,,,,,,961,,Accessory,GTA,T,,T,,,,,,,,,,,,,0,,,,,,,,,,,,,,,,,,,,,,,,,,,,
