ToolSKU,Description,Model,Active,AttachmentSKU,AttachmentModel,RecommendedBatteryID1,RecommendedBatteryQty1,RecommendedChargerID1,RecommendedChargerQty1,BatteryID1,RunTimeMin1,RunTimeMax1,BatteryID2,RunTimeMin2,RunTimeMax2,BatteryID3,RunTimeMin3,RunTimeMax3,BatteryID4,RunTimeMin4,RunTimeMax4,BatteryID5,RunTimeMin5,RunTimeMax5,BatteryID6,RunTimeMin6,RunTimeMax6,BatteryID7,RunTimeMin7,RunTimeMax7,BatteryID8,RunTimeMin8,RunTimeMax8,BatteryID9,RunTimeMin9,RunTimeMax9,BatteryID10,RunTimeMin10,RunTimeMax10,ChargerID1,ChargerID2,ChargerID3,ChargerID4,ChargerID5,ChargerID6,ChargerID7,ChargerID8,ChargerID9,ChargerID10
BA08 011 5902 US,STIHL BGA30 Hand-Held Blower,BGA 30,T,,,AS2,,AL1,,AS2,8,25,,,,,,,,,,,,,,,,,,,,,,,,,,,,AL1,AL5,AL5-2,,,,,,,
BA08 011 5912 US,STIHL BGA30 w/2 - AS2 Batteries & AL1 Charger,BGA 30,T,,,AS2,,AL1,,AS2,8,25,,,,,,,,,,,,,,,,,,,,,,,,,,,,AL1,AL5,AL5-2,,,,,,,
BA05 011 5901 US,STIHL BGA50.0 Hand-Held Blower,BGA 50,T,,,AK20,,AL101,,AK10,10,55,AK20,20,115,AK30S,25,140,,,,,,,,,,,,,,,,,,,,,,,,,AL101,AL301,AL501,,,,
BA05 011 5919 US,STIHL BGA50.0 w/AK20 Battery & AL101 Charger,BGA 50,T,,,AK20,,AL101,,AK10,10,55,AK20,20,115,AK30S,25,140,,,,,,,,,,,,,,,,,,,,,,,,,AL101,AL301,AL501,,,,
4523 011 5961 US,STIHL BGA57 Hand-Held Blower,BGA 57,T,,,AK20,,AL101,,AK10,,10,AK20, ,22,AK30S,,27,,,,,,,,,,,,,,,,,,,,,,,,,AL101,AL301,AL501,,,,
4523 011 5991 US,,,,,,AK20,,AL101,,AK10,,10,AK20,,22,AK30S,,27,,,,,,,,,,,,,,,,,,,,,,,,,AL101,AL301,AL501,,,,
BA04 011 5901 US,STIHL BGA60 Hand-Held Blower,BGA 60,T,,,AK30S,,AL101,,AK10,9,50,AK20,13,105,AK30S,16,130,,,,,,,,,,,,,,,,,,,,,,,,,AL101,AL301,AL501,,,,
BA04 011 5941 US,STIHL BGA60 w/AK30 Battery & AL101 Charger,BGA 60,T,,,AK30S,,AL101,,AK10,9,50,AK20,13,105,AK30S,16,130,,,,,,,,,,,,,,,,,,,,,,,,,AL101,AL301,AL501,,,,
BA02 011 5901 US,STIHL BGA86 Hand-Held Blower,BGA 86,T,,,AP300S,,AL301,,AP20.1,14,81,AP30.1,25,144,AP100P,9,58,AP200P,19,120,AP300S,26,150,AP300P,29,185,AP300PC,29,185,AR2000L,90,588,AR3000L,135,877, , , ,,,, ,AL301,AL501,AL301-4,AL1602,,
BA02 211 0000 US,STIHL BGA86 w/AP300S Battery & AL301,BGA 86,T,,,AP300S,,AL301,,AP20.1,14,81,AP30.1,25,144,AP100P,9,58,AP200P,19,120,AP300S,26,150,AP300P,29,185,AP300PC,29,185,AR2000L,90,588,AR3000L,135,877, , , ,,,, ,AL301,AL501,AL301-4,AL1602,,
BA02 200 0010,STIHL BGA86 w/AP300S Battery & AL301,BGA 86,F,,,AP300S,,AL301,,AP20.1,14,81,AP30.1,25,144,AP100P,9,58,AP200P,19,120,AP300S,26,150,AP300P,29,185,AP300PC,29,185,AR2000L,90,588,AR3000L,135,877, , , ,,,, ,AL301,AL501,AL301-4,AL1602,,
BA09 011 5901 US,STIHL BGA160 Hand-Held Blower,BGA 160,T,,,AP300S,,AL301,,AP20.1,11,63,AP30.1,15,121,AP100P,6,45,AP200P,12,90,AP300S,15,110,AP300P,18,135,AP300PC,18,135,AR2000L,56,440,AR3000L,85,658, , , ,,,, ,AL301,AL501,AL301-4,AL1602,,
BA09 011 5910 US,STIHL BGA160 w/AP300S Battery & AL301,BGA 160,T,,,AP300S,,AL301,,AP20.1,11,63,AP30.1,15,121,AP100P,6,45,AP200P,12,90,AP300S,15,110,AP300P,18,135,AP300PC,18,135,AR2000L,56,440,AR3000L,85,658, , , ,,,, ,AL301,AL501,AL301-4,AL1602,,
BA01 011 5901 US,STIHL BGA200 Hand-Held Blower,BGA 200,T,,,AR3000L,,AL501,,AP20.1,11,50,AP30.1,13,91,AP100P,7,35,AP200P,12,72,AP300S,14,95,AP300P,18,111,AP300PC,18,111,AR2000L,54,352,AR3000L,82,526, , , ,,,, ,AL301,AL501,AL301-4,AL1602,,
BA06 011 5901 US,STIHL BGA250 Hand-Held Blower,BGA 250,T,,,AP300P,,AL301,,AP20.1,11,24,AP30.1,12,38,AP100P,7,17,AP200P,10,35,AP300S,12,40,AP300P,11,53,AP300PC,11,53,AR2000L,45,166,AR3000L,70,249,  , , ,,,, ,AL301,AL501,AL301-4,AL1602,,
BA03 011 5911 US,STIHL BGA300.1 Back-Pack Blower,BGA 300,T,,,AR3000L,,AL501,,AP20.1,11,15,AP30.1,10,25,AP100P,7,10,AP200P,8,19,AP300S,10,25,AP300P,13,30,AP300PC,13,30,AR2000L,37,92,AR3000L,60,137, , , ,,,, ,AL301,AL501,AL301-4,AL1602,,
BA11 011 5901 US,STIHL BRA200.0 Back-Pack Blower,BRA 200,T,,,AP300S,,AL301,,AP20.1,11,53,AP30.1,14,100,AP100P,7,37,AP200P,11,76,AP300S,14,97,AP300P,18,115,AP300PC,18,115,AR2000L,58,380, , , , , , ,,,, ,AL301,AL501,AL301-4,AL1602,,
BA11 011 5931 US,STIHL BRA200.0 w/AP300S Battery & AL301,BRA 200,T,,,AP300S,,AL301,,AP20.1,11,53,AP30.1,14,100,AP100P,7,37,AP200P,11,76,AP300S,14,97,AP300P,18,115,AP300PC,18,115,AR2000L,58,380, , , , , , ,,,,,AL301,AL501,AL301-4,AL1602,,
BA11 011 5921 US,STIHL BRA280.0-B Back-Pack Blower,BRA 280,T,,,AP300S,,AL301,,AP20.1,11,15,AP30.1,10,28,AP100P,7,10,AP200P,8,21,AP300S,10,25,AP300P,13,33,AP300PC,13,33, , , , ,,, ,,,,,,,AL301,AL501,AL301-4,AL1602,,
BA11 011 5951 US,STIHL BRA280.0-B w/2 AP300S Batteries & AL301,BRA 280,T,,,AP300S,2,AL301,,AP20.1,11,15,AP30.1,10,28,AP100P,7,10,AP200P,8,21,AP300S,10,25,AP300P,13,33,AP300PC,13,33, , , , ,,, ,,,,,,,AL301,AL501,AL301-4,AL1602,,
BA07 011 5901 US,STIHL BRA500.0 Back-Pack Blower,BRA 500,T,,,AP300S,,AL301,,AP20.1, ,22,AP30.1, ,30,AP100P, ,13,AP200P,15,26,AP300S,16,32,AP300P,21,41,AP300PC,21,41, , , , ,,, ,,,,,,,AL301,AL501,AL301-4,AL1602,,
BA07 011 5911 US,STIHL BRA600.0 Back-Pack Blower,BRA 600,T,,,AP300S,,AL301,,AP20.1,,22,AP30.1,11,22,AP100P, ,13,AP200P,15,23,AP300S,15,29,AP300P,19,35,AP300PC,19,35, , , ,,,, ,,,,,,,AL301,AL501,AL301-4,AL1602,,
FA10 011 5701 US,STIHL FSA30.0 Trimmer ,FSA 30,T,,,AS2,,AL1,,AS2, ,10,,,,,,,,,,,,,,,,,,,,,,,,,,,,AL1,AL5,AL5-2,,,,,,,
FA10 011 5711 US,STIHL FSA30.0 w/AS2 Battery & AL1 Charger,FSA 30,T,,,AS2,,AL1,,AS2, ,10,,,,,,,,,,,,,,,,,,,,,,,,,,,,AL1,AL5,AL5-2,,,,,,,
FA11 011 5701 US,,,,,,AK10,,AL101,,AK10, ,25,AK20, ,50,AK30S, ,60,,,,,,,,,,,,,,,,,,,,,,,,,AL101,AL301,AL501,,,,
FA11 011 5711 US,STIHL FSA50.0 w/AK10 Battery & AL101 Charger,FSA 50,T,,,AK10,,AL101,,AK10, ,25,AK20, ,50,AK30S, ,60,,,,,,,,,,,,,,,,,,,,,,,,,AL101,AL301,AL501,,,,
FA04 011 5701 US,STIHL FSA60R Trimmer,FSA 60 R,T,,,AK20,,AL101,,AK10, ,13,AK20, ,30,AK30S, ,38,,,,,,,,,,,,,,,,,,,,,,,,,AL101,AL301,AL501,,,,
FA04 011 5741 US,STIHL FSA60R w/AK20 Battery & AL101 Charger,FSA 60 R,T,,,AK20,,AL101,,AK10, ,13,AK20, ,30,AK30S, ,38,,,,,,,,,,,,,,,,,,,,,,,,,AL101,AL301,AL501,,,,
4852 011 5702 US,STIHL FSA65 Trimmer,FSA 65,T,,, ,,,,,,,,,,,,,,,,,,,,,,,,,,,,,,,,,,,,,,,,,,,
FA07 011 5701 US,STIHL FSA70.0R Trimmer,FSA 70 R,T,,,AK20,,AL101,,AK10,15,30,AK20,25,45,AK30S,30,55,,,,,,,,,,,,,,,,,,,,,,,,,AL101,AL301,AL501,,,,
FA07 011 5711 US,STIHL FSA70.0R w/AK20 Battery & AL101,FSA 70 R,T,,,AK20,,AL101,,AK10,15,30,AK20,25,45,AK30S,30,55,,,,,,,,,,,,,,,,,,,,,,,,,AL101,AL301,AL501,,,,
FA08 011 5721 US,STIHL FSA80.0R Trimmer,FSA 80 R,T,,,AK30S,,AL101,,AK10,8,12,AK20,15,25,AK30S,20,30,,,,,,,,,,,,,,,,,,,,,,,,,AL101,AL301,AL501,,,,
FA08 011 5731 US,STIHL FSA80.0R w/AK20 Battery & AL101,FSA 80 R,T,,,AK30S,,AL101,,AK10,8,12,AK20,15,25,AK30S,20,30,,,,,,,,,,,,,,,,,,,,,,,,,AL101,AL301,AL501,,,,
FA08 011 5701 US,STIHL FSA80.0 Trimmer ,FSA 80,T,,,AK30S,,AL101,,AK10,8,12,AK20,15,25,AK30S,20,30,,,,,,,,,,,,,,,,,,,,,,,,,AL101,AL301,AL501,,,,
FA08 011 5711 US,STIHL FSA80.0 w/AK20 Battery & AL101 Charger,FSA 80,T,,,AK30S,,AL101,,AK10,8,12,AK20,15,25,AK30S,20,30,,,,,,,,,,,,,,,,,,,,,,,,,AL101,AL301,AL501,,,,
FA05 011 5701 US,STIHL FSA86R Trimmer ,FSA 86 R,T,,,AP20.1,,AL301,,AP100P,,,AP20.1,,60,AP200P,,,AP30.1,,110,AP300S,,55,AP300P,,,AP300PC,,,AP500S,,65,AR2000L,,200,AR3000L,,290,,,,,AL301,AL501,AL301-4,AL1602,,
FA07 011 5721 US,STIHL FSA110.0R Trimmer ,FSA 110 R,T,,,AP300S,,AL301,,AP100P, , ,AP20.1,20,90,AP200P,,,AP30.1,35,170,AP300S,40,85,AP300P,,,AP300PC,,,AP500S,50,100,AR2000L,210,400,AR3000L,290,570,,,,,AL301,AL501,AL301-4,AL1602,,
FA08 200 0006 US,STIHL FSA120.0R Trimmer ,FSA 120 R,T,,,AP300S, ,AL301,,AP100P, , ,AP20.1,15,50,AP200P,,,AP30.1,25,90,AP300S,30,50,AP300P,,,AP300PC,,,AP500S,35,60,AR2000L,130,210,AR3000L,190,320,,,,,AL301,AL501,AL301-4,AL1602,,
FA08 011 5772 US,STIHL FSA120.0R w/AP300S Battery & AL301,FSA 120 R,T,,,AP300S,,AL301,,AP100P,,,AP20.1,15,60,AP200P,,,AP30.1,25,90,AP300S,30,50,AP300P,,,AP300PC,,,AP500S,35,60,AR2000L,130,210,AR3000L,190,320,,,,,AL301,AL501,AL301-4,AL1602,,
FA08 200 0003 US,,,,,,AP300S,,AL301,,AP100P,,,AP20.1,,50,AP200P,,,AP30.1,,,AP300S,,,AP300P,,,AP300PC,,,AP500S,,,AR2000L,,,AR3000L,,,,,,,AL301,AL501,AL301-4,AL1602,,
FA08 011 5761 US,STIHL FSA120.0 w/AP200S Battery & AL301,FSA 120,T,,,AP200P,,AL301,,AP100P,,,AP20.1,,50,AP200P,,,AP30.1,,,AP300S,,,AP300P,,,AP300PC,,,AP500S,,,AR2000L,,,AR3000L,,,,,,,AL301,AL501,AL301-4,AL1602,,
FA01 200 0011 US,STIHL FSA135R Trimmer ,FSA 135 R,T,,,AP300S,,AL301,,AP100P,,,AP20.1,,13,AP200P,,,AP30.1,24,,AP300S,25,45,AP300P,,,AP300PC,,,AP500S,30,54,AR2000L,96,170,AR3000L,138,234,,,,,AL301,AL501,AL301-4,AL1602,,
FA01 200 0006 US,STIHL FSA135 Trimmer ,FSA 135,T,,,AP300S,,AL301,,AP100P,,,AP20.1,,,AP200P,,,AP30.1,,,AP300S,,,AP300P,,,AP300PC,,,AP500S,,,AR2000L,,,AR3000L,,,,,,,AL301,AL501,AL301-4,AL1602,,
FA03 200 0008 US,STIHL FSA200.0R Trimmer ,FSA 200 R,T,,,AP300S,,AL301,,AP100P,,,AP20.1,,,AP200P,,,AP30.1,15,,AP300S,16,32,AP300P,,,AP300PC,,,AP500S,20,40,AR2000L,64,127,AR3000L,96,192,,,,,AL301,AL501,AL301-4,AL1602,,
FA03 200 0004 US,STIHL FSA200.0 Trimmer ,FSA 200,T,,,AP300S,,AL301,,AP100P,,,AP20.1,,,AP200P,,,AP30.1,15,,AP300S,16,32,AP300P,,,AP300PC,,,AP500S,20,40,AR2000L,64,127,AR3000L,96,192,,,,,AL301,AL501,AL301-4,AL1602,,
FA09 200 0010 US,STIHL FSA400.0 Trimmer ,FSA 400,T,,,AP300S,,AL301,,AP100P,,,AP20.1,,,AP200P,,,AP30.1,,,AP300S,12,20,AP300P,,,AP300PC,,,AP500S,15,25,AR2000L,,,AR3000L,,,,,,,AL301,AL501,AL301-4,AL1602,,
FA09 200 0011 US,STIHL FSA400.0K Trimmer ,FSA 400 K,T,,,AP300S,,AL301,,AP100P,,,AP20.1,,,AP200P,,,AP30.1,,,AP300S,,,AP300P,,,AP300PC,,,AP500S,,,AR2000L,,,AR3000L,,,,,,,,,,,,
GA01 011 6906 US,STIHL GTA26 Garden Pruner,GTA 26,T,,,AS2,,AL1,,AS2,,25,,,,,,,,,,,,,,,,,,,,,,,,,,,,,,,,,,,,,
GA01 011 6911 US,STIHL GTA26 w/AS2 Battery & AL1 Charger,GTA 26,T,,,AS2,,AL1,,AS2,,25,,,,,,,,,,,,,,,,,,,,,,,,,,,,,,,,,,,,,
GA05 011 6911 US,STIHL GTA30.0 w/2 - AS2 Batteries & AL5-2,GTA 30,T,,,AS2,2,AL5-2,,AS2,,50,,,,,,,,,,,,,,,,,,,,,,,,,,,,,,,,,,,,,
GA04 011 6901 US,STIHL GTA40.0 Pruner,GTA 40,T,,,AS2,,AL5-2,,AS2,,50,,,,,,,,,,,,,,,,,,,,,,,,,,,,,,,,,,,,,
GA04 011 6911 US,STIHL GTA40.0 w/2 - AS2 Batteries & AL5-2,GTA 40,T,,,AS2,2,AL5-2,,AS2,,50,,,,,,,,,,,,,,,,,,,,,,,,,,,,,,,,,,,,,
FA08 011 6801 US,STIHL KMA80.0R KombiMotor ,KMA 80 R,T,4180 200 0471 US,FS-KM Straight Shaft Trimmer,,,,,AK10,5,10,AK20,10,20,AK30S,15,25,,,,,,,,,,,,,,,,,,,,,,,,,,,,,,,
FA08 011 6801 US,STIHL KMA80.0R KombiMotor ,KMA 80 R,T,4180 200 0472 US,FS-KM 4-Tooth Grass Blade,,,,,AK10,10,20,AK20,20,40,AK30S,30,50,,,,,,,,,,,,,,,,,,,,,,,,,,,,,,,
FA08 011 6801 US,STIHL KMA80.0R KombiMotor ,KMA 80 R,T,4180 740 5000 US,FBD-KM Bed Redefiner,,,,,AK10,,5,AK20,,10,AK30S,,12,,,,,,,,,,,,,,,,,,,,,,,,,,,,,,,
FA08 011 6801 US,STIHL KMA80.0R KombiMotor ,KMA 80 R,T,4180 740 5003 US,FCB-KM Curved Lawn Edger,,,,,AK10,8,12,AK20,15,25,AK30S,20,30,,,,,,,,,,,,,,,,,,,,,,,,,,,,,,,
FA08 011 6801 US,STIHL KMA80.0R KombiMotor ,KMA 80 R,T,4180 740 5007 US,RG-KM Reciprocator,,,,,AK10,10,12,AK20,25,45,AK30S,35,55,,,,,,,,,,,,,,,,,,,,,,,,,,,,,,,
FA08 011 6801 US,STIHL KMA80.0R KombiMotor ,KMA 80 R,T,4180 740 5009 US,FCS-KM Straight Lawn Edger,,,,,AK10,8,12,AK20,15,25,AK30S,20,30,,,,,,,,,,,,,,,,,,,,,,,,,,,,,,,
FA08 011 6801 US,STIHL KMA80.0R KombiMotor ,KMA 80 R,T,4182 200 0210 US,"HT-KM Pruner - 12"" Bar",,,,,AK10,10,20,AK20,20,40,AK30S,25,50,,,,,,,,,,,,,,,,,,,,,,,,,,,,,,,
FA08 011 6801 US,STIHL KMA80.0R KombiMotor ,KMA 80 R,T,4182 200 0219 US,"HT-KM Pruner - 10"" Bar",,,,,AK10,10,20,AK20,20,40,AK30S,25,50,,,,,,,,,,,,,,,,,,,,,,,,,,,,,,,
FA08 011 6801 US,STIHL KMA80.0R KombiMotor ,KMA 80 R,T,4243 740 5001 US,"HL-KM Straight Hedge Trimmer - 20"" ",,,,,AK10,35,50,AK20,70,100,AK30S,90,130,,,,,,,,,,,,,,,,,,,,,,,,,,,,,,,
FA08 011 6801 US,STIHL KMA80.0R KombiMotor ,KMA 80 R,T,4243 740 5004 US,"HL-KM Adjustable Hedge Trimmer - 20""",,,,,AK10,35,50,AK20,70,100,AK30S,90,130,,,,,,,,,,,,,,,,,,,,,,,,,,,,,,,
FA08 011 6801 US,STIHL KMA80.0R KombiMotor ,KMA 80 R,T,4243 740 5007 US,FH-KM Adjustable Power Scythe,,,,,AK10,35,50,AK20,70,100,AK30S,90,130,,,,,,,,,,,,,,,,,,,,,,,,,,,,,,,
FA08 011 6801 US,STIHL KMA80.0R KombiMotor ,KMA 80 R,T,4243 740 5009 US,"HL-KM Adjustable Hedge Trimmer - 24""",,,,,AK10,35,50,AK20,70,100,AK30S,90,130,,,,,,,,,,,,,,,,,,,,,,,,,,,,,,,
FA08 011 6801 US,STIHL KMA80.0R KombiMotor ,KMA 80 R,T,4243 740 5010 US,"HL-KM Straight Hedge Trimmer - 24"" ",,,,,AK10,35,50,AK20,70,100,AK30S,90,130,,,,,,,,,,,,,,,,,,,,,,,,,,,,,,,
FA08 011 6801 US,STIHL KMA80.0R KombiMotor ,KMA 80 R,T,4601 740 4900 US,KW-KM PowerSweep,,,,,AK10,10,15,AK20,25,30,AK30S,30,35,,,,,,,,,,,,,,,,,,,,,,,,,,,,,,,
FA08 011 6801 US,STIHL KMA80.0R KombiMotor ,KMA 80 R,T,4601 740 4901 US,KB-KM Bristle Brush,,,,,AK10,10,15,AK20,25,30,AK30S,30,35,,,,,,,,,,,,,,,,,,,,,,,,,,,,,,,
FA08 011 6801 US,STIHL KMA80.0R KombiMotor ,KMA 80 R,T,4601 740 5001 US,BF-KM Mini-Culitvator,,,,,AK10,10,15,AK20,25,30,AK30S,30,35,,,,,,,,,,,,,,,,,,,,,,,,,,,,,,,
FA08 011 6801 US,STIHL KMA80.0R KombiMotor ,KMA 80 R,T,4606 740 5001 US,BG-KM Blower,,,,,AK10,5,10,AK20,10,20,AK30S,15,25,,,,,,,,,,,,,,,,,,,,,,,,,,,,,,,
FA08 011 6821 US,STIHL KMA120.0R KombiMotor ,KMA 120 R,T,4180 200 0471 US,FS-KM Straight Shaft Trimmer,,,,,AP200S,15,30,AP300S,25,50,AP500S,30,60,AR2000L,90,180,AR3000L,130,270,,,,,,,,,,,,,,,,,,,,,,,,,
FA08 011 6821 US,STIHL KMA120.0R KombiMotor ,KMA 120 R,T,4180 200 0472 US,FS-KM 4-Tooth Grass Blade,,,,,AP200S,35,60,AP300S,55,100,AP500S,60,120,AR2000L,90,180,AR3000L,130,270,,,,,,,,,,,,,,,,,,,,,,,,,
FA08 011 6821 US,STIHL KMA120.0R KombiMotor ,KMA 120 R,T,4180 740 5000 US,FBD-KM Bed Redefiner,,,,,AP200S,,12,AP300S,,20,AP500S,,25,AR2000L,,70,AR3000L,,105,,,,,,,,,,,,,,,,,,,,,,,,,
FA08 011 6821 US,STIHL KMA120.0R KombiMotor ,KMA 120 R,T,4180 740 5003 US,FCB-KM Curved Lawn Edger,,,,,AP200S,20,30,AP300S,30,45,AP500S,35,55,AR2000L,100,170,AR3000L,150,250,,,,,,,,,,,,,,,,,,,,,,,,,
FA08 011 6821 US,STIHL KMA120.0R KombiMotor ,KMA 120 R,T,4180 740 5007 US,RG-KM Reciprocator,,,,,AP200S,55,85,AP300S,65,100,AP500S,80,120,AR2000L,240,350,AR3000L,360,520,,,,,,,,,,,,,,,,,,,,,,,,,
FA08 011 6821 US,STIHL KMA120.0R KombiMotor ,KMA 120 R,T,4180 740 5009 US,FCS-KM Straight Lawn Edger,,,,,AP200S,20,30,AP300S,30,45,AP500S,35,55,AR2000L,100,170,AR3000L,150,250,,,,,,,,,,,,,,,,,,,,,,,,,
FA08 011 6821 US,STIHL KMA120.0R KombiMotor ,KMA 120 R,T,4182 200 0210 US,"HT-KM Pruner - 12"" Bar",,,,,AP200S,35,70,AP300S,40,85,AP500S,45,100,AR2000L,130,300,AR3000L,200,450,,,,,,,,,,,,,,,,,,,,,,,,,
FA08 011 6821 US,STIHL KMA120.0R KombiMotor ,KMA 120 R,T,4182 200 0219 US,"HT-KM Pruner - 10"" Bar",,,,,AP200S,35,70,AP300S,40,85,AP500S,45,100,AR2000L,130,300,AR3000L,200,450,,,,,,,,,,,,,,,,,,,,,,,,,
FA08 011 6821 US,STIHL KMA120.0R KombiMotor ,KMA 120 R,T,4243 740 5001 US,"HL-KM Straight Hedge Trimmer - 20"" ",,,,,AP200S,90,130,AP300S,160,240,AP500S,190,290,AR2000L,560,860,AR3000L,840,1290,,,,,,,,,,,,,,,,,,,,,,,,,
FA08 011 6821 US,STIHL KMA120.0R KombiMotor ,KMA 120 R,T,4243 740 5004 US,"HL-KM Adjustable Hedge Trimmer - 20""",,,,,AP200S,90,130,AP300S,160,240,AP500S,190,290,AR2000L,560,860,AR3000L,840,1290,,,,,,,,,,,,,,,,,,,,,,,,,
FA08 011 6821 US,STIHL KMA120.0R KombiMotor ,KMA 120 R,T,4243 740 5007 US,FH-KM Adjustable Power Scythe,,,,,AP200S,90,130,AP300S,160,240,AP500S,190,290,AR2000L,560,860,AR3000L,840,1290,,,,,,,,,,,,,,,,,,,,,,,,,
FA08 011 6821 US,STIHL KMA120.0R KombiMotor ,KMA 120 R,T,4243 740 5009 US,"HL-KM Adjustable Hedge Trimmer - 24""",,,,,AP200S,90,130,AP300S,160,240,AP500S,190,290,AR2000L,560,860,AR3000L,840,1290,,,,,,,,,,,,,,,,,,,,,,,,,
FA08 011 6821 US,STIHL KMA120.0R KombiMotor ,KMA 120 R,T,4243 740 5010 US,"HL-KM Straight Hedge Trimmer - 24"" ",,,,,AP200S,90,130,AP300S,160,240,AP500S,190,290,AR2000L,560,860,AR3000L,840,1290,,,,,,,,,,,,,,,,,,,,,,,,,
FA08 011 6821 US,STIHL KMA120.0R KombiMotor ,KMA 120 R,T,4601 740 4900 US,KW-KM PowerSweep,,,,,AP200S,40,50,AP300S,50,60,AP500S,60,70,AR2000L,180,270,AR3000L,270,320,,,,,,,,,,,,,,,,,,,,,,,,,
FA08 011 6821 US,STIHL KMA120.0R KombiMotor ,KMA 120 R,T,4601 740 4901 US,KB-KM Bristle Brush,,,,,AP200S,40,50,AP300S,50,60,AP500S,60,70,AR2000L,180,210,AR3000L,270,320,,,,,,,,,,,,,,,,,,,,,,,,,
FA08 011 6821 US,STIHL KMA120.0R KombiMotor ,KMA 120 R,T,4601 740 5001 US,BF-KM Mini-Culitvator,,,,,AP200S,30,35,AP300S,50,60,AP500S,60,70,AR2000L,180,210,AR3000L,270,320,,,,,,,,,,,,,,,,,,,,,,,,,
FA08 011 6821 US,STIHL KMA120.0R KombiMotor ,KMA 120 R,T,4606 740 5001 US,BG-KM Blower,,,,,AP200S,15,25,AP300S,35,50,AP500S,30,55,AR2000L,75,175,AR3000L,110,260,,,,,,,,,,,,,,,,,,,,,,,,,
FA02 011 6801 US,STIHL KMA135R KombiMotor ,KMA 135 R,T,4180 200 0471 US,FS-KM Straight Shaft Trimmer,,,,,AP200S,14,30,AP300S,22,47,AP500S,26,54,AR2000L,81,170,AR3000L,120,250,,,,,,,,,,,,,,,,,,,,,,,,,
FA02 011 6801 US,STIHL KMA135R KombiMotor ,KMA 135 R,T,4180 200 0472 US,FS-KM 4-Tooth Grass Blade,,,,,AP200S,30,60,AP300S,50,93,AP500S,60,120,AR2000L,170,325,AR3000L,240,470,,,,,,,,,,,,,,,,,,,,,,,,,
FA02 011 6801 US,STIHL KMA135R KombiMotor ,KMA 135 R,T,4180 740 5000 US,FBD-KM Bed Redefiner,,,,,AP200S,,9,AP300S,,,AP500S,,,AR2000L,,60,AR3000L,,90,,,,,,,,,,,,,,,,,,,,,,,,,
FA02 011 6801 US,STIHL KMA135R KombiMotor ,KMA 135 R,T,4180 740 5003 US,FCB-KM Curved Lawn Edger,,,,,AP200S,12,23,AP300S,22,41,AP500S,26,49,AR2000L,75,145,AR3000L,110,210,,,,,,,,,,,,,,,,,,,,,,,,,
FA02 011 6801 US,STIHL KMA135R KombiMotor ,KMA 135 R,T,4180 740 5007 US,RG-KM Reciprocator,,,,,AP200S,,57,AP300S,,85,AP500S,,102,AR2000L,,300,AR3000L,,450,,,,,,,,,,,,,,,,,,,,,,,,,
FA02 011 6801 US,STIHL KMA135R KombiMotor ,KMA 135 R,T,4180 740 5009 US,FCS-KM Straight Lawn Edger,,,,,AP200S,12,23,AP300S,22,41,AP500S,26,49,AR2000L,75,145,AR3000L,110,210,,,,,,,,,,,,,,,,,,,,,,,,,
FA02 011 6801 US,STIHL KMA135R KombiMotor ,KMA 135 R,T,4182 200 0210 US,"HT-KM Pruner - 12"" Bar",,,,,AP200S,19,42,AP300S,36,78,AP500S,43,97,AR2000L,120,275,AR3000L,180,320,,,,,,,,,,,,,,,,,,,,,,,,,
FA02 011 6801 US,STIHL KMA135R KombiMotor ,KMA 135 R,T,4182 200 0219 US,"HT-KM Pruner - 10"" Bar",,,,,AP200S,19,42,AP300S,36,78,AP500S,43,97,AR2000L,120,275,AR3000L,180,320,,,,,,,,,,,,,,,,,,,,,,,,,
FA02 011 6801 US,STIHL KMA135R KombiMotor ,KMA 135 R,T,4243 740 5001 US,"HL-KM Straight Hedge Trimmer - 20"" ",,,,,AP200S,81,123,AP300S,152,229,AP500S,182,275,AR2000L,540,810,AR3000L,790,1150,,,,,,,,,,,,,,,,,,,,,,,,,
FA02 011 6801 US,STIHL KMA135R KombiMotor ,KMA 135 R,T,4243 740 5004 US,"HL-KM Adjustable Hedge Trimmer - 20""",,,,,AP200S,81,123,AP300S,152,229,AP500S,182,275,AR2000L,540,810,AR3000L,790,1150,,,,,,,,,,,,,,,,,,,,,,,,,
FA02 011 6801 US,STIHL KMA135R KombiMotor ,KMA 135 R,T,4243 740 5007 US,FH-KM Adjustable Power Scythe,,,,,AP200S,81,123,AP300S,152,229,AP500S,182,275,AR2000L,540,810,AR3000L,790,1150,,,,,,,,,,,,,,,,,,,,,,,,,
FA02 011 6801 US,STIHL KMA135R KombiMotor ,KMA 135 R,T,4243 740 5009 US,"HL-KM Adjustable Hedge Trimmer - 24""",,,,,AP200S,81,123,AP300S,152,229,AP500S,182,275,AR2000L,540,810,AR3000L,790,1150,,,,,,,,,,,,,,,,,,,,,,,,,
FA02 011 6801 US,STIHL KMA135R KombiMotor ,KMA 135 R,T,4243 740 5010 US,"HL-KM Straight Hedge Trimmer - 24"" ",,,,,AP200S,81,123,AP300S,152,229,AP500S,182,275,AR2000L,540,810,AR3000L,790,1150,,,,,,,,,,,,,,,,,,,,,,,,,
FA02 011 6801 US,STIHL KMA135R KombiMotor ,KMA 135 R,T,4601 740 4900 US,KW-KM PowerSweep,,,,,AP200S,25,31,AP300S,46,57,AP500S,55,68,AR2000L,160,200,AR3000L,230,300,,,,,,,,,,,,,,,,,,,,,,,,,
FA02 011 6801 US,STIHL KMA135R KombiMotor ,KMA 135 R,T,4601 740 4901 US,KB-KM Bristle Brush,,,,,AP200S,25,31,AP300S,46,57,AP500S,55,68,AR2000L,160,200,AR3000L,230,300,,,,,,,,,,,,,,,,,,,,,,,,,
FA02 011 6801 US,STIHL KMA135R KombiMotor ,KMA 135 R,T,4601 740 5001 US,BF-KM Mini-Culitvator,,,,,AP200S,25,31,AP300S,46,57,AP500S,55,68,AR2000L,160,200,AR3000L,230,300,,,,,,,,,,,,,,,,,,,,,,,,,
FA02 011 6801 US,STIHL KMA135R KombiMotor ,KMA 135 R,T,4606 740 5001 US,BG-KM Blower,,,,,AP200S,10,26,AP300S,19,48,AP500S,23,58,AR2000L,60,170,AR3000L,90,245,,,,,,,,,,,,,,,,,,,,,,,,,
FA03 011 6801 US,STIHL KMA200R KombiMotor ,KMA 200 R,T,4180 200 0471 US,FS-KM Straight Shaft Trimmer,,,,,AP200S,,,AP300S,,,AP500S,,,AR2000L,,,AR3000L,,,,,,,,,,,,,,,,,,,,,,,,,,,
FA03 011 6801 US,STIHL KMA200R KombiMotor ,KMA 200 R,T,4180 200 0472 US,FS-KM 4-Tooth Grass Blade,,,,,AP200S,,,AP300S,,,AP500S,,,AR2000L,,,AR3000L,,,,,,,,,,,,,,,,,,,,,,,,,,,
FA03 011 6801 US,STIHL KMA200R KombiMotor ,KMA 200 R,T,4180 740 5000 US,FBD-KM Bed Redefiner,,,,,AP200S,,,AP300S,,,AP500S,,,AR2000L,,,AR3000L,,,,,,,,,,,,,,,,,,,,,,,,,,,
FA03 011 6801 US,STIHL KMA200R KombiMotor ,KMA 200 R,T,4180 740 5003 US,FCB-KM Curved Lawn Edger,,,,,AP200S,11,22,AP300S,17,34,AP500S,20,40,AR2000L,60,120,AR3000L,90,180,,,,,,,,,,,,,,,,,,,,,,,,,
FA03 011 6801 US,STIHL KMA200R KombiMotor ,KMA 200 R,T,4180 740 5007 US,RG-KM Reciprocator,,,,,AP200S,27,37,AP300S,42,56,AP500S,50,66,AR2000L,150,200,AR3000L,210,290,,,,,,,,,,,,,,,,,,,,,,,,,
FA03 011 6801 US,STIHL KMA200R KombiMotor ,KMA 200 R,T,4180 740 5009 US,FCS-KM Straight Lawn Edger,,,,,AP200S,11,22,AP300S,17,34,AP500S,20,40,AR2000L,60,120,AR3000L,90,180,,,,,,,,,,,,,,,,,,,,,,,,,
FA03 011 6801 US,STIHL KMA200R KombiMotor ,KMA 200 R,T,4182 200 0210 US,"HT-KM Pruner - 12"" Bar",,,,,AP200S,7,24,AP300S,11,37,AP500S,14,44,AR2000L,40,75,AR3000L,60,190,,,,,,,,,,,,,,,,,,,,,,,,,
FA03 011 6801 US,STIHL KMA200R KombiMotor ,KMA 200 R,T,4182 200 0219 US,"HT-KM Pruner - 10"" Bar",,,,,AP200S,7,24,AP300S,11,37,AP500S,14,44,AR2000L,40,75,AR3000L,60,190,,,,,,,,,,,,,,,,,,,,,,,,,
FA03 011 6801 US,STIHL KMA200R KombiMotor ,KMA 200 R,T,4243 740 5001 US,"HL-KM Straight Hedge Trimmer - 20"" ",,,,,AP200S,31,55,AP300S,48,84,AP500S,57,99,AR2000L,170,300,AR3000L,250,440,,,,,,,,,,,,,,,,,,,,,,,,,
FA03 011 6801 US,STIHL KMA200R KombiMotor ,KMA 200 R,T,4243 740 5004 US,"HL-KM Adjustable Hedge Trimmer - 20""",,,,,AP200S,31,55,AP300S,48,84,AP500S,57,99,AR2000L,170,300,AR3000L,250,440,,,,,,,,,,,,,,,,,,,,,,,,,
FA03 011 6801 US,STIHL KMA200R KombiMotor ,KMA 200 R,T,4243 740 5007 US,FH-KM Adjustable Power Scythe,,,,,AP200S,31,55,AP300S,48,84,AP500S,57,99,AR2000L,170,300,AR3000L,250,440,,,,,,,,,,,,,,,,,,,,,,,,,
FA03 011 6801 US,STIHL KMA200R KombiMotor ,KMA 200 R,T,4243 740 5009 US,"HL-KM Adjustable Hedge Trimmer - 24""",,,,,AP200S,31,55,AP300S,48,84,AP500S,57,99,AR2000L,170,300,AR3000L,250,440,,,,,,,,,,,,,,,,,,,,,,,,,
FA03 011 6801 US,STIHL KMA200R KombiMotor ,KMA 200 R,T,4243 740 5010 US,"HL-KM Straight Hedge Trimmer - 24"" ",,,,,AP200S,31,55,AP300S,48,84,AP500S,57,99,AR2000L,170,300,AR3000L,250,440,,,,,,,,,,,,,,,,,,,,,,,,,
FA03 011 6801 US,STIHL KMA200R KombiMotor ,KMA 200 R,T,4601 740 4900 US,KW-KM PowerSweep,,,,,AP200S,,,AP300S,,,AP500S,,,AR2000L,,,AR3000L,,,,,,,,,,,,,,,,,,,,,,,,,,,
FA03 011 6801 US,STIHL KMA200R KombiMotor ,KMA 200 R,T,4601 740 4901 US,KB-KM Bristle Brush,,,,,AP200S,19,27,AP300S,30,42,AP500S,35,50,AR2000L,100,150,AR3000L,150,220,,,,,,,,,,,,,,,,,,,,,,,,,
FA03 011 6801 US,STIHL KMA200R KombiMotor ,KMA 200 R,T,4601 740 5001 US,BF-KM Mini-Culitvator,,,,,AP200S,24,37,AP300S,37,56,AP500S,44,66,AR2000L,130,200,AR3000L,190,290,,,,,,,,,,,,,,,,,,,,,,,,,
FA03 011 6801 US,STIHL KMA200R KombiMotor ,KMA 200 R,T,4606 740 5001 US,BG-KM Blower,,,,,AP200S,7,24,AP300S,11,37,AP500S,14,44,AR2000L,40,75,AR3000L,60,190,,,,,,,,,,,,,,,,,,,,,,,,,
FA03 011 6801 US,STIHL KMA200R KombiMotor ,KMA 200 R,T,FA03 200 0021 US,FSS-KM Hi-Torque Trimmer Attachment,,,,,AP200S,,,AP300S,16,32,AP500S,20,40,AR2000L,,,AR3000L,,,,,,,,,,,,,,,,,,,,,,,,,,,
HA03 011 3501 US,STIHL HSA26 Garden Shears,HSA 26,T,,,,,,,,,,,,,,,,,,,,,,,,,,,,,,,,,,,,,,,,,,,,,,
HA03 011 3507 US,STIHL HSA26 w/AS2 Battery & AL1 Charger,HSA 26,T,,,,,,,,,,,,,,,,,,,,,,,,,,,,,,,,,,,,,,,,,,,,,,
HA08 011 3502 US,"STIHL HSA30.0 - 18"" Hedge Trimmer ",HSA 30,T,,,AS2,,AL1,,AS2,,50,,,,,,,,,,,,,,,,,,,,,,,,,,,,,,,,,,,,,
HA08 011 3509 US,"STIHL HSA30.0 - 18"" w/AS2 Battery & AL1 Charger",HSA 30,T,,,AS2,,AL1,,AS2,,50,,,,,,,,,,,,,,,,,,,,,,,,,,,,,,,,,,,,,
HA08 011 3522 US,"STIHL HSA40.0 - 20"" Hedge Trimmer",HSA 40,T,,,AS2,,AL1,,AS2,,40,,,,,,,,,,,,,,,,,,,,,,,,,,,,,,,,,,,,,
HA08 011 3529 US,"STIHL HSA40.0 - 20"" w/2 - AS2 Batteries & AL1",HSA 40,T,,,AS2,,AL1,,AS2,,40,,,,,,,,,,,,,,,,,,,,,,,,,,,,,,,,,,,,,
4521 011 3561 US,"STIHL HSA50.1 - 20"" Hedge Trimmer",HSA 50,T,,,AK10,1,AL101,1,AK10,,50,AK20,,100,AK30S,,130,,,,,,,,,,,,,,,,,,,,,,,,,,,,,,,
4521 011 3571 US,"STIHL HSA50.1 - 20"" w/AK10 Battery & AL101",HSA 50,T,,,AK10,1,AL101,1,AK10,,50,AK20,,100,AK30S,,130,,,,,,,,,,,,,,,,,,,,,,,,,,,,,,,
HA06 011 3501 US,"STIHL HSA60.0 - 24"" Hedge Trimmer",HSA 60,T,,,AK10,1,AL101,1,AK10, ,70,AK20,,140,AK30S,,175,,,,,,,,,,,,,,,,,,,,,,,,,,,,,,,
HA06 011 3541 US,"STIHL HSA60.1 - 24"" w/AK10 Battery & AL101",HSA 60,T,,,AK10,1,AL101,1,AK10,,70,AL20,,140,AL30S,,175,,,,,,,,,,,,,,,,,,,,,,,,,,,,,,,
HA07 011 3531 US,"STIHL HSA100.1 - 24"" Hedge Trimmer",HSA 100,T,,,AP300S,1,AL301,1,AP20.1,,116,AP30.1,,216,AP100P, ,89,AP200P,,180,AP300S,,225,AP300P,,270,AP300PC,,270,AR2000L,,1205,AR3000L,,1810,,,,,,,,,,,,,
HA02 011 3501 US,"STIHL HSA140.0R - 24"" Hedge Trimmer",HSA 140 R,T,,,AP300S,1,AL301,1,AP20.1,77,116,AP30.1,168,235,AP100P,69,97,AP200P,140,195,AP300S,175,245,AP300P,205,290,AP300PC,205,290,AR2000L,670,935,AR3000L,1005,1405,,,,,,,,,,,,,
HA02 211 0000 US,"STIHL HSA140.0R - 24"" w/AP200S Battery & AL301",HSA 140 R,T,,,AP300S,1,AL301,1,AP20.1,77,116,AP30.1,168,235,AP100P,69,97,AP200P,140,195,AP300S,175,245,AP300P,205,290,AP300PC,205,290,AR2000L,670,935,AR3000L,1005,1405,,,,,,,,,,,,,
HA02 011 3511 US,"STIHL HSA140.0T - 24"" Hedge Trimmer",HSA 140 T,T,,,AP300S,1,AL301,,AP20.1,69,108,AP30.1,144,226,AP100P,59,93,AP200P,120,185,AP300S,150,235,AP300P,180,280,AP300PC,180,280,AR2000L,580,900,AR3000L,870,1355,,,,,,,,,,,,,
HA02 011 3521 US,"STIHL HSA150.0R - 30"" Hedge Trimmer",HSA 150 R,T,,,AP300S,1,AL301,1,AP20.1,77,116,AP30.1,168,235,AP100P,69,97,AP200P,140,195,AP300S,175,245,AP300P,205,290,AP300PC,205,290,AR2000L,670,935,AR3000L,1005,1405,,,,,,,,,,,,,
HA02 211 0002 US,"STIHL HSA150.0R - 30"" w/AP200 Battery & AL301",HSA 150 R,T,,,,,,,,,,,,,,,,,,,,,,,,,,,,,,,,,,,,,,,,,,,,,,
HA02 011 3531 US,"STIHL HSA150.0T - 30"" Hedge Trimmer",HSA 150 T,T,,,,,,,,,,,,,,,,,,,,,,,,,,,,,,,,,,,,,,,,,,,,,,
HA02 211 0003 US,"STIHL HSA150.0T - 30"" w/AP200S Battery & AL301",HSA 150 T,T,,,,,,,,,,,,,,,,,,,,,,,,,,,,,,,,,,,,,,,,,,,,,,
HA02 011 3537 US,"STIHL HSA150.0T - 40"" Hedge Trimmer",HSA 150 T,T,,,,,,,,,,,,,,,,,,,,,,,,,,,,,,,,,,,,,,,,,,,,,,
HA02 211 0004 US,"STIHL HSA150.0T - 40"" w/AP200S Battery & AL301",HSA 150 T,T,,,,,,,,,,,,,,,,,,,,,,,,,,,,,,,,,,,,,,,,,,,,,,
