Active,SortOrder,APR,TermMonths,MinAmount,MaxAmount,RebateCompatible,StartDate,EndDate,Public,Display,BrandID,Group_ALL_STIHL,FSA 120,Group_RMA,Group_RM,Group_ALL_ZTR,Group_RZ100,Group_RZ200,Group_RZ500,Group_RZ700,Group_RZ752,Group_RZ900,Group_AZA,Group_RZA
T,1,0,12,500,75000,T,2026-08-01,2026-10-31,T,T,STIHL,,T,,,,,,,,,,,
T,2,0,12,5000,75000,T,2026-08-01,2026-10-31,T,T,STIHL,T,,,,,,,,,,,,
T,3,0,24,5000,75000,T,2026-08-01,2026-10-31,T,T,STIHL,T,,,,,,,,,,,,
T,4,0,24,3000,75000,T,2026-08-01,2026-10-31,T,T,STIHL,,,,,T,,,,,,,,
T,5,0,48,3000,75000,T,2026-08-01,2026-10-31,T,T,STIHL,,,,,T,,,, ,, , ,
T,6,0,60,3000,75000,T,2026-08-01,2026-10-31,T,T,STIHL,,,,,T, , , ,,,,,
T,7,0,60,3000,75000,T,2026-08-01,2026-10-31,T,T,STIHL,,,,,,, , , ,T, ,T,T
T,8,0.0299,24,1500,75000,T,2026-08-01,2026-10-31,T,T,STIHL,T,,,,,,,,,,,,
T,9,0.0399,36,3000,75000,T,2026-08-01,2026-10-31,T,T,STIHL,T,,,,,,,,,,,,
T,10,0.0499,48,4500,75000,T,2026-08-01,2026-10-31,T,T,STIHL,T,,,,,,,,,,,,
T,11,0.0599,60,6000,75000,T,2026-08-01,2026-10-31,T,T,STIHL,T,,,,,,,,,,,,
T,12,0.0599,12,500,75000,T,2026-08-01,2026-10-31,T,T,STIHL,T,,,,,,,,,,,,
T,13,0.0799,24,1500,75000,T,2026-08-01,2026-10-31,T,T,STIHL,T,,,,,,,,,,,,
T,14,0.0999,36,1500,75000,T,2026-08-01,2026-10-31,T,T,STIHL,T,,,,,,,,,,,,
T,15,0.1199,48,1500,75000,T,2026-08-01,2026-10-31,T,T,STIHL,T,,,,,,,,,,,,
T,16,0.0899,12,500,75000,T,2026-08-01,2026-10-31,T,T,STIHL,T,,,,,,,,,,,,
T,17,0.1099,24,1500,75000,T,2026-08-01,2026-10-31,T,T,STIHL,T,,,,,,,,,,,,
T,18,0.1299,36,1500,75000,T,2026-08-01,2026-10-31,T,T,STIHL,T,,,,,,,,,,,,
T,19,0.1499,48,1500,75000,T,2026-08-01,2026-10-31,T,T,STIHL,T,,,,,,,,,,,,
T,20,0.1099,36,1500,75000,T,2026-08-01,2026-10-31,T,T,STIHL,T,,,,,,,,,,,,
