"SKU","Description","Active","AssemblyAmount","AssemblyOption","AssemblyTime","BrandID","Category","DeliveryGroup","DiscountEligible","DisplayAvailability","FinancingEligible","FreightGroup","LocalDelivery","Model","MSRP","Package","PowerType","ProductType","PromoName","QtyDanbury","QtyNewMilford","RebateEligible","RebateEndDate","RebateStartDate","RebateToCustomer","SaleEndDate","SalePrice","SaleStartDate","Series","SortOrder","SpecialFinancingEligible","SubCategory","System","Taxable","AllowBackorder","BuyOnlineEligible","MaximumOnLineQty","AvailabilityRequestEligible","ShippingEligible","ShippingRateType","ShipWeight","ShipLength","ShipWidth","ShipHeight","ShippingCarrierRule","ShippingRestriction","ShipsSeparately","660770","667430","667530","660780","667440","667540","660750","667410","667510","660760","667420","667520","660810","667460","667560","660820","667480","667580","660790","667450","667550","660800","667470","667570","660830","667490","667590","660840","667500","667600","662670","668130","668940","668950","668960","668970","663510","667780","668760","668780","664240","664250","668790","664270","668800","665740","668900","668330","668890","664280","668920","665860","668770","664350","669050","664360","669060","664342","669042","664290","668820","664302","664310","669020","664320","669030","665570","669070","660420","667750","660430","658180","658190","658200","611100","652400","610900","640800","640810","662180","660860","662190","660200","649680","660960","667760","663150","668750","664230","RequiredModel1","RequiredSKU1","RequiredQty1","RequiredDescription1","RequiredModel2","RequiredSKU2","RequiredQty2","RequiredDescription2"
"06769-V45-A00","Auger Skid Shoe Kit","","0","","0","HONDA","","","","","","","","","49.99","","","","","","","","","","","","46.5","","","123","","","","","","","","","","","","","","","","","","T","T","T","T","T","T","T","T","T","T","T","T","T","T","T","T","T","T","T","T","T","T","T","T","T","T","T","T","T","T","","","","","","","","","","","","","","","","","","","","","","","","","","","","","","","","","","","","","","","","","","","","","","","","","","","","","","","","","","","","","","","","","","",""
"06768-V45-305AH","Drift Breaker Kit","","0","","0","HONDA","","","","","","","","","129.99","","","","","","","","","","","","125.82","","","124","","","","","","","","","","","","","","","","","","T","T","T","T","T","T","T","T","T","T","T","T","T","T","T","T","T","T","T","T","T","T","T","T","T","T","T","T","T","T","T","T","","","","","","","","","","","","","","","","","","","","","","","","","","","","","","","","","","","","","","","","","","","","","","","","","","","","","","","","","","","","","","","","",""
"04700-V45-000AH","Cold Weather Cab","","0","","0","HONDA","","","","","","","","","299.99","","","","","","","","","","","","297","","","125","","","","","","","","","","","","","","","","","","T","T","T","T","T","T","T","T","T","T","T","T","T","T","T","T","T","T","T","T","T","T","T","T","T","T","T","T","T","T","","","","","","","","","","","","","","","","","","","","","","","","","","","","","","","","","","","","","","","","","","","","","","","","","","","","","","","","","","","","","","","","","","",""
"08724-V45-010AH","Cover","","0","","0","HONDA","","","","","","","","","99.99","","","","","","","","","","","","96.18","","","126","","","","","","","","","","","","","","","","","","T","T","T","T","T","T","T","T","T","T","T","T","","","","","","","","","","","","","","","","","","","","","","","","","","","","","","","","","","","","","","","","","","","","","","","","","","","","","","","","","","","","","","","","","","","","","","","","","","","","","","","","","","","","",""
"08928-V45-020AH","Cover","","0","","0","HONDA","","","","","","","","","99.99","","","","","","","","","","","","94.79","","","127","","","","","","","","","","","","","","","","","","","","","","","","","","","","","","T","T","T","T","T","T","T","T","T","T","T","T","","","","","","","","","","","","","","","","","","","","","","","","","","","","","","","","","","","","","","","","","","","","","","","","","","","","","","","","","","","","","","","","","","","","","","","","",""
"08332-V45-030AH","Cover","","0","","0","HONDA","","","","","","","","","109.99","","","","","","","","","","","","100.94","","","128","","","","","","","","","","","","","","","","","","","","","","","","","","","","","","","","","","","","","","","","","","T","T","T","T","T","T","","","","","","","","","","","","","","","","","","","","","","","","","","","","","","","","","","","","","","","","","","","","","","","","","","","","","","","","","","","","","","","","","","",""
"061336-768-030AH","Cover","","0","","0","HONDA","","","","","","","","","129.99","","","","","","","","","","","","129.67","","","129","","","","","","","","","","","","","","","","","","","","","","","","","","","","","","","","","","","","","","","","","","","","","","","","T","T","","","","","","","","","","","","","","","","","","","","","","","","","","","","","","","","","","","","","","","","","","","","","","","","","","","","","","","","","","","","","","","","",""
"06176-1415-C6","No-Spill Gas Can (1.25 Gallon)","","0","","0","HONDA","","","","","","","","","29.99","","","","","","","","","","","","27.75","","","130","","","","","","","","","","","","","","","","","","T","T","T","T","T","T","T","T","T","T","T","T","T","T","T","T","T","T","T","T","T","T","T","T","T","T","T","T","T","T","T","T","","","","","","","","","","","","","","","","","","","","","","","","","","","","","","","","","","","","","","","","","","","","","","","","","","","","","","","","","","","","","","","","",""
"06176-1405-C6","No-Spill Gas Can (2.5 Gallon)","","0","","0","HONDA","","","","","","","","","39.99","","","","","","","","","","","","32.28","","","131","","","","","","","","","","","","","","","","","","T","T","T","T","T","T","T","T","T","T","T","T","T","T","T","T","T","T","T","T","T","T","T","T","T","T","T","T","T","T","T","T","","","","","","","","","","","","","","","","","","","","","","","","","","","","","","","","","","","","","","","","","","","","","","","","","","","","","","","","","","","","","","","","",""
"06176-1450C","No-Spill Gas Can (5 Gallon)","","0","","0","HONDA","","","","","","","","","49.99","","","","","","","","","","","","43.81","","","132","","","","","","","","","","","","","","","","","","T","T","T","T","T","T","T","T","T","T","T","T","T","T","T","T","T","T","T","T","T","T","T","T","T","T","T","T","T","T","T","T","","","","","","","","","","","","","","","","","","","","","","","","","","","","","","","","","","","","","","","","","","","","","","","","","","","","","","","","","","","","","","","","",""
"06176-1456C","No-Spill Kerosene Can (5 Gallon)","","0","","0","HONDA","","","","","","","","","49.99","","","","","","","","","","","","45.7","","","133","","","","","","","","","","","","","","","","","","","","","","","","","","","","","","","","","","","","","","","","","","","","","","","","","","","","","","","","","","","","","","","","","","","","","","","","","","","","","","","","","","","","","","","","","","","","","","","","","","","","","","","","","","","","","","","","","",""
"06176-1457C","No-Spill Diesel Can (5 Gallon)","","0","","0","HONDA","","","","","","","","","49.99","","","","","","","","","","","","45.7","","","134","","","","","","","","","","","","","","","","","","","","","","","","","","","","","","","","","","","","","","","","","","","","","","","","","","","","","","","","","","","","","","","","","","","","","","","","","","","","","","","","","","","","","","","","","","","","","","","","","","","","","","","","","","","","","","","","","",""
"07AAJ-E85A100","E85 Fuel Tester ","","0","","0","HONDA","","","","","","","","","59.99","","","","","","","","","","","","51.32","","","135","","","","","","","","","","","","","","","","","","","","","","","","","","","","","","","","","","","","","","","","","","","","","","","","","","","","","","","","","","","","","","","","","","","","","","","","","","","","","","","","","","","","","","","","","","","","","","","","","","","","","","","","","","","","","","","","","",""
"06176-6132C","No-Spill Nozzle Assembly","","0","","0","HONDA","","","","","","","","","19.99","","","","","","","","","","","","13.19","","","136","","","","","","","","","","","","","","","","","","","","","","","","","","","","","","","","","","","","","","","","","","","","","","","","","","","","","","","","","","","","","","","","","","","","","","","","","","","","","","","","","","","","","","","","","","","","","","","","","","","","","","","","","","","","","","","","","",""
"06176-0206","No-Spill Spout Extension","","0","","0","HONDA","","","","","","","","","9.99","","","","","","","","","","","","9.62","","","137","","","","","","","","","","","","","","","","","","","","","","","","","","","","","","","","","","","","","","","","","","","","","","","","","","","","","","","","","","","","","","","","","","","","","","","","","","","","","","","","","","","","","","","","","","","","","","","","","","","","","","","","","","","","","","","","","",""
